{
  "bricks": [
        {
            "type":                "OBSTACLE",
            "behavior":            "DEFAULT",
            "angle":               0,

            "sprite":
            {
                "source_file":     "data/images/desert1.png",
                "source_rect":     { "xpos": 70, "ypos": 10, "width": 128, "height": 128 },
                "frame_size":      { "width": 128, "height": 128 },

                "animations":
                {
                    "repeat":      true,
                    "fps":         8,
                    "data":        [0]
                }
            }
        },
        {
            "type":                "OBSTACLE",
            "behavior":            "DEFAULT",
            "angle":               0,

            "sprite":
            {
                "source_file":     "data/images/desert1.png",
                "source_rect":     { "xpos": 210, "ypos": 10, "width": 128, "height": 128 },
                "frame_size":      { "width": 128, "height": 128 },

                "animations":
                {
                    "repeat":      true,
                    "fps":         8,
                    "data":        [0]
                }
            }
        },
        {
            "type":                "OBSTACLE",
            "behavior":            "DEFAULT",
            "angle":               0,

            "sprite":
            {
                "source_file":     "data/images/desert1.png",
                "source_rect":     { "xpos": 350, "ypos": 10, "width": 144, "height": 43 },
                "frame_size":      { "width": 144, "height": 43 },

                "animations":
                {
                    "repeat":      true,
                    "fps":         8,
                    "data":        [0]
                }
            }
        },
        {
            "type":                "OBSTACLE",
            "behavior":            "DEFAULT",
            "angle":               0,

            "sprite":
            {
                "source_file":     "data/images/desert1.png",
                "source_rect":     { "xpos": 350, "ypos": 60, "width": 144, "height": 37 },
                "frame_size":      { "width": 144, "height": 37 },

                "animations":
                {
                    "repeat":      true,
                    "fps":         8,
                    "data":        [0]
                }
            }
        },
        {
            "type":                "OBSTACLE",
            "behavior":            "DEFAULT",
            "angle":               0,

            "sprite":
            {
                "source_file":     "data/images/desert1.png",
                "source_rect":     { "xpos": 10, "ypos": 10, "width": 48, "height": 16 },
                "frame_size":      { "width": 48, "height": 16 },

                "animations":
                {
                    "repeat":      true,
                    "fps":         8,
                    "data":        [0]
                }
            }
        },
        {
            "type":                "OBSTACLE",
            "behavior":            "DEFAULT",
            "angle":               0,

            "sprite":
            {
                "source_file":     "data/images/desert1.png",
                "source_rect":     { "xpos": 10, "ypos": 26, "width": 48, "height": 18 },
                "frame_size":      { "width": 48, "height": 18 },

                "animations":
                {
                    "repeat":      true,
                    "fps":         8,
                    "data":        [0]
                }
            }
        },
        {
            "type":                "OBSTACLE",
            "behavior":            "DEFAULT",
            "angle":               0,

            "sprite":
            {
                "source_file":     "data/images/desert1.png",
                "source_rect":     { "xpos": 10, "ypos": 44, "width": 48, "height": 32 },
                "frame_size":      { "width": 48, "height": 32 },

                "animations":
                {
                    "repeat":      true,
                    "fps":         8,
                    "data":        [0]
                }
            }
        },
        {
            "type":                "OBSTACLE",
            "behavior":            "DEFAULT",
            "angle":               0,

            "sprite":
            {
                "source_file":     "data/images/desert1.png",
                "source_rect":     { "xpos": 10, "ypos": 76, "width": 48, "height": 24 },
                "frame_size":      { "width": 48, "height": 24 },

                "animations":
                {
                    "repeat":      true,
                    "fps":         8,
                    "data":        [0]
                }
            }
        },
        {
            "type":                "OBSTACLE",
            "behavior":            "DEFAULT",
            "angle":               0,

            "sprite":
            {
                "source_file":     "data/images/desert1.png",
                "source_rect":     { "xpos": 10, "ypos": 110, "width": 40, "height": 72 },
                "frame_size":      { "width": 40, "height": 72 },

                "animations":
                {
                    "repeat":      true,
                    "fps":         8,
                    "data":        [0]
                }
            }
        },
        {
            "type":                "OBSTACLE",
            "behavior":            "DEFAULT",
            "angle":               0,

            "sprite":
            {
                "source_file":     "data/images/desert1.png",
                "source_rect":     { "xpos": 70, "ypos": 10, "width": 32, "height": 64 },
                "frame_size":      { "width": 32, "height": 64 },

                "animations":
                {
                    "repeat":      true,
                    "fps":         8,
                    "data":        [0]
                }
            }
        },
        {
            "type":                "OBSTACLE",
            "behavior":            "DEFAULT",
            "angle":               0,

            "sprite":
            {
                "source_file":     "data/images/desert1.png",
                "source_rect":     { "xpos": 70, "ypos": 74, "width": 32, "height": 64 },
                "frame_size":      { "width": 32, "height": 64 },

                "animations":
                {
                    "repeat":      true,
                    "fps":         8,
                    "data":        [0]
                }
            }
        },
        {
            "type":                "OBSTACLE",
            "behavior":            "DEFAULT",
            "angle":               0,

            "sprite":
            {
                "source_file":     "data/images/desert1.png",
                "source_rect":     { "xpos": 210, "ypos": 10, "width": 16, "height": 64 },
                "frame_size":      { "width": 16, "height": 64 },

                "animations":
                {
                    "repeat":      true,
                    "fps":         8,
                    "data":        [0]
                }
            }
        },
        {
            "type":                "OBSTACLE",
            "behavior":            "DEFAULT",
            "angle":               0,

            "sprite":
            {
                "source_file":     "data/images/desert1.png",
                "source_rect":     { "xpos": 210, "ypos": 74, "width": 16, "height": 64 },
                "frame_size":      { "width": 16, "height": 64 },

                "animations":
                {
                    "repeat":      true,
                    "fps":         8,
                    "data":        [0]
                }
            }
        },
        {
            "type":                "PASSABLE",
            "behavior":            "DEFAULT",
            "angle":               0,

            "sprite":
            {
                "source_file":     "data/images/desert1.png",
                "source_rect":     { "xpos": 10, "ypos": 200, "width": 26, "height": 45 },
                "frame_size":      { "width": 26, "height": 45 },

                "animations":
                {
                    "repeat":      true,
                    "fps":         8,
                    "data":        [0]
                }
            }
        },
        {
            "type":                "PASSABLE",
            "behavior":            "DEFAULT",
            "angle":               0,

            "sprite":
            {
                "source_file":     "data/images/desert1.png",
                "source_rect":     { "xpos": 37, "ypos": 200, "width": 26, "height": 45 },
                "frame_size":      { "width": 26, "height": 45 },

                "animations":
                {
                    "repeat":      true,
                    "fps":         8,
                    "data":        [0]
                }
            }
        },
        {
            "type":                "PASSABLE",
            "behavior":            "DEFAULT",
            "angle":               0,

            "sprite":
            {
                "source_file":     "data/images/desert1.png",
                "source_rect":     { "xpos": 64, "ypos": 200, "width": 26, "height": 45 },
                "frame_size":      { "width": 26, "height": 45 },

                "animations":
                {
                    "repeat":      true,
                    "fps":         8,
                    "data":        [0]
                }
            }
        },
        {
            "type":                "PASSABLE",
            "behavior":            "DEFAULT",
            "angle":               0,

            "sprite":
            {
                "source_file":     "data/images/desert1.png",
                "source_rect":     { "xpos": 91, "ypos": 200, "width": 26, "height": 45 },
                "frame_size":      { "width": 26, "height": 45 },

                "animations":
                {
                    "repeat":      true,
                    "fps":         8,
                    "data":        [0]
                }
            }
        },
        {
            "type":                "PASSABLE",
            "behavior":            "DEFAULT",
            "angle":               0,

            "sprite":
            {
                "source_file":     "data/images/desert1.png",
                "source_rect":     { "xpos": 10, "ypos": 250, "width": 26, "height": 45 },
                "frame_size":      { "width": 26, "height": 45 },

                "animations":
                {
                    "repeat":      true,
                    "fps":         8,
                    "data":        [0]
                }
            }
        },
        {
            "type":                "PASSABLE",
            "behavior":            "DEFAULT",
            "angle":               0,

            "sprite":
            {
                "source_file":     "data/images/desert1.png",
                "source_rect":     { "xpos": 37, "ypos": 250, "width": 26, "height": 45 },
                "frame_size":      { "width": 26, "height": 45 },

                "animations":
                {
                    "repeat":      true,
                    "fps":         8,
                    "data":        [0]
                }
            }
        },
        {
            "type":                "PASSABLE",
            "behavior":            "DEFAULT",
            "angle":               0,

            "sprite":
            {
                "source_file":     "data/images/desert1.png",
                "source_rect":     { "xpos": 64, "ypos": 250, "width": 26, "height": 45 },
                "frame_size":      { "width": 26, "height": 45 },

                "animations":
                {
                    "repeat":      true,
                    "fps":         8,
                    "data":        [0]
                }
            }
        },
        {
            "type":                "PASSABLE",
            "behavior":            "DEFAULT",
            "angle":               0,

            "sprite":
            {
                "source_file":     "data/images/desert1.png",
                "source_rect":     { "xpos": 91, "ypos": 250, "width": 26, "height": 45 },
                "frame_size":      { "width": 26, "height": 45 },

                "animations":
                {
                    "repeat":      true,
                    "fps":         8,
                    "data":        [0]
                }
            }
        },
        {
            "type":                "OBSTACLE",
            "behavior":            "DEFAULT",
            "angle":               0,

            "sprite":
            {
                "source_file":     "data/images/desert1.png",
                "source_rect":     { "xpos": 485, "ypos": 110, "width": 10, "height": 20 },
                "frame_size":      { "width": 10, "height": 20 },

                "animations":
                {
                    "repeat":      true,
                    "fps":         8,
                    "data":        [0]
                }
            }
        },
        {
            "type":                "OBSTACLE",
            "behavior":            "DEFAULT",
            "angle":               0,

            "sprite":
            {
                "source_file":     "data/images/desert1.png",
                "source_rect":     { "xpos": 350, "ypos": 110, "width": 20, "height": 20 },
                "frame_size":      { "width": 20, "height": 20 },

                "animations":
                {
                    "repeat":      true,
                    "fps":         8,
                    "data":        [0]
                }
            }
        },
        {
            "type":                "OBSTACLE",
            "behavior":            "DEFAULT",
            "angle":               0,

            "sprite":
            {
                "source_file":     "data/images/desert1.png",
                "source_rect":     { "xpos": 375, "ypos": 110, "width": 40, "height": 20 },
                "frame_size":      { "width": 40, "height": 20 },

                "animations":
                {
                    "repeat":      true,
                    "fps":         8,
                    "data":        [0]
                }
            }
        },
        {
            "type":                "OBSTACLE",
            "behavior":            "DEFAULT",
            "angle":               0,

            "sprite":
            {
                "source_file":     "data/images/desert1.png",
                "source_rect":     { "xpos": 420, "ypos": 110, "width": 60, "height": 20 },
                "frame_size":      { "width": 60, "height": 20 },

                "animations":
                {
                    "repeat":      true,
                    "fps":         8,
                    "data":        [0]
                }
            }
        },
        {
            "type":                "OBSTACLE",
            "behavior":            "DEFAULT",
            "angle":               0,

            "sprite":
            {
                "source_file":     "data/images/desert1.png",
                "source_rect":     { "xpos": 485, "ypos": 135, "width": 10, "height": 20 },
                "frame_size":      { "width": 10, "height": 20 },

                "animations":
                {
                    "repeat":      true,
                    "fps":         8,
                    "data":        [0]
                }
            }
        },
        {
            "type":                "OBSTACLE",
            "behavior":            "DEFAULT",
            "angle":               0,

            "sprite":
            {
                "source_file":     "data/images/desert1.png",
                "source_rect":     { "xpos": 350, "ypos": 135, "width": 20, "height": 20 },
                "frame_size":      { "width": 20, "height": 20 },

                "animations":
                {
                    "repeat":      true,
                    "fps":         8,
                    "data":        [0]
                }
            }
        },
        {
            "type":                "OBSTACLE",
            "behavior":            "DEFAULT",
            "angle":               0,

            "sprite":
            {
                "source_file":     "data/images/desert1.png",
                "source_rect":     { "xpos": 375, "ypos": 135, "width": 40, "height": 20 },
                "frame_size":      { "width": 40, "height": 20 },

                "animations":
                {
                    "repeat":      true,
                    "fps":         8,
                    "data":        [0]
                }
            }
        },
        {
            "type":                "OBSTACLE",
            "behavior":            "DEFAULT",
            "angle":               0,

            "sprite":
            {
                "source_file":     "data/images/desert1.png",
                "source_rect":     { "xpos": 420, "ypos": 135, "width": 60, "height": 20 },
                "frame_size":      { "width": 60, "height": 20 },

                "animations":
                {
                    "repeat":      true,
                    "fps":         8,
                    "data":        [0]
                }
            }
        },
        {
            "type":                "OBSTACLE",
            "behavior":            "DEFAULT",
            "angle":               0,

            "sprite":
            {
                "source_file":     "data/images/desert1.png",
                "source_rect":     { "xpos": 500, "ypos": 135, "width": 23, "height": 21 },
                "frame_size":      { "width": 23, "height": 21 },

                "animations":
                {
                    "repeat":      true,
                    "fps":         8,
                    "data":        [0]
                }
            }
        },
        {
            "type":                "OBSTACLE",
            "behavior":            "DEFAULT",
            "angle":               0,

            "sprite":
            {
                "source_file":     "data/images/desert1.png",
                "source_rect":     { "xpos": 525, "ypos": 135, "width": 41, "height": 20 },
                "frame_size":      { "width": 41, "height": 20 },

                "animations":
                {
                    "repeat":      true,
                    "fps":         8,
                    "data":        [0]
                }
            }
        },
        {
            "type":                "OBSTACLE",
            "behavior":            "DEFAULT",
            "angle":               0,

            "sprite":
            {
                "source_file":     "data/images/desert1.png",
                "source_rect":     { "xpos": 500, "ypos": 110, "width": 114, "height": 21 },
                "frame_size":      { "width": 114, "height": 21 },

                "animations":
                {
                    "repeat":      true,
                    "fps":         8,
                    "data":        [0]
                }
            }
        },
        {
            "type":                "OBSTACLE",
            "behavior":            "DEFAULT",
            "angle":               -10,

            "sprite":
            {
                "source_file":     "data/images/desert1.png",
                "source_rect":     { "xpos": 500, "ypos": 10, "width": 12, "height": 2 },
                "frame_size":      { "width": 12, "height": 2 },

                "animations":
                {
                    "repeat":      true,
                    "fps":         8,
                    "data":        [0]
                }
            }
        },
        {
            "type":                "OBSTACLE",
            "behavior":            "DEFAULT",
            "angle":               0,

            "sprite":
            {
                "source_file":     "data/images/desert1.png",
                "source_rect":     { "xpos": 500, "ypos": 12, "width": 12, "height": 8 },
                "frame_size":      { "width": 12, "height": 8 },

                "animations":
                {
                    "repeat":      true,
                    "fps":         8,
                    "data":        [0]
                }
            }
        },
        {
            "type":                "OBSTACLE",
            "behavior":            "DEFAULT",
            "angle":               10,

            "sprite":
            {
                "source_file":     "data/images/desert1.png",
                "source_rect":     { "xpos": 513, "ypos": 10, "width": 12, "height": 2 },
                "frame_size":      { "width": 12, "height": 2 },

                "animations":
                {
                    "repeat":      true,
                    "fps":         8,
                    "data":        [0]
                }
            }
        },
        {
            "type":                "OBSTACLE",
            "behavior":            "DEFAULT",
            "angle":               0,

            "sprite":
            {
                "source_file":     "data/images/desert1.png",
                "source_rect":     { "xpos": 513, "ypos": 12, "width": 12, "height": 8 },
                "frame_size":      { "width": 12, "height": 8 },

                "animations":
                {
                    "repeat":      true,
                    "fps":         8,
                    "data":        [0]
                }
            }
        },
        {
            "type":                "OBSTACLE",
            "behavior":            "DEFAULT",
            "angle":               10,

            "sprite":
            {
                "source_file":     "data/images/desert1.png",
                "source_rect":     { "xpos": 555, "ypos": 10, "width": 24, "height": 6 },
                "frame_size":      { "width": 24, "height": 6 },

                "animations":
                {
                    "repeat":      true,
                    "fps":         8,
                    "data":        [0]
                }
            }
        },
        {
            "type":                "OBSTACLE",
            "behavior":            "DEFAULT",
            "angle":               0,

            "sprite":
            {
                "source_file":     "data/images/desert1.png",
                "source_rect":     { "xpos": 555, "ypos": 16, "width": 24, "height": 7 },
                "frame_size":      { "width": 24, "height": 7 },

                "animations":
                {
                    "repeat":      true,
                    "fps":         8,
                    "data":        [0]
                }
            }
        },
        {
            "type":                "OBSTACLE",
            "behavior":            "DEFAULT",
            "angle":               -20,

            "sprite":
            {
                "source_file":     "data/images/desert1.png",
                "source_rect":     { "xpos": 530, "ypos": 24, "width": 24, "height": 8 },
                "frame_size":      { "width": 24, "height": 8 },

                "animations":
                {
                    "repeat":      true,
                    "fps":         8,
                    "data":        [0]
                }
            }
        },
        {
            "type":                "OBSTACLE",
            "behavior":            "DEFAULT",
            "angle":               0,

            "sprite":
            {
                "source_file":     "data/images/desert1.png",
                "source_rect":     { "xpos": 530, "ypos": 32, "width": 24, "height": 7 },
                "frame_size":      { "width": 24, "height": 7 },

                "animations":
                {
                    "repeat":      true,
                    "fps":         8,
                    "data":        [0]
                }
            }
        },
        {
            "type":                "OBSTACLE",
            "behavior":            "DEFAULT",
            "angle":               20,

            "sprite":
            {
                "source_file":     "data/images/desert1.png",
                "source_rect":     { "xpos": 555, "ypos": 24, "width": 24, "height": 8 },
                "frame_size":      { "width": 24, "height": 8 },

                "animations":
                {
                    "repeat":      true,
                    "fps":         8,
                    "data":        [0]
                }
            }
        },
        {
            "type":                "OBSTACLE",
            "behavior":            "DEFAULT",
            "angle":               0,

            "sprite":
            {
                "source_file":     "data/images/desert1.png",
                "source_rect":     { "xpos": 555, "ypos": 32, "width": 24, "height": 7 },
                "frame_size":      { "width": 24, "height": 7 },

                "animations":
                {
                    "repeat":      true,
                    "fps":         8,
                    "data":        [0]
                }
            }
        },
        {
            "type":                "OBSTACLE",
            "behavior":            "DEFAULT",
            "angle":               -30,

            "sprite":
            {
                "source_file":     "data/images/desert1.png",
                "source_rect":     { "xpos": 530, "ypos": 40, "width": 24, "height": 12 },
                "frame_size":      { "width": 24, "height": 12 },

                "animations":
                {
                    "repeat":      true,
                    "fps":         8,
                    "data":        [0]
                }
            }
        },
        {
            "type":                "OBSTACLE",
            "behavior":            "DEFAULT",
            "angle":               0,

            "sprite":
            {
                "source_file":     "data/images/desert1.png",
                "source_rect":     { "xpos": 530, "ypos": 52, "width": 24, "height": 7 },
                "frame_size":      { "width": 24, "height": 7 },

                "animations":
                {
                    "repeat":      true,
                    "fps":         8,
                    "data":        [0]
                }
            }
        },
        {
            "type":                "OBSTACLE",
            "behavior":            "DEFAULT",
            "angle":               30,

            "sprite":
            {
                "source_file":     "data/images/desert1.png",
                "source_rect":     { "xpos": 555, "ypos": 40, "width": 24, "height": 12 },
                "frame_size":      { "width": 24, "height": 12 },

                "animations":
                {
                    "repeat":      true,
                    "fps":         8,
                    "data":        [0]
                }
            }
        },
        {
            "type":                "OBSTACLE",
            "behavior":            "DEFAULT",
            "angle":               0,

            "sprite":
            {
                "source_file":     "data/images/desert1.png",
                "source_rect":     { "xpos": 555, "ypos": 52, "width": 24, "height": 7 },
                "frame_size":      { "width": 24, "height": 7 },

                "animations":
                {
                    "repeat":      true,
                    "fps":         8,
                    "data":        [0]
                }
            }
        },
        {
            "type":                "OBSTACLE",
            "behavior":            "DEFAULT",
            "angle":               -45,

            "sprite":
            {
                "source_file":     "data/images/desert1.png",
                "source_rect":     { "xpos": 530, "ypos": 60, "width": 24, "height": 24 },
                "frame_size":      { "width": 24, "height": 24 },

                "animations":
                {
                    "repeat":      true,
                    "fps":         8,
                    "data":        [0]
                }
            }
        },
        {
            "type":                "OBSTACLE",
            "behavior":            "DEFAULT",
            "angle":               0,

            "sprite":
            {
                "source_file":     "data/images/desert1.png",
                "source_rect":     { "xpos": 530, "ypos": 84, "width": 24, "height": 7 },
                "frame_size":      { "width": 24, "height": 7 },

                "animations":
                {
                    "repeat":      true,
                    "fps":         8,
                    "data":        [0]
                }
            }
        },
        {
            "type":                "OBSTACLE",
            "behavior":            "DEFAULT",
            "angle":               45,

            "sprite":
            {
                "source_file":     "data/images/desert1.png",
                "source_rect":     { "xpos": 555, "ypos": 60, "width": 24, "height": 24 },
                "frame_size":      { "width": 24, "height": 24 },

                "animations":
                {
                    "repeat":      true,
                    "fps":         8,
                    "data":        [0]
                }
            }
        },
        {
            "type":                "OBSTACLE",
            "behavior":            "DEFAULT",
            "angle":               0,

            "sprite":
            {
                "source_file":     "data/images/desert1.png",
                "source_rect":     { "xpos": 555, "ypos": 84, "width": 24, "height": 7 },
                "frame_size":      { "width": 24, "height": 7 },

                "animations":
                {
                    "repeat":      true,
                    "fps":         8,
                    "data":        [0]
                }
            }
        },
        {
            "type":                "PASSABLE",
            "behavior":            "DEFAULT",
            "angle":               0,

            "sprite":
            {
                "source_file":     "data/images/desert1.png",
                "source_rect":     { "xpos": 10, "ypos": 300, "width": 26, "height": 45 },
                "frame_size":      { "width": 26, "height": 45 },

                "animations":
                {
                    "repeat":      true,
                    "fps":         8,
                    "data":        [0]
                }
            }
        },
        {
            "type":                "PASSABLE",
            "behavior":            "DEFAULT",
            "angle":               0,

            "sprite":
            {
                "source_file":     "data/images/desert1.png",
                "source_rect":     { "xpos": 37, "ypos": 300, "width": 26, "height": 45 },
                "frame_size":      { "width": 26, "height": 45 },

                "animations":
                {
                    "repeat":      true,
                    "fps":         8,
                    "data":        [0]
                }
            }
        },
        {
            "type":                "PASSABLE",
            "behavior":            "DEFAULT",
            "angle":               0,

            "sprite":
            {
                "source_file":     "data/images/desert1.png",
                "source_rect":     { "xpos": 64, "ypos": 300, "width": 26, "height": 45 },
                "frame_size":      { "width": 26, "height": 45 },

                "animations":
                {
                    "repeat":      true,
                    "fps":         8,
                    "data":        [0]
                }
            }
        },
        {
            "type":                "PASSABLE",
            "behavior":            "DEFAULT",
            "angle":               0,

            "sprite":
            {
                "source_file":     "data/images/desert1.png",
                "source_rect":     { "xpos": 91, "ypos": 300, "width": 26, "height": 45 },
                "frame_size":      { "width": 26, "height": 45 },

                "animations":
                {
                    "repeat":      true,
                    "fps":         8,
                    "data":        [0]
                }
            }
        },
        {
            "type":                "PASSABLE",
            "behavior":            "DEFAULT",
            "angle":               0,

            "sprite":
            {
                "source_file":     "data/images/desert1.png",
                "source_rect":     { "xpos": 120, "ypos": 200, "width": 60, "height": 30 },
                "frame_size":      { "width": 60, "height": 30 },

                "animations":
                {
                    "repeat":      true,
                    "fps":         8,
                    "data":        [0]
                }
            }
        },
        {
            "type":                "OBSTACLE",
            "behavior":            "DEFAULT",
            "angle":               45,

            "sprite":
            {
                "source_file":     "data/images/desert1.png",
                "source_rect":     { "xpos": 120, "ypos": 235, "width": 16, "height": 17 },
                "frame_size":      { "width": 16, "height": 17 },

                "animations":
                {
                    "repeat":      true,
                    "fps":         8,
                    "data":        [0]
                }
            }
        },
        {
            "type":                "OBSTACLE",
            "behavior":            "DEFAULT",
            "angle":               0,

            "sprite":
            {
                "source_file":     "data/images/desert1.png",
                "source_rect":     { "xpos": 136, "ypos": 235, "width": 14, "height": 17 },
                "frame_size":      { "width": 14, "height": 17 },

                "animations":
                {
                    "repeat":      true,
                    "fps":         8,
                    "data":        [0]
                }
            }
        },
        {
            "type":                "OBSTACLE",
            "behavior":            "DEFAULT",
            "angle":               0,

            "sprite":
            {
                "source_file":     "data/images/desert1.png",
                "source_rect":     { "xpos": 140, "ypos": 235, "width": 15, "height": 5 },
                "frame_size":      { "width": 15, "height": 5 },

                "animations":
                {
                    "repeat":      true,
                    "fps":         8,
                    "data":        [0]
                }
            }
        },
        {
            "type":                "OBSTACLE",
            "behavior":            "DEFAULT",
            "angle":               0,

            "sprite":
            {
                "source_file":     "data/images/desert1.png",
                "source_rect":     { "xpos": 160, "ypos": 235, "width": 14, "height": 17 },
                "frame_size":      { "width": 14, "height": 17 },

                "animations":
                {
                    "repeat":      true,
                    "fps":         8,
                    "data":        [0]
                }
            }
        },
        {
            "type":                "OBSTACLE",
            "behavior":            "DEFAULT",
            "angle":               -45,

            "sprite":
            {
                "source_file":     "data/images/desert1.png",
                "source_rect":     { "xpos": 174, "ypos": 235, "width": 16, "height": 17 },
                "frame_size":      { "width": 16, "height": 17 },

                "animations":
                {
                    "repeat":      true,
                    "fps":         8,
                    "data":        [0]
                }
            }
        },
        {
            "type":                "PASSABLE",
            "behavior":            "DEFAULT",
            "angle":               0,

            "sprite":
            {
                "source_file":     "data/images/desert1.png",
                "source_rect":     { "xpos": 120, "ypos": 260, "width": 48, "height": 16 },
                "frame_size":      { "width": 48, "height": 16 },

                "animations":
                {
                    "repeat":      true,
                    "fps":         8,
                    "data":        [0]
                }
            }
        },
        {
            "type":                "PASSABLE",
            "behavior":            "DEFAULT",
            "angle":               0,

            "sprite":
            {
                "source_file":     "data/images/desert1.png",
                "source_rect":     { "xpos": 120, "ypos": 276, "width": 48, "height": 18 },
                "frame_size":      { "width": 48, "height": 18 },

                "animations":
                {
                    "repeat":      true,
                    "fps":         8,
                    "data":        [0]
                }
            }
        },
        {
            "type":                "PASSABLE",
            "behavior":            "DEFAULT",
            "angle":               0,

            "sprite":
            {
                "source_file":     "data/images/desert1.png",
                "source_rect":     { "xpos": 120, "ypos": 326, "width": 48, "height": 24 },
                "frame_size":      { "width": 48, "height": 24 },

                "animations":
                {
                    "repeat":      true,
                    "fps":         8,
                    "data":        [0]
                }
            }
        },
        {
            "type":                "PASSABLE",
            "behavior":            "DEFAULT",
            "angle":               0,

            "sprite":
            {
                "source_file":     "data/images/desert1.png",
                "source_rect":     { "xpos": 120, "ypos": 294, "width": 48, "height": 32 },
                "frame_size":      { "width": 48, "height": 32 },

                "animations":
                {
                    "repeat":      true,
                    "fps":         8,
                    "data":        [0]
                }
            }
        },
        {
            "type":                "PASSABLE",
            "behavior":            "DEFAULT",
            "angle":               0,

            "sprite":
            {
                "source_file":     "data/images/desert1.png",
                "source_rect":     { "xpos": 200, "ypos": 200, "width": 31, "height": 84 },
                "frame_size":      { "width": 31, "height": 84 },

                "animations":
                {
                    "repeat":      true,
                    "fps":         8,
                    "data":        [0]
                }
            }
        },
        {
            "type":                "PASSABLE",
            "behavior":            "DEFAULT",
            "angle":               0,

            "sprite":
            {
                "source_file":     "data/images/desert1.png",
                "source_rect":     { "xpos": 240, "ypos": 200, "width": 30, "height": 84 },
                "frame_size":      { "width": 30, "height": 84 },

                "animations":
                {
                    "repeat":      true,
                    "fps":         8,
                    "data":        [0]
                }
            }
        },
        {
            "type":                "PASSABLE",
            "behavior":            "DEFAULT",
            "angle":               0,

            "sprite":
            {
                "source_file":     "data/images/desert1.png",
                "source_rect":     { "xpos": 180, "ypos": 300, "width": 24, "height": 32 },
                "frame_size":      { "width": 24, "height": 32 },

                "animations":
                {
                    "repeat":      true,
                    "fps":         8,
                    "data":        [0]
                }
            }
        },
        {
            "type":                "PASSABLE",
            "behavior":            "DEFAULT",
            "angle":               0,

            "sprite":
            {
                "source_file":     "data/images/desert1.png",
                "source_rect":     { "xpos": 270, "ypos": 300, "width": 18, "height": 47 },
                "frame_size":      { "width": 18, "height": 47 },

                "animations":
                {
                    "repeat":      true,
                    "fps":         8,
                    "data":        [0]
                }
            }
        },
        {
            "type":                "OBSTACLE",
            "behavior":            "DEFAULT",
            "angle":               0,

            "sprite":
            {
                "source_file":     "data/images/desert1.png",
                "source_rect":     { "xpos": 70, "ypos": 145, "width": 41, "height": 37 },
                "frame_size":      { "width": 41, "height": 37 },

                "animations":
                {
                    "repeat":      true,
                    "fps":         8,
                    "data":        [0]
                }
            }
        },
        {
            "type":                "PASSABLE",
            "behavior":            "DEFAULT",
            "angle":               0,

            "sprite":
            {
                "source_file":     "data/images/desert1.png",
                "source_rect":     { "xpos": 115, "ypos": 145, "width": 20, "height": 15 },
                "frame_size":      { "width": 20, "height": 15 },

                "animations":
                {
                    "repeat":      true,
                    "fps":         8,
                    "data":        [0]
                }
            }
        },
        {
            "type":                "PASSABLE",
            "behavior":            "DEFAULT",
            "angle":               0,

            "sprite":
            {
                "source_file":     "data/images/desert1.png",
                "source_rect":     { "xpos": 115, "ypos": 165, "width": 20, "height": 15 },
                "frame_size":      { "width": 20, "height": 15 },

                "animations":
                {
                    "repeat":      true,
                    "fps":         8,
                    "data":        [0]
                }
            }
        },
        {
            "type":                "PASSABLE",
            "behavior":            "DEFAULT",
            "angle":               0,

            "sprite":
            {
                "source_file":     "data/images/desert1.png",
                "source_rect":     { "xpos": 140, "ypos": 145, "width": 20, "height": 15 },
                "frame_size":      { "width": 20, "height": 15 },

                "animations":
                {
                    "repeat":      true,
                    "fps":         8,
                    "data":        [0]
                }
            }
        },
        {
            "type":                "PASSABLE",
            "behavior":            "DEFAULT",
            "angle":               0,

            "sprite":
            {
                "source_file":     "data/images/desert1.png",
                "source_rect":     { "xpos": 140, "ypos": 165, "width": 20, "height": 15 },
                "frame_size":      { "width": 20, "height": 15 },

                "animations":
                {
                    "repeat":      true,
                    "fps":         8,
                    "data":        [0]
                }
            }
        },
        {
            "type":                "PASSABLE",
            "behavior":            "DEFAULT",
            "angle":               0,

            "sprite":
            {
                "source_file":     "data/images/desert1.png",
                "source_rect":     { "xpos": 165, "ypos": 145, "width": 10, "height": 5 },
                "frame_size":      { "width": 10, "height": 5 },

                "animations":
                {
                    "repeat":      true,
                    "fps":         8,
                    "data":        [0]
                }
            }
        },
        {
            "type":                "PASSABLE",
            "behavior":            "DEFAULT",
            "angle":               0,

            "sprite":
            {
                "source_file":     "data/images/desert1.png",
                "source_rect":     { "xpos": 165, "ypos": 155, "width": 5, "height": 5 },
                "frame_size":      { "width": 5, "height": 5 },

                "animations":
                {
                    "repeat":      true,
                    "fps":         8,
                    "data":        [0]
                }
            }
        },
        {
            "type":                "OBSTACLE",
            "behavior":            "DEFAULT",
            "angle":               0,

            "sprite":
            {
                "source_file":     "data/images/desert1.png",
                "source_rect":     { "xpos": 180, "ypos": 144, "width": 21, "height": 22 },
                "frame_size":      { "width": 21, "height": 22 },

                "animations":
                {
                    "repeat":      true,
                    "fps":         8,
                    "data":        [0]
                }
            }
        },
        {
            "type":                "OBSTACLE",
            "behavior":            "DEFAULT",
            "angle":               0,

            "sprite":
            {
                "source_file":     "data/images/desert1.png",
                "source_rect":     { "xpos": 205, "ypos": 145, "width": 21, "height": 22 },
                "frame_size":      { "width": 21, "height": 22 },

                "animations":
                {
                    "repeat":      true,
                    "fps":         8,
                    "data":        [0]
                }
            }
        },
        {
            "type":                "OBSTACLE",
            "behavior":            "DEFAULT",
            "angle":               0,

            "sprite":
            {
                "source_file":     "data/images/desert1.png",
                "source_rect":     { "xpos": 180, "ypos": 170, "width": 22, "height": 21 },
                "frame_size":      { "width": 22, "height": 21 },

                "animations":
                {
                    "repeat":      true,
                    "fps":         8,
                    "data":        [0]
                }
            }
        },
        {
            "type":                "OBSTACLE",
            "behavior":            "DEFAULT",
            "angle":               0,

            "sprite":
            {
                "source_file":     "data/images/desert1.png",
                "source_rect":     { "xpos": 205, "ypos": 170, "width": 22, "height": 21 },
                "frame_size":      { "width": 22, "height": 21 },

                "animations":
                {
                    "repeat":      true,
                    "fps":         8,
                    "data":        [0]
                }
            }
        },
        {
            "type":                "OBSTACLE",
            "behavior":            "DEFAULT",
            "angle":               0,

            "sprite":
            {
                "source_file":     "data/images/desert1.png",
                "source_rect":     { "xpos": 226, "ypos": 10, "width": 64, "height": 16 },
                "frame_size":      { "width": 64, "height": 16 },

                "animations":
                {
                    "repeat":      true,
                    "fps":         8,
                    "data":        [0]
                }
            }
        },
        {
            "type":                "OBSTACLE",
            "behavior":            "DEFAULT",
            "angle":               0,

            "sprite":
            {
                "source_file":     "data/images/desert1.png",
                "source_rect":     { "xpos": 258, "ypos": 106, "width": 64, "height": 16 },
                "frame_size":      { "width": 64, "height": 16 },

                "animations":
                {
                    "repeat":      true,
                    "fps":         8,
                    "data":        [0]
                }
            }
        },
        {
            "type":                "OBSTACLE",
            "behavior":            "DEFAULT",
            "angle":               18,

            "sprite":
            {
                "source_file":     "data/images/desert1.png",
                "source_rect":     { "xpos": 337, "ypos": 259, "width": 25, "height": 8 },
                "frame_size":      { "width": 25, "height": 8 },

                "animations":
                {
                    "repeat":      true,
                    "fps":         8,
                    "data":        [0]
                }
            }
        },
        {
            "type":                "OBSTACLE",
            "behavior":            "DEFAULT",
            "angle":               9,

            "sprite":
            {
                "source_file":     "data/images/desert1.png",
                "source_rect":     { "xpos": 337, "ypos": 267, "width": 25, "height": 16 },
                "frame_size":      { "width": 25, "height": 16 },

                "animations":
                {
                    "repeat":      true,
                    "fps":         8,
                    "data":        [0]
                }
            }
        },
        {
            "type":                "OBSTACLE",
            "behavior":            "DEFAULT",
            "angle":               45,

            "sprite":
            {
                "source_file":     "data/images/desert1.png",
                "source_rect":     { "xpos": 362, "ypos": 247, "width": 12, "height": 12 },
                "frame_size":      { "width": 12, "height": 12 },

                "animations":
                {
                    "repeat":      true,
                    "fps":         8,
                    "data":        [0]
                }
            }
        },
        {
            "type":                "OBSTACLE",
            "behavior":            "DEFAULT",
            "angle":               40,

            "sprite":
            {
                "source_file":     "data/images/desert1.png",
                "source_rect":     { "xpos": 362, "ypos": 259, "width": 12, "height": 24 },
                "frame_size":      { "width": 12, "height": 24 },

                "animations":
                {
                    "repeat":      true,
                    "fps":         8,
                    "data":        [0]
                }
            }
        },
        {
            "type":                "OBSTACLE",
            "behavior":            "DEFAULT",
            "angle":               72,

            "sprite":
            {
                "source_file":     "data/images/desert1.png",
                "source_rect":     { "xpos": 374, "ypos": 222, "width": 8, "height": 25 },
                "frame_size":      { "width": 8, "height": 25 },

                "animations":
                {
                    "repeat":      true,
                    "fps":         8,
                    "data":        [0]
                }
            }
        },
        {
            "type":                "OBSTACLE",
            "behavior":            "DEFAULT",
            "angle":               90,

            "sprite":
            {
                "source_file":     "data/images/desert1.png",
                "source_rect":     { "xpos": 382, "ypos": 222, "width": 16, "height": 25 },
                "frame_size":      { "width": 16, "height": 25 },

                "animations":
                {
                    "repeat":      true,
                    "fps":         8,
                    "data":        [0]
                }
            }
        },
        {
            "type":                "OBSTACLE",
            "behavior":            "DEFAULT",
            "angle":               50,

            "sprite":
            {
                "source_file":     "data/images/desert1.png",
                "source_rect":     { "xpos": 374, "ypos": 247, "width": 24, "height": 12 },
                "frame_size":      { "width": 24, "height": 12 },

                "animations":
                {
                    "repeat":      true,
                    "fps":         8,
                    "data":        [0]
                }
            }
        },
        {
            "type":                "OBSTACLE",
            "behavior":            "DEFAULT",
            "angle":               0,

            "sprite":
            {
                "source_file":     "data/images/desert1.png",
                "source_rect":     { "xpos": 374, "ypos": 259, "width": 24, "height": 24 },
                "frame_size":      { "width": 24, "height": 24 },

                "animations":
                {
                    "repeat":      true,
                    "fps":         8,
                    "data":        [0]
                }
            }
        },
        {
            "type":                "OBSTACLE",
            "behavior":            "DEFAULT",
            "angle":               108,

            "sprite":
            {
                "source_file":     "data/images/desert1.png",
                "source_rect":     { "xpos": 374, "ypos": 196, "width": 8, "height": 25 },
                "frame_size":      { "width": 8, "height": 25 },

                "animations":
                {
                    "repeat":      true,
                    "fps":         8,
                    "data":        [0]
                }
            }
        },
        {
            "type":                "OBSTACLE",
            "behavior":            "DEFAULT",
            "angle":               90,

            "sprite":
            {
                "source_file":     "data/images/desert1.png",
                "source_rect":     { "xpos": 382, "ypos": 196, "width": 16, "height": 25 },
                "frame_size":      { "width": 16, "height": 25 },

                "animations":
                {
                    "repeat":      true,
                    "fps":         8,
                    "data":        [0]
                }
            }
        },
        {
            "type":                "OBSTACLE",
            "behavior":            "DEFAULT",
            "angle":               130,

            "sprite":
            {
                "source_file":     "data/images/desert1.png",
                "source_rect":     { "xpos": 374, "ypos": 184, "width": 24, "height": 12 },
                "frame_size":      { "width": 24, "height": 12 },

                "animations":
                {
                    "repeat":      true,
                    "fps":         8,
                    "data":        [0]
                }
            }
        },
        {
            "type":                "OBSTACLE",
            "behavior":            "DEFAULT",
            "angle":               180,

            "sprite":
            {
                "source_file":     "data/images/desert1.png",
                "source_rect":     { "xpos": 374, "ypos": 160, "width": 24, "height": 24 },
                "frame_size":      { "width": 24, "height": 24 },

                "animations":
                {
                    "repeat":      true,
                    "fps":         8,
                    "data":        [0]
                }
            }
        },
        {
            "type":                "OBSTACLE",
            "behavior":            "DEFAULT",
            "angle":               135,

            "sprite":
            {
                "source_file":     "data/images/desert1.png",
                "source_rect":     { "xpos": 362, "ypos": 184, "width": 12, "height": 12 }, 
                "frame_size":      { "width": 12, "height": 12 },

                "animations":
                {
                    "repeat":      true,
                    "fps":         8,
                    "data":        [0]
                }
            }
        },
        {
            "type":                "OBSTACLE",
            "behavior":            "DEFAULT",
            "angle":               140,

            "sprite":
            {
                "source_file":     "data/images/desert1.png",
                "source_rect":     { "xpos": 362, "ypos": 160, "width": 12, "height": 24 },
                "frame_size":      { "width": 12, "height": 24 },

                "animations":
                {
                    "repeat":      true,
                    "fps":         8,
                    "data":        [0]
                }
            }
        },
        {
            "type":                "OBSTACLE",
            "behavior":            "DEFAULT",
            "angle":               162,

            "sprite":
            {
                "source_file":     "data/images/desert1.png",
                "source_rect":     { "xpos": 337, "ypos": 176, "width": 25, "height": 8 },
                "frame_size":      { "width": 25, "height": 8 },

                "animations":
                {
                    "repeat":      true,
                    "fps":         8,
                    "data":        [0]
                }
            }
        },
        {
            "type":                "OBSTACLE",
            "behavior":            "DEFAULT",
            "angle":               180,

            "sprite":
            {
                "source_file":     "data/images/desert1.png",
                "source_rect":     { "xpos": 337, "ypos": 160, "width": 25, "height": 16 },
                "frame_size":      { "width": 25, "height": 16 },

                "animations":
                {
                    "repeat":      true,
                    "fps":         8,
                    "data":        [0]
                }
            }
        },
        {
            "type":                "OBSTACLE",
            "behavior":            "DEFAULT",
            "angle":               90,

            "sprite":
            {
                "source_file":     "data/images/desert1.png",
                "source_rect":     { "xpos": 336, "ypos": 218, "width": 17, "height": 32 },
                "frame_size":      { "width": 17, "height": 32 },

                "animations":
                {
                    "repeat":      true,
                    "fps":         8,
                    "data":        [0]
                }
            }
        },
        {
            "type":                "OBSTACLE",
            "behavior":            "DEFAULT",
            "angle":               180,

            "sprite":
            {
                "source_file":     "data/images/desert1.png",
                "source_rect":     { "xpos": 320, "ypos": 200, "width": 32, "height": 17 },
                "frame_size":      { "width": 32, "height": 17 },

                "animations":
                {
                    "repeat":      true,
                    "fps":         8,
                    "data":        [0]
                }
            }
        },
        {
            "type":                "OBSTACLE",
            "behavior":            "DEFAULT",
            "angle":               198,

            "sprite":
            {
                "source_file":     "data/images/desert1.png",
                "source_rect":     { "xpos": 311, "ypos": 176, "width": 25, "height": 8 },
                "frame_size":      { "width": 25, "height": 8 },

                "animations":
                {
                    "repeat":      true,
                    "fps":         8,
                    "data":        [0]
                }
            }
        },
        {
            "type":                "OBSTACLE",
            "behavior":            "DEFAULT",
            "angle":               180,

            "sprite":
            {
                "source_file":     "data/images/desert1.png",
                "source_rect":     { "xpos": 311, "ypos": 160, "width": 25, "height": 16 },
                "frame_size":      { "width": 25, "height": 16 },

                "animations":
                {
                    "repeat":      true,
                    "fps":         8,
                    "data":        [0]
                }
            }
        },
        {
            "type":                "OBSTACLE",
            "behavior":            "DEFAULT",
            "angle":               225,

            "sprite":
            {
                "source_file":     "data/images/desert1.png",
                "source_rect":     { "xpos": 299, "ypos": 184, "width": 12, "height": 12 },
                "frame_size":      { "width": 12, "height": 12 },

                "animations":
                {
                    "repeat":      true,
                    "fps":         8,
                    "data":        [0]
                }
            }
        },
        {
            "type":                "OBSTACLE",
            "behavior":            "DEFAULT",
            "angle":               220,

            "sprite":
            {
                "source_file":     "data/images/desert1.png",
                "source_rect":     { "xpos": 299, "ypos": 160, "width": 12, "height": 24 },
                "frame_size":      { "width": 12, "height": 24 },

                "animations":
                {
                    "repeat":      true,
                    "fps":         8,
                    "data":        [0]
                }
            }
        },
        {
            "type":                "OBSTACLE",
            "behavior":            "DEFAULT",
            "angle":               252,

            "sprite":
            {
                "source_file":     "data/images/desert1.png",
                "source_rect":     { "xpos": 291, "ypos": 196, "width": 8, "height": 25 },
                "frame_size":      { "width": 8, "height": 25 },

                "animations":
                {
                    "repeat":      true,
                    "fps":         8,
                    "data":        [0]
                }
            }
        },
        {
            "type":                "OBSTACLE",
            "behavior":            "DEFAULT",
            "angle":               270,

            "sprite":
            {
                "source_file":     "data/images/desert1.png",
                "source_rect":     { "xpos": 275, "ypos": 196, "width": 16, "height": 25 },
                "frame_size":      { "width": 16, "height": 25 },

                "animations":
                {
                    "repeat":      true,
                    "fps":         8,
                    "data":        [0]
                }
            }
        },
        {
            "type":                "OBSTACLE",
            "behavior":            "DEFAULT",
            "angle":               230,

            "sprite":
            {
                "source_file":     "data/images/desert1.png",
                "source_rect":     { "xpos": 275, "ypos": 184, "width": 24, "height": 12 },
                "frame_size":      { "width": 24, "height": 12 },

                "animations":
                {
                    "repeat":      true,
                    "fps":         8,
                    "data":        [0]
                }
            }
        },
        {
            "type":                "OBSTACLE",
            "behavior":            "DEFAULT",
            "angle":               180,

            "sprite":
            {
                "source_file":     "data/images/desert1.png",
                "source_rect":     { "xpos": 275, "ypos": 160, "width": 24, "height": 24 },
                "frame_size":      { "width": 24, "height": 24 },

                "animations":
                {
                    "repeat":      true,
                    "fps":         8,
                    "data":        [0]
                }
            }
        },
        {
            "type":                "OBSTACLE",
            "behavior":            "DEFAULT",
            "angle":               288,

            "sprite":
            {
                "source_file":     "data/images/desert1.png",
                "source_rect":     { "xpos": 291, "ypos": 222, "width": 8, "height": 25 },
                "frame_size":      { "width": 8, "height": 25 },

                "animations":
                {
                    "repeat":      true,
                    "fps":         8,
                    "data":        [0]
                }
            }
        },
        {
            "type":                "OBSTACLE",
            "behavior":            "DEFAULT",
            "angle":               270,

            "sprite":
            {
                "source_file":     "data/images/desert1.png",
                "source_rect":     { "xpos": 275, "ypos": 222, "width": 16, "height": 25 },
                "frame_size":      { "width": 16, "height": 25 },

                "animations":
                {
                    "repeat":      true,
                    "fps":         8,
                    "data":        [0]
                }
            }
        },
        {
            "type":                "OBSTACLE",
            "behavior":            "DEFAULT",
            "angle":               310,

            "sprite":
            {
                "source_file":     "data/images/desert1.png",
                "source_rect":     { "xpos": 275, "ypos": 247, "width": 24, "height": 12 },
                "frame_size":      { "width": 24, "height": 12 },

                "animations":
                {
                    "repeat":      true,
                    "fps":         8,
                    "data":        [0]
                }
            }
        },
        {
            "type":                "OBSTACLE",
            "behavior":            "DEFAULT",
            "angle":               0,

            "sprite":
            {
                "source_file":     "data/images/desert1.png",
                "source_rect":     { "xpos": 275, "ypos": 259, "width": 24, "height": 24 },
                "frame_size":      { "width": 24, "height": 24 },

                "animations":
                {
                    "repeat":      true,
                    "fps":         8,
                    "data":        [0]
                }
            }
        },
        {
            "type":                "OBSTACLE",
            "behavior":            "DEFAULT",
            "angle":               315,

            "sprite":
            {
                "source_file":     "data/images/desert1.png",
                "source_rect":     { "xpos": 299, "ypos": 247, "width": 12, "height": 12 },
                "frame_size":      { "width": 12, "height": 12 },

                "animations":
                {
                    "repeat":      true,
                    "fps":         8,
                    "data":        [0]
                }
            }
        },
        {
            "type":                "OBSTACLE",
            "behavior":            "DEFAULT",
            "angle":               320,

            "sprite":
            {
                "source_file":     "data/images/desert1.png",
                "source_rect":     { "xpos": 299, "ypos": 259, "width": 12, "height": 24 },
                "frame_size":      { "width": 12, "height": 24 },

                "animations":
                {
                    "repeat":      true,
                    "fps":         8,
                    "data":        [0]
                }
            }
        },
        {
            "type":                "OBSTACLE",
            "behavior":            "DEFAULT",
            "angle":               342,

            "sprite":
            {
                "source_file":     "data/images/desert1.png",
                "source_rect":     { "xpos": 311, "ypos": 259, "width": 25, "height": 8 },
                "frame_size":      { "width": 25, "height": 8 },

                "animations":
                {
                    "repeat":      true,
                    "fps":         8,
                    "data":        [0]
                }
            }
        },
        {
            "type":                "OBSTACLE",
            "behavior":            "DEFAULT",
            "angle":               0,

            "sprite":
            {
                "source_file":     "data/images/desert1.png",
                "source_rect":     { "xpos": 311, "ypos": 267, "width": 25, "height": 16 },
                "frame_size":      { "width": 25, "height": 16 },

                "animations":
                {
                    "repeat":      true,
                    "fps":         8,
                    "data":        [0]
                }
            }
        },
        {
            "type":                "OBSTACLE",
            "behavior":            "DEFAULT",
            "angle":               270,

            "sprite":
            {
                "source_file":     "data/images/desert1.png",
                "source_rect":     { "xpos": 318, "ypos": 218, "width": 17, "height": 32 },
                "frame_size":      { "width": 17, "height": 32 },

                "animations":
                {
                    "repeat":      true,
                    "fps":         8,
                    "data":        [0]
                }
            }
        }
  ]
}
