{
  "bricks": [
    { "id": 46, "xpos": 146, "ypos": 32 },
    { "id": 46, "xpos": 41, "ypos": 32 },
    { "id": 63, "xpos": 7, "ypos": 16 },
    { "id": 63, "xpos": 227, "ypos": 16 },
    { "id": 63, "xpos": 200, "ypos": 16 },
    { "id": 63, "xpos": 136, "ypos": 16 },
    { "id": 63, "xpos": 72, "ypos": 16 },
    { "id": 59, "xpos": 85, "ypos": 251 },
    { "id": 33, "xpos": 162, "ypos": 250 },
    { "id": 57, "xpos": 57, "ypos": 222 },
    { "id": 35, "xpos": 211, "ypos": 221 },
    { "id": 54, "xpos": 6, "ypos": 209 },
    { "id": 39, "xpos": 256, "ypos": 209 },
    { "id": 55, "xpos": 41, "ypos": 171 },
    { "id": 37, "xpos": 240, "ypos": 170 },
    { "id": 54, "xpos": 6, "ypos": 153 },
    { "id": 39, "xpos": 256, "ypos": 153 },
    { "id": 52, "xpos": 43, "ypos": 105 },
    { "id": 40, "xpos": 240, "ypos": 104 },
    { "id": 39, "xpos": 256, "ypos": 98 },
    { "id": 54, "xpos": 6, "ypos": 97 },
    { "id": 50, "xpos": 59, "ypos": 76 },
    { "id": 42, "xpos": 212, "ypos": 75 },
    { "id": 48, "xpos": 86, "ypos": 60 },
    { "id": 44, "xpos": 160, "ypos": 59 },
    { "id": 39, "xpos": 256, "ypos": 43 },
    { "id": 54, "xpos": 6, "ypos": 41 },
    { "id": 58, "xpos": 66, "ypos": 251 },
    { "id": 34, "xpos": 213, "ypos": 250 },
    { "id": 56, "xpos": 43, "ypos": 222 },
    { "id": 36, "xpos": 240, "ypos": 221 },
    { "id": 60, "xpos": 41, "ypos": 171 },
    { "id": 38, "xpos": 162, "ypos": 170 },
    { "id": 51, "xpos": 45, "ypos": 86 },
    { "id": 41, "xpos": 240, "ypos": 84 },
    { "id": 49, "xpos": 67, "ypos": 62 },
    { "id": 43, "xpos": 211, "ypos": 62 },
    { "id": 53, "xpos": 42, "ypos": 60 },
    { "id": 45, "xpos": 160, "ypos": 59 }
  ],
  "items": [
    { "id": 18, "xpos": 292, "ypos": 169 },
    { "id": 19, "xpos": -26, "ypos": 1 },
    { "id": 19, "xpos": -58, "ypos": 74 },
    { "id": 19, "xpos": -58, "ypos": 168 },
    { "id": 19, "xpos": 323, "ypos": 168 },
    { "id": 19, "xpos": 323, "ypos": 74 },
    { "id": 19, "xpos": 292, "ypos": 0 },
    { "id": 18, "xpos": 292, "ypos": 74 },
    { "id": 17, "xpos": 134, "ypos": 58 },
    { "id": 16, "xpos": -26, "ypos": 72 },
    { "id": 16, "xpos": -26, "ypos": 168 }
  ]
}
