{
    "bg": [        
        {
            "initial_position":    { "xpos": 0, "ypos": -31 },
            "scroll_speed":        { "xspeed": -0.05, "yspeed": 0 },
            "behavior":            ["LINEAR", -5, 0],
            "repeat_x":            true,
            "repeat_y":            false,

            "sprite":
            {
                "source_file":     "data/images/prototype1.png",
                "source_rect":     { "xpos": 8, "ypos": 2, "width": 256, "height": 102 },
                "frame_size":      { "width": 256, "height": 102 },

                "animations":
                {
                    "repeat":      true,
                    "fps":         8,
                    "data":        0
                }
            }
        },
        {
            "initial_position":    { "xpos": 0, "ypos": 71 },
            "scroll_speed":        { "xspeed": -0.10, "yspeed": 0 },
            "behavior":            ["LINEAR", -10, 0],
            "repeat_x":            true,
            "repeat_y":            false,

            "sprite":
            {
                "source_file":     "data/images/prototype1.png",
                "source_rect":     { "xpos": 8, "ypos": 107, "width": 510, "height": 43 },
                "frame_size":      { "width": 510, "height": 43 },

                "animations":
                {
                    "repeat":      true,
                    "fps":         8,
                    "data":        0
                }
            }
        },
        {
            "initial_position":    { "xpos": 0, "ypos": 84 },
            "scroll_speed":        { "xspeed": -0.15, "yspeed": 0 },
            "behavior":            "DEFAULT",
            "repeat_x":            true,
            "repeat_y":            false,

            "sprite":
            {
                "source_file":     "data/images/prototype1.png",
                "source_rect":     { "xpos": 8, "ypos": 153, "width": 512, "height": 48 },
                "frame_size":      { "width": 512, "height": 48 },

                "animations":
                {
                    "repeat":      true,
                    "fps":         8,
                    "data":        0
                }
            }
        },
        {
            "initial_position":    { "xpos": 0, "ypos": 132 },
            "scroll_speed":        { "xspeed": -0.20, "yspeed": 0 },
            "behavior":            "DEFAULT",
            "repeat_x":            true,
            "repeat_y":            false,

            "sprite":
            {
                "source_file":     "data/images/prototype1.png",
                "source_rect":     { "xpos": 8, "ypos": 202, "width": 512, "height": 61 },
                "frame_size":      { "width": 512, "height": 61 },

                "animations":
                {
                    "repeat":      true,
                    "fps":         8,
                    "data":        0
                }
            }
        },
        {
            "initial_position":    { "xpos": 0, "ypos": 180 },
            "scroll_speed":        { "xspeed": -0.25, "yspeed": 0 },
            "behavior":            "DEFAULT",
            "repeat_x":            true,
            "repeat_y":            false,

            "sprite":
            {
                "source_file":     "data/images/prototype1.png",
                "source_rect":     { "xpos": 8, "ypos": 266, "width": 520, "height": 75 },
                "frame_size":      { "width": 520, "height": 75 },

                "animations":
                {
                    "repeat":      true,
                    "fps":         8,
                    "data":        0
                }
            }
        }
    ]
}

