{
  "jump": "data/samples/jump.wav",
  "brake": "data/samples/brake.wav",
  "death": "data/samples/death.wav",
  "ringless": "data/samples/ringless.wav",
  "touch the ground": "data/samples/touch2.wav",
  "touch the wall": "data/samples/touch.wav",
  "flying": "data/samples/tfly1.wav",
  "tired of flying": "data/samples/tfly2.wav",
  "charge": "data/samples/spindash1.wav",
  "release": "data/samples/spindash2.wav",
  "roll": "data/samples/spin.wav",
  "scratch": "data/samples/scratch.wav",
  "ring": "data/samples/ring.wav",
  "blue ring": "data/samples/ring.wav",
  "big ring": "data/samples/bigring.wav",
  "bumper": "data/samples/bumper.wav",
  "checkpoint": "data/samples/checkpoint.wav",
  "switch": "data/samples/switch.wav",
  "open door": "data/samples/door1.wav",
  "close door": "data/samples/door2.wav",
  "teleporter": "data/samples/teleporter.wav",
  "end sign": "data/samples/endsign.wav",
  "spikes appearing": "data/samples/spikes_appearing.wav",
  "spikes disappearing": "data/samples/spikes_disappearing.wav",
  "spikes hit": "data/samples/spikes.wav",
  "spring": "data/samples/spring.wav",
  "shield": "data/samples/shield.wav",
  "fire shield": "data/samples/fireshield.wav",
  "thunder shield": "data/samples/thundershield.wav",
  "water shield": "data/samples/watershield.wav",
  "acid shield": "data/samples/acidshield.wav",
  "wind shield": "data/samples/windshield.wav",
  "destroy": "data/samples/destroypop.wav",
  "boss hit": "data/samples/bosshit.wav",
  "explode": "data/samples/bosshit.wav",
  "cash": "data/samples/cash.wav",
  "choose": "data/samples/choose.wav",
  "deny": "data/samples/deny.wav",
  "glasses": "data/samples/glasses.wav",
  "return": "data/samples/return.wav",
  "ring count": "data/samples/ringcount.wav",
  "select": "data/samples/select.wav",
  "level saved": "data/samples/glasses.wav",
  "1up": "data/samples/1up.ogg",
  "goal": "data/samples/goal.ogg",
  "big shot": "data/samples/bigshot.wav",
  "break": "data/samples/break.wav",
  "fire2": "data/samples/fire2.wav",
  "fire": "data/samples/fire.wav",
  "floor fall": "data/samples/floorfall.wav",
  "puff": "data/samples/puff.wav",
  "shot": "data/samples/shot.wav"
}