{
    "SD_DNADOOR": {
        "source_file":     "data/images/dnadoors.png",
        "source_rect":     { "xpos": 0, "ypos": 0, "width": 144, "height": 64 },
        "frame_size":      { "width": 16, "height": 64 },
        "hot_spot":        { "xpos": 8, "ypos": 63 },
        "animations": [
            {
                "repeat":     true,
                "fps":         16,
                "data":  [6,7,8]
            },
            {
                "repeat":     true,
                "fps":         16,
                "data":  [0,1,2]
            },
            {
                "repeat":     true,
                "fps":         16,
                "data":  [3,4,5]
            }
        ]
    },
    "SD_HORIZONTALDNADOOR": {
        "source_file":     "data/images/dnadoors.png",
        "source_rect":     { "xpos": 0, "ypos": 86, "width": 192, "height": 48 },
        "frame_size":      { "width": 64, "height": 16 },
        "hot_spot":        { "xpos": 32, "ypos": 15 },
        "animations": [
            {
                "repeat":     true,
                "fps":         16,
                "data":  [6,7,8]
            },
            {
                "repeat":     true,
                "fps":         16,
                "data":  [0,1,2]
            },
            {
                "repeat":     true,
                "fps":         16,
                "data":  [3,4,5]
            }
        ]
    }
}
