{
    "SD_EXPLOSION": {
        "source_file":     "data/images/items.png",
        "source_rect":     { "xpos": 0, "ypos": 177, "width": 266, "height": 40 },
        "frame_size":      { "width": 38, "height": 40 },
        "hot_spot":        { "xpos": 19, "ypos": 20 },
        "animations": [
            {
                "repeat":     false,
                "fps":         8,
                "data":  [0,1,6]
            },
            {
                "repeat":     false,
                "fps":         8,
                "data":  [2,3,4,5,6]
            }
        ]
    }
}
