{
    "FT_FONT0": {
        "source_file":     "data/images/gui.png",
        "source_rect":     { "xpos": 52, "ypos": 0, "width": 104, "height": 28 },
        "frame_size":      { "width": 8, "height": 7 },
        "hot_spot":        { "xpos": 4, "ypos": 3 },
        "animations": [
            {
                "repeat":     true,
                "fps":         8,
                "data":  [0,1,2,3,4,5,6,7,8,9,10,11,12,13,14,15,16,17,18,19,20,21,22,23,24,25,26,27,28,29,30,31,32,33,34,35,36,37,38,39,40]
            }
        ]
    },
    "FT_FONT1": {
        "source_file":     "data/images/gui.png",
        "source_rect":     { "xpos": 52, "ypos": 28, "width": 104, "height": 28 },
        "frame_size":      { "width": 8, "height": 7 },
        "hot_spot":        { "xpos": 0, "ypos": 0 },
        "animations": [
            {
                "repeat":     true,
                "fps":         8,
                "data":  [0,1,2,3,4,5,6,7,8,9,10,11,12,13,14,15,16,17,18,19,20,21,22,23,24,25,26,27,28,29,30,31,32,33,34,35,36,37,38,39,40]
            }
        ]
    },
    "FT_FONT2": {
        "source_file":     "data/images/gui.png",
        "source_rect":     { "xpos": 52, "ypos": 56, "width": 88, "height": 11 },
        "frame_size":      { "width": 8, "height": 11 },
        "hot_spot":        { "xpos": 0, "ypos": 0 },
        "animations": [
            {
                "repeat":     true,
                "fps":         8,
                "data":  [0,1,2,3,4,5,6,7,8,9,10]
            }
        ]
    },
    "FT_FONT3": {
        "source_file":     "data/images/gui.png",
        "source_rect":     { "xpos": 182, "ypos": 0, "width": 160, "height": 48 },
        "frame_size":      { "width": 16, "height": 16 },
        "hot_spot":        { "xpos": 0, "ypos": 0 },
        "animations": [
            {
                "repeat":     true,
                "fps":         8,
                "data":  [0,1,2,3,4,5,6,7,8,9,10,11,12,13,14,15,16,17,18,19,20,21,22,23,24,25]
            }
        ]
    },
    "FT_FONT4": {
        "source_file":     "data/images/gui.png",
        "source_rect":     { "xpos": 154, "ypos": 91, "width": 95, "height": 108 },
        "frame_size":      { "width": 19, "height": 18 },
        "hot_spot":        { "xpos": 0, "ypos": 0 },
        "animations": [
            {
                "repeat":     true,
                "fps":         8,
                "data":  [0,1,2,3,4,5,6,7,8,9,10,11,12,13,14,15,16,17,18,19,20,21,22,23,24,25]
            }
        ]
    },
    "FT_FONT5": {
        "source_file":     "data/images/gui.png",
        "source_rect":     { "xpos": 259, "ypos": 91, "width": 95, "height": 108 },
        "frame_size":      { "width": 19, "height": 18 },
        "hot_spot":        { "xpos": 0, "ypos": 0 },
        "animations": [
            {
                "repeat":     true,
                "fps":         8,
                "data":  [0,1,2,3,4,5,6,7,8,9,10,11,12,13,14,15,16,17,18,19,20,21,22,23,24,25]
            }
        ]
    },
    "FT_FONT6": {
        "source_file":     "data/images/gui.png",
        "source_rect":     { "xpos": 154, "ypos": 208, "width": 95, "height": 108 },
        "frame_size":      { "width": 19, "height": 18 },
        "hot_spot":        { "xpos": 0, "ypos": 0 },
        "animations": [
            {
                "repeat":     true,
                "fps":         8,
                "data":  [0,1,2,3,4,5,6,7,8,9,10,11,12,13,14,15,16,17,18,19,20,21,22,23,24,25]
            }
        ]
    },
    "FT_FONT7": {
        "source_file":     "data/images/gui.png",
        "source_rect":     { "xpos": 259, "ypos": 208, "width": 95, "height": 108 },
        "frame_size":      { "width": 19, "height": 18 },
        "hot_spot":        { "xpos": 0, "ypos": 0 },
        "animations": [
            {
                "repeat":     true,
                "fps":         8,
                "data":  [0,1,2,3,4,5,6,7,8,9,10,11,12,13,14,15,16,17,18,19,20,21,22,23,24,25]
            }
        ]
    },
    "FT_FONT8": {
        "source_file":     "data/images/font.png",
        "source_rect":     { "xpos": 0, "ypos": 0, "width": 128, "height": 140 },
        "frame_size":      { "width": 8, "height": 10 },
        "hot_spot":        { "xpos": 0, "ypos": 0 },
        "animations": [
            {
                "repeat":     true,
                "fps":         8,
                "data":  [0,1,2,3,4,5,6,7,8,9,10,11,12,13,14,15,16,17,18,19,20,21,22,23,24,25,26,27,28,29,30,31,32,33,34,35,36,37,38,39,40,41,42,43,44,45,46,47,48,49,50,51,52,53,54,55,56,57,58,59,60,61,62,63,64,65,66,67,68,69,70,71,72,73,74,75,76,77,78,79,80,81,82,83,84,85,86,87,88,89,90,91,92,93,94,95,96,97,98,99,100,101,102,103,104,105,106,107,108,109,110,111,112,113,114,115,116,117,118,119,120,121,122,123,124,125,126,127,128,129,130,131,132,133,134,135,136,137,138,139,140,141,142,143,144,145,146,147,148,149,150,151,152,153,154,155,156,157,158,159,160,161,162,163,164,165,166,167,168,169,170,171,172,173,174,175,176,177,178,179,180,181,182,183,184,185,186,187,188,189,190,191,192,193,194,195,196,197,198,199,200,201,202,203,204,205,206,207,208,209,210,211,212,213,214,215,216,217,218,219,220,221,222,223]
            }
        ]
    },
    "FT_FONT9": {
        "source_file":     "data/images/gui.png",
        "source_rect":     { "xpos": 157, "ypos": 362, "width": 128, "height": 56 },
        "frame_size":      { "width": 8, "height": 8 },
        "hot_spot":        { "xpos": 0, "ypos": 0 },
        "animations": [
            {
                "repeat":     true,
                "fps":         8,
                "data":  [0,1,2,3,4,5,6,7,8,9,10,11,12,13,14,15,16,17,18,19,20,21,22,23,24,25,26,27,28,29,30,31,32,33,34,35,36,37,38,39,40,41,42,43,44,45,46,47,48,49,50,51,52,53,54,55,56,57,58,59,60,61,62,63,64,65,66,67,68,69,70,71,72,73,74,75,76,77,78,79,80,81,82,83,84,85,86,87,88,89,90,91,92,93,94,95,96,97,98]
            }
        ]
    }
}
