{
    "SD_ITEMBOX": {
        "source_file":     "data/images/item_boxes.png",
        "source_rect":     { "xpos": 9, "ypos": 100, "width": 180, "height": 96 },
        "frame_size":      { "width": 30, "height": 32 },
        "hot_spot":        { "xpos": 15, "ypos": 33 },
        "animations": [
            {
                "repeat":     true,
                "fps":         24,
                "data":  [1,1,1,1,1,0,1,0,1,0,0,0,1,1,0,0,1,1,1,1,1,1,1,1]
            },
            {
                "repeat":     true,
                "fps":         24,
                "data":  [2,2,2,2,2,0,2,0,2,0,0,0,2,2,0,0,2,2,2,2,2,2,2,2]
            },
            {
                "repeat":     true,
                "fps":         24,
                "data":  [3,3,3,3,3,0,3,0,3,0,0,0,3,3,0,0,3,3,3,3,3,3,3,3]
            },
            {
                "repeat":     true,
                "fps":         24,
                "data":  [4,4,4,4,4,0,4,0,4,0,0,0,4,4,0,0,4,4,4,4,4,4,4,4]
            },
            {
                "repeat":     true,
                "fps":         24,
                "data":  [5,5,5,5,5,0,5,0,5,0,0,0,5,5,0,0,5,5,5,5,5,5,5,5]
            },
            {
                "repeat":     true,
                "fps":         24,
                "data":  [6,6,6,6,6,0,6,0,6,0,0,0,6,6,0,0,6,6,6,6,6,6,6,6]
            },
            {
                "repeat":     true,
                "fps":         24,
                "data":  [7,7,7,7,7,0,7,0,7,0,0,0,7,7,0,0,7,7,7,7,7,7,7,7]
            },
            {
                "repeat":     true,
                "fps":         24,
                "data":  [8,8,8,8,8,0,8,0,8,0,0,0,8,8,0,0,8,8,8,8,8,8,8,8]
            },
            {
                "repeat":     true,
                "fps":         24,
                "data":  [9,9,9,9,9,0,9,0,9,0,0,0,9,9,0,0,9,9,9,9,9,9,9,9]
            },
            {
                "repeat":     true,
                "fps":         24,
                "data":  [10,10,10,10,10,0,10,0,10,0,0,0,10,10,0,0,10,10,10,10,10,10,10,10]
            },
            {
                "repeat":     true,
                "fps":         24,
                "data":  [11,11,11,11,11,0,11,0,11,0,0,0,11,11,0,0,11,11,11,11,11,11,11,11]
            },
            {
                "repeat":     true,
                "fps":         24,
                "data":  [12,12,12,12,12,0,12,0,12,0,0,0,12,12,0,0,12,12,12,12,12,12,12,12]
            },
            {
                "repeat":     true,
                "fps":         24,
                "data":  [13,13,13,13,13,0,13,0,13,0,0,0,13,13,0,0,13,13,13,13,13,13,13,13]
            },
            {
                "repeat":     true,
                "fps":         24,
                "data":  [14,14,14,14,14,0,14,0,14,0,0,0,14,14,0,0,14,14,14,14,14,14,14,14]
            },
            {
                "repeat":     true,
                "fps":         24,
                "data":  [15,15,15,15,15,0,15,0,15,0,0,0,15,15,0,0,15,15,15,15,15,15,15,15]
            },
            {
                "repeat":     true,
                "fps":         24,
                "data":  [16,16,16,16,16,0,16,0,16,0,0,0,16,16,0,0,16,16,16,16,16,16,16,16]
            }
        ]
    }
}
