{
    "SD_LADYBUGSY": {
        "source_file":     "data/images/lady_bugsy.png",
        "source_rect":     { "xpos": 0, "ypos": 0, "width": 312, "height": 90 },
        "frame_size":      { "width": 52, "height": 30 },
        "hot_spot":        { "xpos": 26, "ypos": 29 },
        "animations": [
            {
                "repeat":     true,
                "fps":         4,
                "data":  [0]
            },
            {
                "repeat":     true,
                "fps":         4,
                "data":  [0,1,2,3]
            },
            {
                "repeat":     true,
                "fps":         4,
                "data":  [9,10,11,12]
            },
            {
                "repeat":     false,
                "fps":         20,
                "data":  [0,4,5,6,7,8,0]
            },
            {
                "repeat":     false,
                "fps":         20,
                "data":  [9,13,14,15,16,17,9]
            }
        ]
    },
    "SD_SLIMEBULLET": {
        "source_file":     "data/images/lady_bugsy.png",
        "source_rect":     { "xpos": 0, "ypos": 100, "width": 96, "height": 7 },
        "frame_size":      { "width": 16, "height": 7 },
        "hot_spot":        { "xpos": 3, "ypos": 3 },
        "animations": [
            {
                "repeat":     true,
                "fps":         4,
                "data":  [0]
            },
            {
                "repeat":     false,
                "fps":         4,
                "data":  [3]
            },
            {
                "repeat":     true,
                "fps":         20,
                "data":  [1,2]
            },
            {
                "repeat":     true,
                "fps":         20,
                "data":  [4,5]
            }
        ]
    }
}
