{
    "SD_TAILS": {
        "source_file":     "data/images/player.png",
        "source_rect":     { "xpos": 200, "ypos": 20, "width": 250, "height": 650 },
        "frame_size":      { "width": 50, "height": 50 },
        "hot_spot":        { "xpos": 25, "ypos": 50 },
        "animations": [
            {
                "repeat":     true,
                "fps":         8,
                "data":  [0,1,2,3]
            },
            {
                "repeat":     true,
                "fps":         8,
                "data":  [4,5,6,7,8,9,10,11]
            },
            {
                "repeat":     true,
                "fps":         8,
                "data":  [12,13]
            },
            {
                "repeat":     true,
                "fps":         16,
                "data":  [17,18,19,20]
            },
            {
                "repeat":     false,
                "fps":         12,
                "data":  [27]
            },
            {
                "repeat":     false,
                "fps":         12,
                "data":  [28]
            },
            {
                "repeat":     true,
                "fps":         16,
                "data":  [14,15,16]
            },
            {
                "repeat":     false,
                "fps":         8,
                "data":  [25,26]
            },
            {
                "repeat":     false,
                "fps":         8,
                "data":  [23]
            },
            {
                "repeat":     false,
                "fps":         8,
                "data":  [23]
            },
            {
                "repeat":     true,
                "fps":         6,
                "data":  [39,40]
            },
            {
                "repeat":     false,
                "fps":         8,
                "data":  [21,22]
            },
            {
                "repeat":     false,
                "fps":         8,
                "data":  [24]
            },
            {
                "repeat":     true,
                "fps":         16,
                "data":  [29,30]
            },
            {
                "repeat":     true,
                "fps":         8,
                "data":  [35,36,37,38]
            },
            {
                "repeat":     true,
                "fps":         8,
                "data":  [41,42,43,44,43,42,41,41]
            },
            {
                "repeat":     true,
                "fps":         8,
                "data":  [46,47]
            },
            {
                "repeat":     true,
                "fps":         8,
                "data":  [48,49,50,51,52]
            },
            {
                "repeat":     true,
                "fps":         8,
                "data":  [53,54,55]
            },
            {
                "repeat":     true,
                "fps":         8,
                "data":  [33,34]
            },
            {
                "repeat":     true,
                "fps":         16,
                "data":  [31,32]
            },
            {
                "repeat":     false,
                "fps":         1,
                "data":  [0]
            },
            {
                "repeat":     false,
                "fps":         1,
                "data":  [0]
            },
            {
                "repeat":     false,
                "fps":         1,
                "data":  [0]
            },
            {
                "repeat":     false,
                "fps":         1,
                "data":  [0]
            }, 
            {
                "repeat":     true,
                "fps":         8,
                "data":  [45]
            }
        ]
    }
}
