{
    "SD_SPIKES": {
        "source_file":     "data/images/spikes.png",
        "source_rect":     { "xpos": 10, "ypos": 80, "width": 128, "height": 32 },
        "frame_size":      { "width": 32, "height": 32 },
        "hot_spot":        { "xpos": 16, "ypos": 31 },
        "animations": [
            {
                "repeat":     true,
                "fps":         8,
                "data":  [0]
            },
            {
                "repeat":     true,
                "fps":         8,
                "data":  [1]
            },
            {
                "repeat":     true,
                "fps":         8,
                "data":  [2]
            },
            {
                "repeat":     true,
                "fps":         8,
                "data":  [3]
            }
        ]
    }
}
