{
    "SD_SONIC": {
        "source_file":     "data/images/player.png",
        "source_rect":     { "xpos": 0, "ypos": 20, "width": 200, "height": 675 },
        "frame_size":      { "width": 40, "height": 45 },
        "hot_spot":        { "xpos": 20, "ypos": 45 },
        "animations": [
            {
                "name": "stopped",
                "repeat":     true,
                "fps":         8,
                "data":  [0]
            },
            {
                "name": "walking",
                "repeat":     true,
                "fps":         8,
                "data":  [30,31,32,33,34,35,36,37]
            },
            {
                "name": "running",
                "repeat":     true,
                "fps":         8,
                "data":  [26,27,28,29]
            },
            {
                "name": "jumping",
                "repeat":     true,
                "fps":         16,
                "data":  [15,16,17,18,19]
            },
            {
                "name": "crouch down",
                "repeat":     false,
                "fps":         12,
                "data":  [5,6]
            },
            {
                "name": "look up",
                "repeat":     false,
                "fps":         12,
                "data":  [3,4]
            },
            {
                "name": "spin dash",
                "repeat":     true,
                "fps":         16,
                "data":  [20,21,22,24,24,25]
            },
            {
                "name": "braking",
                "repeat":     false,
                "fps":         8,
                "data":  [7,8,9]
            },
            {
                "name": "dead",
                "repeat":     false,
                "fps":         8,
                "data":  [13]
            },
            {
                "name": "drowned",
                "repeat":     false,
                "fps":         8,
                "data":  [14]
            },
            {
                "name": "ledge",
                "repeat":     true,
                "fps":         6,
                "data":  [39,40,41]
            },
            {
                "name": "ringless",
                "repeat":     false,
                "fps":         8,
                "data":  [10,11]
            },
            {
                "name": "breathing",
                "repeat":     false,
                "fps":         8,
                "data":  [38]
            },
            {
                "name": "spring",
                "repeat":     true,
                "fps":         8,
                "data":  [12]
            },
            {
                "name": "pushing",
                "repeat":     true,
                "fps":         8,
                "data":  [42,43,44,45]
            },
            {
                "name": "waiting",
                "repeat":     true,
                "fps":         6,
                "data":  [1,2]
            },
            {
                "name": "",
                "repeat":     false,
                "fps":         1,
                "data":  [0]
            },
            {
                "name": "",
                "repeat":     false,
                "fps":         1,
                "data":  [0]
            },
            {
                "name": "",
                "repeat":     false,
                "fps":         1,
                "data":  [0]
            },
            {
                "name": "",
                "repeat":     false,
                "fps":         1,
                "data":  [0]
            },
            {
                "name": "",
                "repeat":     false,
                "fps":         1,
                "data":  [0]
            },
            {
                "name": "",
                "repeat":     false,
                "fps":         1,
                "data":  [0]
            },
            {
                "name": "",
                "repeat":     false,
                "fps":         1,
                "data":  [0]
            },
            {
                "name": "",
                "repeat":     false,
                "fps":         1,
                "data":  [0]
            },
            {
                "name": "victory",
                "repeat":     true,
                "fps":         8,
                "data":  [49,47,48,47]
            },
            {
                "name": "being carried",
                "repeat":     true,
                "fps":         8,
                "data":  [50]
            }
        ]
    }
}
