{
    "name":         "Blue Ocean Zone",
    "act":          3,
    "theme":        "data/themes/ocean.bricks.json",
    "bgtheme":      "data/themes/ocean2b.bg.json",
    "spawn_point":  { "x": 35, "y": 280 },
    "music":        "data/music/boss.mp4",
    "boss":         { "id": 0, "x": 900, "y": 80, "rx": 450, "ry": 0, "rw": 638, "rh": 231 },
    "dialogbox": [
        {
                    "xpos": 160,
                    "ypos": 0,
                    "width": 140,
                    "height": 450,
                    "title": "BOZ_3_TITLE_0",
                    "message": "BOZ_3_MSG_0"
        }
    ],
    "bricklist": [
        { "id": 1, "xpos": 0, "ypos": 464 },
        { "id": 1, "xpos": 8, "ypos": 464 },
        { "id": 1, "xpos": 272, "ypos": 464 },
        { "id": 1, "xpos": 408, "ypos": 464 },
        { "id": 1, "xpos": 544, "ypos": 464 },
        { "id": 1, "xpos": 680, "ypos": 464 },
        { "id": 1, "xpos": 816, "ypos": 464 },
        { "id": 1, "xpos": 952, "ypos": 464 },
        { "id": 1, "xpos": 1088, "ypos": 464 },
        { "id": 6, "xpos": 207, "ypos": 380 },
        { "id": 1, "xpos": 272, "ypos": 377 },
        { "id": 1, "xpos": 0, "ypos": 377 },
        { "id": 1, "xpos": 8, "ypos": 377 },
        { "id": 1, "xpos": 408, "ypos": 377 },
        { "id": 1, "xpos": 544, "ypos": 377 },
        { "id": 1, "xpos": 680, "ypos": 376 },
        { "id": 1, "xpos": 816, "ypos": 376 },
        { "id": 1, "xpos": 952, "ypos": 376 },
        { "id": 1, "xpos": 1088, "ypos": 376 },
        { "id": 1, "xpos": 0, "ypos": 316 },
        { "id": 1, "xpos": 8, "ypos": 316 },
        { "id": 1, "xpos": 408, "ypos": 289 },
        { "id": 1, "xpos": 544, "ypos": 289 },
        { "id": 1, "xpos": 679, "ypos": 289 },
        { "id": 1, "xpos": 815, "ypos": 289 },
        { "id": 1, "xpos": 951, "ypos": 289 },
        { "id": 1, "xpos": 1087, "ypos": 289 },
        { "id": 7, "xpos": 1352, "ypos": 267 },
        { "id": 7, "xpos": 1480, "ypos": 267 },
        { "id": 7, "xpos": 1608, "ypos": 267 },
        { "id": 6, "xpos": 1287, "ypos": 266 },
        { "id": 1, "xpos": 1088, "ypos": 202 },
        { "id": 1, "xpos": 408, "ypos": 201 },
        { "id": 1, "xpos": 544, "ypos": 201 },
        { "id": 1, "xpos": 680, "ypos": 201 },
        { "id": 1, "xpos": 816, "ypos": 201 },
        { "id": 1, "xpos": 952, "ypos": 201 },
        { "id": 0, "xpos": 408, "ypos": 170 },
        { "id": 5, "xpos": 144, "ypos": 316 },
        { "id": 5, "xpos": 1224, "ypos": 202 },
        { "id": 51, "xpos": 300, "ypos": 356 },
        { "id": 51, "xpos": 89, "ypos": 294 },
        { "id": 59, "xpos": 283, "ypos": 211 },
        { "id": 58, "xpos": 1122, "ypos": 179 },
        { "id": 57, "xpos": 1114, "ypos": 178 },
        { "id": 57, "xpos": 1177, "ypos": 178 },
        { "id": 57, "xpos": 418, "ypos": 177 },
        { "id": 58, "xpos": 425, "ypos": 177 },
        { "id": 58, "xpos": 1059, "ypos": 177 },
        { "id": 57, "xpos": 543, "ypos": 177 },
        { "id": 58, "xpos": 551, "ypos": 177 },
        { "id": 57, "xpos": 606, "ypos": 177 },
        { "id": 58, "xpos": 614, "ypos": 177 },
        { "id": 57, "xpos": 669, "ypos": 177 },
        { "id": 58, "xpos": 677, "ypos": 177 },
        { "id": 57, "xpos": 733, "ypos": 177 },
        { "id": 58, "xpos": 742, "ypos": 177 },
        { "id": 57, "xpos": 798, "ypos": 177 },
        { "id": 58, "xpos": 806, "ypos": 177 },
        { "id": 57, "xpos": 862, "ypos": 177 },
        { "id": 57, "xpos": 926, "ypos": 177 },
        { "id": 58, "xpos": 934, "ypos": 177 },
        { "id": 57, "xpos": 990, "ypos": 177 },
        { "id": 58, "xpos": 998, "ypos": 177 },
        { "id": 57, "xpos": 1051, "ypos": 177 },
        { "id": 58, "xpos": 488, "ypos": 177 },
        { "id": 57, "xpos": 480, "ypos": 177 },
        { "id": 58, "xpos": 870, "ypos": 176 },
        { "id": 56, "xpos": 552, "ypos": 169 },
        { "id": 59, "xpos": 51, "ypos": 151 },
        { "id": 62, "xpos": 1403, "ypos": 139 },
        { "id": 62, "xpos": 1648, "ypos": 139 },
        { "id": 50, "xpos": 991, "ypos": 106 },
        { "id": 52, "xpos": 392, "ypos": 80 },
        { "id": 50, "xpos": 761, "ypos": 73 },
        { "id": 59, "xpos": 582, "ypos": 35 },
        { "id": 59, "xpos": 697, "ypos": 35 },
        { "id": 59, "xpos": 817, "ypos": 35 },
        { "id": 59, "xpos": 937, "ypos": 35 },
        { "id": 59, "xpos": 1037, "ypos": 35 },
        { "id": 59, "xpos": 457, "ypos": 4 }
    ],
    "itemlist": [
       { "id": 22, "xpos": 483, "ypos": 146 },
        { "id": 21, "xpos": 374, "ypos": 377 },
        { "id": 32, "xpos": 1547, "ypos": 267 },
        { "id": 0, "xpos": 264, "ypos": 360 },
        { "id": 0, "xpos": 163, "ypos": 307 },
        { "id": 0, "xpos": 230, "ypos": 340 },
        { "id": 0, "xpos": 196, "ypos": 324 }
    ],
    "enemylist": [

    ]
}
