{
    "name":         "Blue Ocean Zone",
    "act":          1,
    "theme":        "data/themes/ocean.bricks.json",
    "bgtheme":      "data/themes/oceanf.bg.json",    
    "spawn_point":  { "x": 40, "y": 2550},
    "Xspawn_point":  { "x": 300, "y": 2046},
    "Xspawn_point":  { "x": 1785, "y": 1743},
    "Xspawn_point":  { "x": 3295, "y": 966},
    "Xspawn_point":  { "x": 7618, "y": 741},
    "music":        "data/music/crusader.mp4",    
    "bricklist": [
        { "id": 25, "xpos": 3102, "ypos": 2714 },
        { "id": 0, "xpos": 3238, "ypos": 2714 },
        { "id": 0, "xpos": 3638, "ypos": 2714 },
        { "id": 25, "xpos": 3366, "ypos": 2713 },
        { "id": 16, "xpos": 3502, "ypos": 2713 },
        { "id": 16, "xpos": 3766, "ypos": 2713 },
        { "id": 48, "xpos": 2973, "ypos": 2691 },
        { "id": 48, "xpos": 3902, "ypos": 2690 },
        { "id": 48, "xpos": 3902, "ypos": 2665 },
        { "id": 48, "xpos": 2973, "ypos": 2647 },
        { "id": 48, "xpos": 3902, "ypos": 2625 },
        { "id": 48, "xpos": 2973, "ypos": 2599 },
        { "id": 48, "xpos": 3902, "ypos": 2585 },
        { "id": 7, "xpos": 0, "ypos": 2568 },
        { "id": 7, "xpos": 128, "ypos": 2568 },
        { "id": 7, "xpos": 256, "ypos": 2568 },
        { "id": 7, "xpos": 384, "ypos": 2568 },
        { "id": 7, "xpos": 512, "ypos": 2568 },
        { "id": 7, "xpos": 688, "ypos": 2568 },
        { "id": 7, "xpos": 600, "ypos": 2568 },
        { "id": 16, "xpos": 816, "ypos": 2567 },
        { "id": 48, "xpos": 2973, "ypos": 2551 },
        { "id": 48, "xpos": 3902, "ypos": 2545 },
        { "id": 1, "xpos": 1455, "ypos": 2519 },
        { "id": 15, "xpos": 5284, "ypos": 2519 },
        { "id": 15, "xpos": 5944, "ypos": 2519 },
        { "id": 48, "xpos": 2973, "ypos": 2503 },
        { "id": 48, "xpos": 3902, "ypos": 2489 },
        { "id": 47, "xpos": 3367, "ypos": 2482 },
        { "id": 47, "xpos": 3605, "ypos": 2482 },
        { "id": 47, "xpos": 3367, "ypos": 2471 },
        { "id": 47, "xpos": 3605, "ypos": 2471 },
        { "id": 15, "xpos": 5284, "ypos": 2466 },
        { "id": 47, "xpos": 3367, "ypos": 2460 },
        { "id": 47, "xpos": 3399, "ypos": 2460 },
        { "id": 47, "xpos": 3432, "ypos": 2460 },
        { "id": 47, "xpos": 3465, "ypos": 2460 },
        { "id": 47, "xpos": 3497, "ypos": 2460 },
        { "id": 47, "xpos": 3530, "ypos": 2460 },
        { "id": 47, "xpos": 3562, "ypos": 2460 },
        { "id": 47, "xpos": 3594, "ypos": 2460 },
        { "id": 47, "xpos": 3605, "ypos": 2460 },
        { "id": 48, "xpos": 2973, "ypos": 2455 },
        { "id": 15, "xpos": 5944, "ypos": 2444 },
        { "id": 48, "xpos": 3902, "ypos": 2441 },
        { "id": 1, "xpos": 1455, "ypos": 2431 },
        { "id": 48, "xpos": 2973, "ypos": 2407 },
        { "id": 48, "xpos": 3902, "ypos": 2401 },
        { "id": 2, "xpos": 692, "ypos": 2392 },
        { "id": 2, "xpos": 564, "ypos": 2392 },
        { "id": 2, "xpos": 437, "ypos": 2392 },
        { "id": 6, "xpos": 372, "ypos": 2391 },
        { "id": 15, "xpos": 5284, "ypos": 2386 },
        { "id": 48, "xpos": 2973, "ypos": 2367 },
        { "id": 48, "xpos": 3902, "ypos": 2353 },
        { "id": 14, "xpos": 2256, "ypos": 2349 },
        { "id": 15, "xpos": 5944, "ypos": 2344 },
        { "id": 1, "xpos": 1455, "ypos": 2343 },
        { "id": 2, "xpos": 184, "ypos": 2328 },
        { "id": 2, "xpos": 136, "ypos": 2328 },
        { "id": 48, "xpos": 2973, "ypos": 2327 },
        { "id": 25, "xpos": 0, "ypos": 2327 },
        { "id": 14, "xpos": 1974, "ypos": 2313 },
        { "id": 48, "xpos": 3902, "ypos": 2305 },
        { "id": 48, "xpos": 2973, "ypos": 2279 },
        { "id": 15, "xpos": 5284, "ypos": 2279 },
        { "id": 14, "xpos": 2256, "ypos": 2269 },
        { "id": 48, "xpos": 3902, "ypos": 2268 },
        { "id": 47, "xpos": 784, "ypos": 2255 },
        { "id": 47, "xpos": 752, "ypos": 2255 },
        { "id": 47, "xpos": 721, "ypos": 2255 },
        { "id": 1, "xpos": 1455, "ypos": 2255 },
        { "id": 47, "xpos": 817, "ypos": 2255 },
        { "id": 47, "xpos": 849, "ypos": 2255 },
        { "id": 47, "xpos": 881, "ypos": 2255 },
        { "id": 47, "xpos": 913, "ypos": 2255 },
        { "id": 47, "xpos": 921, "ypos": 2255 },
        { "id": 47, "xpos": 692, "ypos": 2255 },
        { "id": 14, "xpos": 1974, "ypos": 2253 },
        { "id": 15, "xpos": 5944, "ypos": 2249 },
        { "id": 48, "xpos": 2973, "ypos": 2245 },
        { "id": 48, "xpos": 3902, "ypos": 2212 },
        { "id": 48, "xpos": 2973, "ypos": 2197 },
        { "id": 15, "xpos": 5944, "ypos": 2184 },
        { "id": 48, "xpos": 3902, "ypos": 2172 },
        { "id": 15, "xpos": 5284, "ypos": 2169 },
        { "id": 1, "xpos": 1591, "ypos": 2168 },
        { "id": 1, "xpos": 1455, "ypos": 2167 },
        { "id": 7, "xpos": 247, "ypos": 2158 },
        { "id": 7, "xpos": 375, "ypos": 2158 },
        { "id": 48, "xpos": 3902, "ypos": 2148 },
        { "id": 48, "xpos": 2973, "ypos": 2141 },
        { "id": 14, "xpos": 2256, "ypos": 2133 },
        { "id": 14, "xpos": 1974, "ypos": 2133 },
        { "id": 14, "xpos": 692, "ypos": 2119 },
        { "id": 14, "xpos": 824, "ypos": 2119 },
        { "id": 14, "xpos": 756, "ypos": 2119 },
        { "id": 48, "xpos": 3902, "ypos": 2108 },
        { "id": 0, "xpos": 2103, "ypos": 2101 },
        { "id": 0, "xpos": 2128, "ypos": 2101 },
        { "id": 48, "xpos": 2973, "ypos": 2093 },
        { "id": 2, "xpos": 692, "ypos": 2087 },
        { "id": 2, "xpos": 819, "ypos": 2087 },
        { "id": 2, "xpos": 825, "ypos": 2087 },
        { "id": 4, "xpos": 952, "ypos": 2087 },
        { "id": 1, "xpos": 1455, "ypos": 2080 },
        { "id": 1, "xpos": 1591, "ypos": 2080 },
        { "id": 15, "xpos": 5944, "ypos": 2079 },
        { "id": 48, "xpos": 3902, "ypos": 2060 },
        { "id": 15, "xpos": 5284, "ypos": 2049 },
        { "id": 48, "xpos": 2973, "ypos": 2045 },
        { "id": 4, "xpos": 1079, "ypos": 2023 },
        { "id": 32, "xpos": 0, "ypos": 2014 },
        { "id": 47, "xpos": 136, "ypos": 2014 },
        { "id": 47, "xpos": 169, "ypos": 2014 },
        { "id": 47, "xpos": 202, "ypos": 2014 },
        { "id": 47, "xpos": 235, "ypos": 2014 },
        { "id": 47, "xpos": 268, "ypos": 2014 },
        { "id": 47, "xpos": 301, "ypos": 2014 },
        { "id": 47, "xpos": 332, "ypos": 2014 },
        { "id": 48, "xpos": 3902, "ypos": 2012 },
        { "id": 15, "xpos": 5944, "ypos": 2009 },
        { "id": 48, "xpos": 2973, "ypos": 1997 },
        { "id": 14, "xpos": 1974, "ypos": 1997 },
        { "id": 14, "xpos": 2256, "ypos": 1997 },
        { "id": 1, "xpos": 1455, "ypos": 1992 },
        { "id": 1, "xpos": 1591, "ypos": 1992 },
        { "id": 48, "xpos": 3902, "ypos": 1972 },
        { "id": 0, "xpos": 2972, "ypos": 1965 },
        { "id": 0, "xpos": 2851, "ypos": 1965 },
        { "id": 0, "xpos": 2723, "ypos": 1965 },
        { "id": 0, "xpos": 2613, "ypos": 1965 },
        { "id": 0, "xpos": 2513, "ypos": 1965 },
        { "id": 0, "xpos": 2448, "ypos": 1965 },
        { "id": 0, "xpos": 2383, "ypos": 1965 },
        { "id": 0, "xpos": 2257, "ypos": 1965 },
        { "id": 0, "xpos": 2256, "ypos": 1965 },
        { "id": 7, "xpos": 1207, "ypos": 1960 },
        { "id": 7, "xpos": 1335, "ypos": 1960 },
        { "id": 0, "xpos": 1448, "ypos": 1960 },
        { "id": 1, "xpos": 1591, "ypos": 1960 },
        { "id": 0, "xpos": 1567, "ypos": 1960 },
        { "id": 48, "xpos": 107, "ypos": 1958 },
        { "id": 48, "xpos": 0, "ypos": 1958 },
        { "id": 15, "xpos": 5284, "ypos": 1934 },
        { "id": 48, "xpos": 3902, "ypos": 1932 },
        { "id": 15, "xpos": 5944, "ypos": 1919 },
        { "id": 14, "xpos": 1974, "ypos": 1911 },
        { "id": 16, "xpos": 3237, "ypos": 1903 },
        { "id": 48, "xpos": 108, "ypos": 1902 },
        { "id": 48, "xpos": 0, "ypos": 1902 },
        { "id": 1, "xpos": 2851, "ypos": 1901 },
        { "id": 1, "xpos": 2972, "ypos": 1901 },
        { "id": 0, "xpos": 2984, "ypos": 1901 },
        { "id": 0, "xpos": 3862, "ypos": 1901 },
        { "id": 0, "xpos": 3989, "ypos": 1901 },
        { "id": 0, "xpos": 4047, "ypos": 1901 },
        { "id": 7, "xpos": 3606, "ypos": 1901 },
        { "id": 7, "xpos": 3478, "ypos": 1901 },
        { "id": 7, "xpos": 3372, "ypos": 1901 },
        { "id": 0, "xpos": 3112, "ypos": 1901 },
        { "id": 14, "xpos": 236, "ypos": 1878 },
        { "id": 1, "xpos": 1455, "ypos": 1872 },
        { "id": 1, "xpos": 1591, "ypos": 1872 },
        { "id": 48, "xpos": 107, "ypos": 1846 },
        { "id": 48, "xpos": 0, "ypos": 1846 },
        { "id": 15, "xpos": 5284, "ypos": 1829 },
        { "id": 1, "xpos": 4039, "ypos": 1813 },
        { "id": 1, "xpos": 3904, "ypos": 1813 },
        { "id": 15, "xpos": 5944, "ypos": 1809 },
        { "id": 0, "xpos": 2256, "ypos": 1803 },
        { "id": 0, "xpos": 2257, "ypos": 1803 },
        { "id": 48, "xpos": 108, "ypos": 1790 },
        { "id": 48, "xpos": 0, "ypos": 1790 },
        { "id": 1, "xpos": 1591, "ypos": 1784 },
        { "id": 14, "xpos": 1974, "ypos": 1775 },
        { "id": 1, "xpos": 1591, "ypos": 1764 },
        { "id": 1, "xpos": 4039, "ypos": 1759 },
        { "id": 1, "xpos": 3904, "ypos": 1759 },
        { "id": 15, "xpos": 5284, "ypos": 1754 },
        { "id": 7, "xpos": 1847, "ypos": 1744 },
        { "id": 0, "xpos": 1975, "ypos": 1744 },
        { "id": 1, "xpos": 1591, "ypos": 1744 },
        { "id": 7, "xpos": 1727, "ypos": 1744 },
        { "id": 14, "xpos": 236, "ypos": 1742 },
        { "id": 48, "xpos": 108, "ypos": 1742 },
        { "id": 48, "xpos": 0, "ypos": 1742 },
        { "id": 7, "xpos": 0, "ypos": 1712 },
        { "id": 7, "xpos": 120, "ypos": 1712 },
        { "id": 7, "xpos": 237, "ypos": 1711 },
        { "id": 15, "xpos": 5944, "ypos": 1704 },
        { "id": 48, "xpos": 3991, "ypos": 1703 },
        { "id": 14, "xpos": 2256, "ypos": 1682 },
        { "id": 47, "xpos": 3102, "ypos": 1674 },
        { "id": 47, "xpos": 3340, "ypos": 1672 },
        { "id": 1, "xpos": 3904, "ypos": 1671 },
        { "id": 1, "xpos": 4039, "ypos": 1671 },
        { "id": 47, "xpos": 3102, "ypos": 1663 },
        { "id": 47, "xpos": 3340, "ypos": 1663 },
        { "id": 15, "xpos": 5284, "ypos": 1654 },
        { "id": 47, "xpos": 3102, "ypos": 1652 },
        { "id": 47, "xpos": 3134, "ypos": 1652 },
        { "id": 47, "xpos": 3166, "ypos": 1652 },
        { "id": 47, "xpos": 3198, "ypos": 1652 },
        { "id": 47, "xpos": 3230, "ypos": 1652 },
        { "id": 47, "xpos": 3262, "ypos": 1652 },
        { "id": 47, "xpos": 3295, "ypos": 1652 },
        { "id": 47, "xpos": 3328, "ypos": 1652 },
        { "id": 47, "xpos": 3340, "ypos": 1652 },
        { "id": 0, "xpos": 1847, "ypos": 1650 },
        { "id": 15, "xpos": 5944, "ypos": 1629 },
        { "id": 14, "xpos": 2256, "ypos": 1610 },
        { "id": 1, "xpos": 1847, "ypos": 1594 },
        { "id": 1, "xpos": 4040, "ypos": 1584 },
        { "id": 15, "xpos": 5284, "ypos": 1574 },
        { "id": 15, "xpos": 5944, "ypos": 1549 },
        { "id": 14, "xpos": 3244, "ypos": 1516 },
        { "id": 1, "xpos": 1847, "ypos": 1507 },
        { "id": 0, "xpos": 1719, "ypos": 1507 },
        { "id": 0, "xpos": 1591, "ypos": 1507 },
        { "id": 1, "xpos": 4040, "ypos": 1499 },
        { "id": 14, "xpos": 2256, "ypos": 1474 },
        { "id": 15, "xpos": 5284, "ypos": 1474 },
        { "id": 15, "xpos": 5944, "ypos": 1449 },
        { "id": 14, "xpos": 3244, "ypos": 1427 },
        { "id": 1, "xpos": 4040, "ypos": 1419 },
        { "id": 0, "xpos": 3693, "ypos": 1396 },
        { "id": 15, "xpos": 5284, "ypos": 1374 },
        { "id": 14, "xpos": 1590, "ypos": 1371 },
        { "id": 1, "xpos": 4040, "ypos": 1349 },
        { "id": 15, "xpos": 5944, "ypos": 1349 },
        { "id": 0, "xpos": 1971, "ypos": 1345 },
        { "id": 48, "xpos": 3692, "ypos": 1340 },
        { "id": 15, "xpos": 3244, "ypos": 1340 },
        { "id": 14, "xpos": 2256, "ypos": 1338 },
        { "id": 0, "xpos": 2257, "ypos": 1308 },
        { "id": 0, "xpos": 2187, "ypos": 1308 },
        { "id": 0, "xpos": 2107, "ypos": 1308 },
        { "id": 0, "xpos": 2099, "ypos": 1308 },
        { "id": 0, "xpos": 2383, "ypos": 1308 },
        { "id": 0, "xpos": 2498, "ypos": 1308 },
        { "id": 0, "xpos": 2623, "ypos": 1308 },
        { "id": 0, "xpos": 2728, "ypos": 1308 },
        { "id": 0, "xpos": 2838, "ypos": 1308 },
        { "id": 0, "xpos": 2938, "ypos": 1308 },
        { "id": 0, "xpos": 3053, "ypos": 1308 },
        { "id": 0, "xpos": 3178, "ypos": 1308 },
        { "id": 0, "xpos": 3303, "ypos": 1308 },
        { "id": 0, "xpos": 3353, "ypos": 1308 },
        { "id": 0, "xpos": 3468, "ypos": 1308 },
        { "id": 0, "xpos": 3588, "ypos": 1308 },
        { "id": 0, "xpos": 3693, "ypos": 1308 },
        { "id": 15, "xpos": 5284, "ypos": 1289 },
        { "id": 1, "xpos": 4040, "ypos": 1274 },
        { "id": 48, "xpos": 2864, "ypos": 1261 },
        { "id": 48, "xpos": 2735, "ypos": 1256 },
        { "id": 48, "xpos": 2649, "ypos": 1256 },
        { "id": 15, "xpos": 5944, "ypos": 1254 },
        { "id": 48, "xpos": 2993, "ypos": 1252 },
        { "id": 6, "xpos": 3301, "ypos": 1244 },
        { "id": 14, "xpos": 1590, "ypos": 1235 },
        { "id": 15, "xpos": 5284, "ypos": 1219 },
        { "id": 48, "xpos": 2735, "ypos": 1211 },
        { "id": 48, "xpos": 2864, "ypos": 1211 },
        { "id": 48, "xpos": 2993, "ypos": 1211 },
        { "id": 48, "xpos": 2649, "ypos": 1211 },
        { "id": 14, "xpos": 1970, "ypos": 1209 },
        { "id": 2, "xpos": 1718, "ypos": 1204 },
        { "id": 1, "xpos": 4040, "ypos": 1204 },
        { "id": 0, "xpos": 3111, "ypos": 1180 },
        { "id": 0, "xpos": 2986, "ypos": 1180 },
        { "id": 0, "xpos": 2861, "ypos": 1180 },
        { "id": 0, "xpos": 2735, "ypos": 1180 },
        { "id": 0, "xpos": 2649, "ypos": 1180 },
        { "id": 0, "xpos": 680, "ypos": 1176 },
        { "id": 0, "xpos": 584, "ypos": 1176 },
        { "id": 0, "xpos": 472, "ypos": 1176 },
        { "id": 0, "xpos": 376, "ypos": 1176 },
        { "id": 0, "xpos": 256, "ypos": 1176 },
        { "id": 0, "xpos": 128, "ypos": 1176 },
        { "id": 0, "xpos": 0, "ypos": 1176 },
        { "id": 0, "xpos": 685, "ypos": 1176 },
        { "id": 48, "xpos": 2649, "ypos": 1172 },
        { "id": 15, "xpos": 5944, "ypos": 1168 },
        { "id": 7, "xpos": 4433, "ypos": 1162 },
        { "id": 7, "xpos": 4561, "ypos": 1162 },
        { "id": 7, "xpos": 4686, "ypos": 1162 },
        { "id": 7, "xpos": 4813, "ypos": 1162 },
        { "id": 6, "xpos": 4368, "ypos": 1161 },
        { "id": 15, "xpos": 5284, "ypos": 1129 },
        { "id": 14, "xpos": 1590, "ypos": 1125 },
        { "id": 1, "xpos": 4041, "ypos": 1117 },
        { "id": 48, "xpos": 2649, "ypos": 1116 },
        { "id": 6, "xpos": 4240, "ypos": 1096 },
        { "id": 14, "xpos": 1970, "ypos": 1089 },
        { "id": 0, "xpos": 1464, "ypos": 1080 },
        { "id": 0, "xpos": 1440, "ypos": 1080 },
        { "id": 0, "xpos": 1344, "ypos": 1080 },
        { "id": 0, "xpos": 1256, "ypos": 1080 },
        { "id": 0, "xpos": 1160, "ypos": 1080 },
        { "id": 0, "xpos": 1056, "ypos": 1080 },
        { "id": 0, "xpos": 936, "ypos": 1080 },
        { "id": 0, "xpos": 840, "ypos": 1080 },
        { "id": 0, "xpos": 808, "ypos": 1080 },
        { "id": 2, "xpos": 1843, "ypos": 1063 },
        { "id": 48, "xpos": 2649, "ypos": 1060 },
        { "id": 15, "xpos": 5944, "ypos": 1058 },
        { "id": 15, "xpos": 6276, "ypos": 1047 },
        { "id": 15, "xpos": 684, "ypos": 1044 },
        { "id": 15, "xpos": 5284, "ypos": 1039 },
        { "id": 14, "xpos": 1590, "ypos": 1035 },
        { "id": 0, "xpos": 3917, "ypos": 1032 },
        { "id": 0, "xpos": 3802, "ypos": 1032 },
        { "id": 0, "xpos": 3702, "ypos": 1032 },
        { "id": 0, "xpos": 3597, "ypos": 1032 },
        { "id": 0, "xpos": 3507, "ypos": 1032 },
        { "id": 0, "xpos": 3422, "ypos": 1032 },
        { "id": 0, "xpos": 3337, "ypos": 1032 },
        { "id": 0, "xpos": 3237, "ypos": 1032 },
        { "id": 0, "xpos": 3137, "ypos": 1032 },
        { "id": 0, "xpos": 3037, "ypos": 1032 },
        { "id": 1, "xpos": 4041, "ypos": 1032 },
        { "id": 0, "xpos": 3001, "ypos": 1032 },
        { "id": 48, "xpos": 2648, "ypos": 1004 },
        { "id": 1, "xpos": 812, "ypos": 995 },
        { "id": 1, "xpos": 931, "ypos": 995 },
        { "id": 1, "xpos": 1065, "ypos": 995 },
        { "id": 1, "xpos": 1201, "ypos": 995 },
        { "id": 14, "xpos": 1970, "ypos": 984 },
        { "id": 2, "xpos": 3282, "ypos": 967 },
        { "id": 15, "xpos": 5944, "ypos": 948 },
        { "id": 0, "xpos": 2448, "ypos": 948 },
        { "id": 48, "xpos": 2648, "ypos": 948 },
        { "id": 15, "xpos": 6276, "ypos": 947 },
        { "id": 0, "xpos": 2520, "ypos": 947 },
        { "id": 6, "xpos": 2383, "ypos": 946 },
        { "id": 15, "xpos": 5284, "ypos": 944 },
        { "id": 48, "xpos": 6405, "ypos": 942 },
        { "id": 48, "xpos": 6662, "ypos": 942 },
        { "id": 48, "xpos": 6920, "ypos": 942 },
        { "id": 48, "xpos": 6533, "ypos": 941 },
        { "id": 48, "xpos": 6790, "ypos": 941 },
        { "id": 48, "xpos": 6922, "ypos": 940 },
        { "id": 14, "xpos": 1590, "ypos": 930 },
        { "id": 1, "xpos": 7866, "ypos": 918 },
        { "id": 1, "xpos": 7730, "ypos": 918 },
        { "id": 1, "xpos": 7594, "ypos": 918 },
        { "id": 1, "xpos": 7458, "ypos": 918 },
        { "id": 1, "xpos": 7322, "ypos": 918 },
        { "id": 1, "xpos": 7186, "ypos": 918 },
        { "id": 1, "xpos": 7050, "ypos": 916 },
        { "id": 15, "xpos": 684, "ypos": 908 },
        { "id": 1, "xpos": 812, "ypos": 907 },
        { "id": 1, "xpos": 931, "ypos": 907 },
        { "id": 1, "xpos": 1065, "ypos": 907 },
        { "id": 1, "xpos": 1201, "ypos": 907 },
        { "id": 48, "xpos": 6922, "ypos": 900 },
        { "id": 0, "xpos": 1591, "ypos": 899 },
        { "id": 0, "xpos": 1589, "ypos": 899 },
        { "id": 6, "xpos": 1525, "ypos": 899 },
        { "id": 48, "xpos": 2648, "ypos": 892 },
        { "id": 14, "xpos": 1970, "ypos": 889 },
        { "id": 48, "xpos": 2648, "ypos": 889 },
        { "id": 48, "xpos": 6405, "ypos": 886 },
        { "id": 48, "xpos": 6662, "ypos": 886 },
        { "id": 48, "xpos": 6920, "ypos": 886 },
        { "id": 48, "xpos": 6533, "ypos": 885 },
        { "id": 48, "xpos": 6791, "ypos": 885 },
        { "id": 6, "xpos": 2255, "ypos": 882 },
        { "id": 2, "xpos": 4901, "ypos": 870 },
        { "id": 4, "xpos": 5029, "ypos": 868 },
        { "id": 15, "xpos": 5944, "ypos": 863 },
        { "id": 0, "xpos": 2449, "ypos": 858 },
        { "id": 0, "xpos": 2564, "ypos": 858 },
        { "id": 0, "xpos": 2689, "ypos": 858 },
        { "id": 0, "xpos": 2784, "ypos": 858 },
        { "id": 0, "xpos": 2914, "ypos": 858 },
        { "id": 0, "xpos": 2989, "ypos": 858 },
        { "id": 0, "xpos": 3089, "ypos": 858 },
        { "id": 0, "xpos": 3194, "ypos": 858 },
        { "id": 0, "xpos": 3304, "ypos": 858 },
        { "id": 0, "xpos": 3414, "ypos": 858 },
        { "id": 0, "xpos": 3509, "ypos": 858 },
        { "id": 0, "xpos": 3609, "ypos": 858 },
        { "id": 0, "xpos": 3719, "ypos": 858 },
        { "id": 0, "xpos": 3804, "ypos": 858 },
        { "id": 0, "xpos": 3904, "ypos": 858 },
        { "id": 0, "xpos": 4029, "ypos": 858 },
        { "id": 0, "xpos": 2874, "ypos": 858 },
        { "id": 15, "xpos": 6276, "ypos": 857 },
        { "id": 15, "xpos": 5284, "ypos": 854 },
        { "id": 14, "xpos": 1970, "ypos": 849 },
        { "id": 0, "xpos": 1336, "ypos": 835 },
        { "id": 48, "xpos": 6405, "ypos": 830 },
        { "id": 48, "xpos": 6533, "ypos": 830 },
        { "id": 48, "xpos": 6662, "ypos": 830 },
        { "id": 48, "xpos": 6791, "ypos": 830 },
        { "id": 48, "xpos": 6920, "ypos": 830 },
        { "id": 48, "xpos": 6922, "ypos": 830 },
        { "id": 1, "xpos": 7186, "ypos": 830 },
        { "id": 1, "xpos": 7322, "ypos": 830 },
        { "id": 1, "xpos": 7458, "ypos": 830 },
        { "id": 1, "xpos": 7594, "ypos": 830 },
        { "id": 1, "xpos": 7730, "ypos": 830 },
        { "id": 1, "xpos": 7866, "ypos": 830 },
        { "id": 1, "xpos": 7050, "ypos": 829 },
        { "id": 15, "xpos": 684, "ypos": 820 },
        { "id": 1, "xpos": 813, "ypos": 819 },
        { "id": 1, "xpos": 948, "ypos": 819 },
        { "id": 1, "xpos": 1201, "ypos": 819 },
        { "id": 1, "xpos": 1082, "ypos": 819 },
        { "id": 0, "xpos": 2064, "ypos": 818 },
        { "id": 0, "xpos": 1949, "ypos": 818 },
        { "id": 4, "xpos": 5157, "ypos": 805 },
        { "id": 48, "xpos": 2450, "ypos": 803 },
        { "id": 48, "xpos": 2579, "ypos": 802 },
        { "id": 48, "xpos": 2664, "ypos": 802 },
        { "id": 48, "xpos": 2749, "ypos": 802 },
        { "id": 48, "xpos": 2834, "ypos": 802 },
        { "id": 48, "xpos": 2909, "ypos": 802 },
        { "id": 48, "xpos": 2989, "ypos": 802 },
        { "id": 48, "xpos": 3069, "ypos": 802 },
        { "id": 48, "xpos": 3154, "ypos": 802 },
        { "id": 48, "xpos": 3229, "ypos": 802 },
        { "id": 48, "xpos": 3304, "ypos": 802 },
        { "id": 48, "xpos": 3389, "ypos": 802 },
        { "id": 48, "xpos": 3479, "ypos": 802 },
        { "id": 48, "xpos": 3574, "ypos": 802 },
        { "id": 48, "xpos": 3649, "ypos": 802 },
        { "id": 48, "xpos": 3739, "ypos": 802 },
        { "id": 48, "xpos": 3814, "ypos": 802 },
        { "id": 48, "xpos": 3886, "ypos": 802 },
        { "id": 48, "xpos": 3902, "ypos": 802 },
        { "id": 15, "xpos": 5284, "ypos": 774 },
        { "id": 15, "xpos": 6276, "ypos": 773 },
        { "id": 15, "xpos": 5944, "ypos": 773 },
        { "id": 48, "xpos": 2450, "ypos": 748 },
        { "id": 48, "xpos": 2670, "ypos": 746 },
        { "id": 48, "xpos": 2760, "ypos": 746 },
        { "id": 48, "xpos": 2850, "ypos": 746 },
        { "id": 48, "xpos": 2920, "ypos": 746 },
        { "id": 48, "xpos": 2995, "ypos": 746 },
        { "id": 48, "xpos": 3090, "ypos": 746 },
        { "id": 48, "xpos": 3180, "ypos": 746 },
        { "id": 48, "xpos": 3265, "ypos": 746 },
        { "id": 48, "xpos": 3350, "ypos": 746 },
        { "id": 48, "xpos": 3425, "ypos": 746 },
        { "id": 48, "xpos": 3500, "ypos": 746 },
        { "id": 48, "xpos": 3575, "ypos": 746 },
        { "id": 48, "xpos": 3665, "ypos": 746 },
        { "id": 48, "xpos": 3740, "ypos": 746 },
        { "id": 48, "xpos": 3830, "ypos": 746 },
        { "id": 48, "xpos": 3902, "ypos": 746 },
        { "id": 48, "xpos": 2577, "ypos": 746 },
        { "id": 7, "xpos": 5817, "ypos": 742 },
        { "id": 7, "xpos": 5812, "ypos": 742 },
        { "id": 7, "xpos": 5797, "ypos": 742 },
        { "id": 7, "xpos": 5669, "ypos": 742 },
        { "id": 7, "xpos": 5541, "ypos": 742 },
        { "id": 7, "xpos": 5413, "ypos": 742 },
        { "id": 0, "xpos": 6277, "ypos": 742 },
        { "id": 0, "xpos": 6271, "ypos": 742 },
        { "id": 0, "xpos": 6166, "ypos": 742 },
        { "id": 0, "xpos": 6071, "ypos": 742 },
        { "id": 2, "xpos": 5285, "ypos": 742 },
        { "id": 2, "xpos": 5944, "ypos": 742 },
        { "id": 1, "xpos": 6405, "ypos": 742 },
        { "id": 1, "xpos": 6534, "ypos": 742 },
        { "id": 1, "xpos": 6663, "ypos": 742 },
        { "id": 1, "xpos": 6792, "ypos": 742 },
        { "id": 1, "xpos": 6921, "ypos": 742 },
        { "id": 1, "xpos": 7050, "ypos": 742 },
        { "id": 1, "xpos": 7186, "ypos": 742 },
        { "id": 1, "xpos": 7322, "ypos": 742 },
        { "id": 1, "xpos": 7458, "ypos": 742 },
        { "id": 1, "xpos": 7594, "ypos": 742 },
        { "id": 1, "xpos": 7730, "ypos": 742 },
        { "id": 1, "xpos": 7866, "ypos": 742 },
        { "id": 0, "xpos": 1046, "ypos": 725 },
        { "id": 0, "xpos": 1971, "ypos": 725 },
        { "id": 0, "xpos": 1851, "ypos": 725 },
        { "id": 0, "xpos": 1756, "ypos": 725 },
        { "id": 0, "xpos": 1676, "ypos": 725 },
        { "id": 0, "xpos": 1591, "ypos": 725 },
        { "id": 0, "xpos": 1511, "ypos": 725 },
        { "id": 0, "xpos": 1446, "ypos": 725 },
        { "id": 0, "xpos": 1381, "ypos": 725 },
        { "id": 0, "xpos": 1291, "ypos": 725 },
        { "id": 0, "xpos": 1231, "ypos": 725 },
        { "id": 0, "xpos": 1171, "ypos": 725 },
        { "id": 0, "xpos": 1106, "ypos": 725 },
        { "id": 14, "xpos": 4029, "ypos": 722 },
        { "id": 48, "xpos": 2450, "ypos": 694 },
        { "id": 48, "xpos": 2579, "ypos": 692 },
        { "id": 48, "xpos": 2668, "ypos": 692 },
        { "id": 48, "xpos": 2743, "ypos": 692 },
        { "id": 48, "xpos": 2813, "ypos": 692 },
        { "id": 48, "xpos": 2883, "ypos": 692 },
        { "id": 48, "xpos": 2953, "ypos": 692 },
        { "id": 48, "xpos": 3023, "ypos": 692 },
        { "id": 48, "xpos": 3093, "ypos": 692 },
        { "id": 48, "xpos": 3173, "ypos": 692 },
        { "id": 48, "xpos": 3253, "ypos": 692 },
        { "id": 48, "xpos": 3323, "ypos": 692 },
        { "id": 48, "xpos": 3413, "ypos": 692 },
        { "id": 48, "xpos": 3493, "ypos": 692 },
        { "id": 48, "xpos": 3573, "ypos": 692 },
        { "id": 48, "xpos": 3643, "ypos": 692 },
        { "id": 48, "xpos": 3723, "ypos": 692 },
        { "id": 48, "xpos": 3793, "ypos": 692 },
        { "id": 48, "xpos": 3863, "ypos": 692 },
        { "id": 48, "xpos": 3900, "ypos": 692 },
        { "id": 15, "xpos": 684, "ypos": 684 },
        { "id": 48, "xpos": 1175, "ypos": 669 },
        { "id": 48, "xpos": 1255, "ypos": 669 },
        { "id": 48, "xpos": 1335, "ypos": 669 },
        { "id": 48, "xpos": 1415, "ypos": 669 },
        { "id": 48, "xpos": 1505, "ypos": 669 },
        { "id": 48, "xpos": 1580, "ypos": 669 },
        { "id": 48, "xpos": 1655, "ypos": 669 },
        { "id": 48, "xpos": 1730, "ypos": 669 },
        { "id": 48, "xpos": 1815, "ypos": 669 },
        { "id": 48, "xpos": 1841, "ypos": 669 },
        { "id": 0, "xpos": 3901, "ypos": 661 },
        { "id": 0, "xpos": 3851, "ypos": 661 },
        { "id": 0, "xpos": 3781, "ypos": 661 },
        { "id": 0, "xpos": 3686, "ypos": 661 },
        { "id": 0, "xpos": 3606, "ypos": 661 },
        { "id": 48, "xpos": 2450, "ypos": 649 },
        { "id": 0, "xpos": 6277, "ypos": 648 },
        { "id": 0, "xpos": 6276, "ypos": 648 },
        { "id": 48, "xpos": 2579, "ypos": 637 },
        { "id": 48, "xpos": 2639, "ypos": 637 },
        { "id": 48, "xpos": 2729, "ypos": 637 },
        { "id": 48, "xpos": 2799, "ypos": 637 },
        { "id": 48, "xpos": 2928, "ypos": 637 },
        { "id": 48, "xpos": 2450, "ypos": 624 },
        { "id": 14, "xpos": 4029, "ypos": 617 },
        { "id": 48, "xpos": 2580, "ypos": 613 },
        { "id": 48, "xpos": 2640, "ypos": 613 },
        { "id": 48, "xpos": 2708, "ypos": 613 },
        { "id": 48, "xpos": 2778, "ypos": 613 },
        { "id": 48, "xpos": 2907, "ypos": 613 },
        { "id": 48, "xpos": 1842, "ypos": 613 },
        { "id": 48, "xpos": 1722, "ypos": 613 },
        { "id": 48, "xpos": 1607, "ypos": 613 },
        { "id": 48, "xpos": 1512, "ypos": 613 },
        { "id": 48, "xpos": 1422, "ypos": 613 },
        { "id": 48, "xpos": 1302, "ypos": 613 },
        { "id": 48, "xpos": 1207, "ypos": 613 },
        { "id": 48, "xpos": 1175, "ypos": 613 },
        { "id": 14, "xpos": 1970, "ypos": 591 },
        { "id": 15, "xpos": 684, "ypos": 589 },
        { "id": 15, "xpos": 1046, "ypos": 589 },
        { "id": 48, "xpos": 2451, "ypos": 583 },
        { "id": 0, "xpos": 2829, "ypos": 582 },
        { "id": 0, "xpos": 2709, "ypos": 582 },
        { "id": 0, "xpos": 2579, "ypos": 582 },
        { "id": 0, "xpos": 2582, "ypos": 582 },
        { "id": 48, "xpos": 1432, "ypos": 558 },
        { "id": 0, "xpos": 1047, "ypos": 557 },
        { "id": 0, "xpos": 1040, "ypos": 557 },
        { "id": 0, "xpos": 969, "ypos": 557 },
        { "id": 0, "xpos": 879, "ypos": 557 },
        { "id": 0, "xpos": 784, "ypos": 557 },
        { "id": 0, "xpos": 684, "ypos": 557 },
        { "id": 48, "xpos": 1175, "ypos": 557 },
        { "id": 48, "xpos": 1304, "ypos": 557 },
        { "id": 48, "xpos": 1841, "ypos": 557 },
        { "id": 48, "xpos": 1731, "ypos": 557 },
        { "id": 48, "xpos": 1631, "ypos": 557 },
        { "id": 48, "xpos": 1532, "ypos": 557 },
        { "id": 0, "xpos": 2451, "ypos": 552 },
        { "id": 0, "xpos": 2462, "ypos": 552 },
        { "id": 15, "xpos": 6276, "ypos": 537 },
        { "id": 48, "xpos": 1432, "ypos": 502 },
        { "id": 48, "xpos": 1842, "ypos": 502 },
        { "id": 48, "xpos": 1175, "ypos": 501 },
        { "id": 48, "xpos": 1055, "ypos": 501 },
        { "id": 48, "xpos": 940, "ypos": 501 },
        { "id": 48, "xpos": 835, "ypos": 501 },
        { "id": 48, "xpos": 725, "ypos": 501 },
        { "id": 48, "xpos": 684, "ypos": 501 },
        { "id": 48, "xpos": 1303, "ypos": 501 },
        { "id": 14, "xpos": 4029, "ypos": 482 },
        { "id": 14, "xpos": 1970, "ypos": 481 },
        { "id": 47, "xpos": 6783, "ypos": 457 },
        { "id": 47, "xpos": 7050, "ypos": 457 },
        { "id": 14, "xpos": 2580, "ypos": 447 },
        { "id": 47, "xpos": 6783, "ypos": 447 },
        { "id": 47, "xpos": 7050, "ypos": 447 },
        { "id": 48, "xpos": 1341, "ypos": 446 },
        { "id": 48, "xpos": 1841, "ypos": 446 },
        { "id": 48, "xpos": 684, "ypos": 445 },
        { "id": 48, "xpos": 812, "ypos": 445 },
        { "id": 48, "xpos": 887, "ypos": 445 },
        { "id": 48, "xpos": 972, "ypos": 445 },
        { "id": 48, "xpos": 1042, "ypos": 445 },
        { "id": 48, "xpos": 1117, "ypos": 445 },
        { "id": 48, "xpos": 1212, "ypos": 445 },
        { "id": 47, "xpos": 6783, "ypos": 436 },
        { "id": 47, "xpos": 6816, "ypos": 436 },
        { "id": 47, "xpos": 6849, "ypos": 436 },
        { "id": 47, "xpos": 6882, "ypos": 436 },
        { "id": 47, "xpos": 6915, "ypos": 436 },
        { "id": 47, "xpos": 6948, "ypos": 436 },
        { "id": 47, "xpos": 6981, "ypos": 436 },
        { "id": 47, "xpos": 7014, "ypos": 436 },
        { "id": 47, "xpos": 7047, "ypos": 436 },
        { "id": 47, "xpos": 7050, "ypos": 436 },
        { "id": 68, "xpos": 7381, "ypos": 435 },
        { "id": 2, "xpos": 7874, "ypos": 435 },
        { "id": 2, "xpos": 7746, "ypos": 435 },
        { "id": 0, "xpos": 2451, "ypos": 431 },
        { "id": 0, "xpos": 2452, "ypos": 431 },
        { "id": 14, "xpos": 2580, "ypos": 431 },
        { "id": 15, "xpos": 6276, "ypos": 402 },
        { "id": 0, "xpos": 2580, "ypos": 399 },
        { "id": 0, "xpos": 2581, "ypos": 399 },
        { "id": 48, "xpos": 1841, "ypos": 391 },
        { "id": 14, "xpos": 1970, "ypos": 386 },
        { "id": 14, "xpos": 4029, "ypos": 347 },
        { "id": 48, "xpos": 1841, "ypos": 335 },
        { "id": 14, "xpos": 2451, "ypos": 325 },
        { "id": 14, "xpos": 1970, "ypos": 296 },
        { "id": 48, "xpos": 1842, "ypos": 279 },
        { "id": 15, "xpos": 6276, "ypos": 267 },
        { "id": 14, "xpos": 4029, "ypos": 237 },
        { "id": 0, "xpos": 3902, "ypos": 237 },
        { "id": 48, "xpos": 1842, "ypos": 223 },
        { "id": 14, "xpos": 1970, "ypos": 216 },
        { "id": 0, "xpos": 4030, "ypos": 205 },
        { "id": 14, "xpos": 2451, "ypos": 190 },
        { "id": 48, "xpos": 1842, "ypos": 167 },
        { "id": 15, "xpos": 6276, "ypos": 131 },
        { "id": 48, "xpos": 1842, "ypos": 112 },
        { "id": 0, "xpos": 4031, "ypos": 104 },
        { "id": 0, "xpos": 4032, "ypos": 104 },
        { "id": 14, "xpos": 3903, "ypos": 102 },
        { "id": 14, "xpos": 1970, "ypos": 91 },
        { "id": 0, "xpos": 3903, "ypos": 72 },
        { "id": 14, "xpos": 2451, "ypos": 65 },
        { "id": 48, "xpos": 1841, "ypos": 56 },
        { "id": 15, "xpos": 6276, "ypos": 46 },
        { "id": 15, "xpos": 6276, "ypos": 0 },
        { "id": 14, "xpos": 1970, "ypos": 0 },
        { "id": 14, "xpos": 2451, "ypos": 0 },
        { "id": 14, "xpos": 4031, "ypos": 0 },
        { "id": 48, "xpos": 1842, "ypos": 0 },
        { "id": 26, "xpos": 3187, "ypos": 2698 },
        { "id": 17, "xpos": 3769, "ypos": 2697 },
        { "id": 26, "xpos": 3449, "ypos": 2697 },
        { "id": 17, "xpos": 3505, "ypos": 2697 },
        { "id": 27, "xpos": 3157, "ypos": 2669 },
        { "id": 18, "xpos": 3818, "ypos": 2669 },
        { "id": 18, "xpos": 3554, "ypos": 2669 },
        { "id": 27, "xpos": 3421, "ypos": 2668 },
        { "id": 19, "xpos": 3582, "ypos": 2612 },
        { "id": 28, "xpos": 3141, "ypos": 2610 },
        { "id": 31, "xpos": 3102, "ypos": 2610 },
        { "id": 22, "xpos": 3862, "ypos": 2610 },
        { "id": 19, "xpos": 3846, "ypos": 2610 },
        { "id": 28, "xpos": 3405, "ypos": 2609 },
        { "id": 31, "xpos": 3366, "ypos": 2609 },
        { "id": 22, "xpos": 3598, "ypos": 2609 },
        { "id": 23, "xpos": 3598, "ypos": 2598 },
        { "id": 23, "xpos": 3605, "ypos": 2598 },
        { "id": 24, "xpos": 3373, "ypos": 2595 },
        { "id": 24, "xpos": 3366, "ypos": 2595 },
        { "id": 17, "xpos": 818, "ypos": 2552 },
        { "id": 42, "xpos": 3583, "ypos": 2536 },
        { "id": 35, "xpos": 3405, "ypos": 2535 },
        { "id": 18, "xpos": 869, "ypos": 2524 },
        { "id": 41, "xpos": 3555, "ypos": 2508 },
        { "id": 34, "xpos": 3420, "ypos": 2507 },
        { "id": 71, "xpos": 3101, "ypos": 2506 },
        { "id": 70, "xpos": 3862, "ypos": 2506 },
        { "id": 45, "xpos": 3598, "ypos": 2493 },
        { "id": 33, "xpos": 3448, "ypos": 2493 },
        { "id": 40, "xpos": 3504, "ypos": 2493 },
        { "id": 38, "xpos": 3366, "ypos": 2491 },
        { "id": 19, "xpos": 897, "ypos": 2465 },
        { "id": 22, "xpos": 912, "ypos": 2465 },
        { "id": 23, "xpos": 912, "ypos": 2432 },
        { "id": 23, "xpos": 920, "ypos": 2432 },
        { "id": 23, "xpos": 920, "ypos": 2424 },
        { "id": 71, "xpos": 3101, "ypos": 2402 },
        { "id": 70, "xpos": 3862, "ypos": 2402 },
        { "id": 23, "xpos": 912, "ypos": 2399 },
        { "id": 23, "xpos": 912, "ypos": 2391 },
        { "id": 23, "xpos": 919, "ypos": 2391 },
        { "id": 42, "xpos": 896, "ypos": 2332 },
        { "id": 5, "xpos": 309, "ypos": 2327 },
        { "id": 26, "xpos": 83, "ypos": 2311 },
        { "id": 41, "xpos": 868, "ypos": 2303 },
        { "id": 71, "xpos": 3101, "ypos": 2298 },
        { "id": 70, "xpos": 3862, "ypos": 2298 },
        { "id": 40, "xpos": 817, "ypos": 2288 },
        { "id": 45, "xpos": 912, "ypos": 2287 },
        { "id": 27, "xpos": 54, "ypos": 2283 },
        { "id": 28, "xpos": 39, "ypos": 2224 },
        { "id": 31, "xpos": 0, "ypos": 2223 },
        { "id": 71, "xpos": 3101, "ypos": 2194 },
        { "id": 70, "xpos": 3862, "ypos": 2194 },
        { "id": 24, "xpos": 7, "ypos": 2190 },
        { "id": 24, "xpos": 0, "ypos": 2190 },
        { "id": 24, "xpos": 7, "ypos": 2157 },
        { "id": 24, "xpos": 0, "ypos": 2157 },
        { "id": 24, "xpos": 7, "ypos": 2151 },
        { "id": 24, "xpos": 0, "ypos": 2150 },
        { "id": 71, "xpos": 3101, "ypos": 2090 },
        { "id": 35, "xpos": 40, "ypos": 2090 },
        { "id": 70, "xpos": 3862, "ypos": 2090 },
        { "id": 34, "xpos": 55, "ypos": 2062 },
        { "id": 38, "xpos": 0, "ypos": 2047 },
        { "id": 33, "xpos": 85, "ypos": 2047 },
        { "id": 3, "xpos": 953, "ypos": 2023 },
        { "id": 71, "xpos": 3101, "ypos": 1986 },
        { "id": 70, "xpos": 3862, "ypos": 1986 },
        { "id": 3, "xpos": 1080, "ypos": 1959 },
        { "id": 70, "xpos": 3862, "ypos": 1931 },
        { "id": 10, "xpos": 2724, "ypos": 1901 },
        { "id": 17, "xpos": 3239, "ypos": 1887 },
        { "id": 71, "xpos": 3101, "ypos": 1882 },
        { "id": 18, "xpos": 3290, "ypos": 1859 },
        { "id": 19, "xpos": 3319, "ypos": 1801 },
        { "id": 22, "xpos": 3333, "ypos": 1799 },
        { "id": 71, "xpos": 3101, "ypos": 1778 },
        { "id": 23, "xpos": 3332, "ypos": 1774 },
        { "id": 23, "xpos": 3340, "ypos": 1774 },
        { "id": 42, "xpos": 3318, "ypos": 1726 },
        { "id": 35, "xpos": 3141, "ypos": 1726 },
        { "id": 41, "xpos": 3290, "ypos": 1698 },
        { "id": 34, "xpos": 3157, "ypos": 1698 },
        { "id": 40, "xpos": 3240, "ypos": 1683 },
        { "id": 33, "xpos": 3185, "ypos": 1683 },
        { "id": 38, "xpos": 3101, "ypos": 1683 },
        { "id": 45, "xpos": 3333, "ypos": 1682 },
        { "id": 5, "xpos": 3365, "ypos": 1244 },
        { "id": 5, "xpos": 3238, "ypos": 1180 },
        { "id": 17, "xpos": 4809, "ypos": 1146 },
        { "id": 18, "xpos": 4860, "ypos": 1117 },
        { "id": 5, "xpos": 4305, "ypos": 1097 },
        { "id": 19, "xpos": 4888, "ypos": 1059 },
        { "id": 22, "xpos": 4901, "ypos": 1058 },
        { "id": 5, "xpos": 4177, "ypos": 1032 },
        { "id": 23, "xpos": 4908, "ypos": 1026 },
        { "id": 23, "xpos": 4901, "ypos": 1026 },
        { "id": 23, "xpos": 4908, "ypos": 995 },
        { "id": 23, "xpos": 4901, "ypos": 995 },
        { "id": 3, "xpos": 3155, "ypos": 968 },
        { "id": 5, "xpos": 3410, "ypos": 968 },
        { "id": 23, "xpos": 4908, "ypos": 963 },
        { "id": 23, "xpos": 4901, "ypos": 963 },
        { "id": 23, "xpos": 4901, "ypos": 932 },
        { "id": 23, "xpos": 4908, "ypos": 931 },
        { "id": 23, "xpos": 4908, "ypos": 901 },
        { "id": 23, "xpos": 4901, "ypos": 900 },
        { "id": 5, "xpos": 2320, "ypos": 882 },
        { "id": 5, "xpos": 1463, "ypos": 835 },
        { "id": 5, "xpos": 2192, "ypos": 818 },
        { "id": 3, "xpos": 5030, "ypos": 804 },
        { "id": 3, "xpos": 5158, "ypos": 741 },
        { "id": 26, "xpos": 6865, "ypos": 726 },
        { "id": 17, "xpos": 6948, "ypos": 726 },
        { "id": 27, "xpos": 6837, "ypos": 697 },
        { "id": 18, "xpos": 6999, "ypos": 697 },
        { "id": 28, "xpos": 6822, "ypos": 638 },
        { "id": 31, "xpos": 6782, "ypos": 638 },
        { "id": 19, "xpos": 7028, "ypos": 638 },
        { "id": 22, "xpos": 7043, "ypos": 638 },
        { "id": 24, "xpos": 6790, "ypos": 605 },
        { "id": 23, "xpos": 7043, "ypos": 605 },
        { "id": 24, "xpos": 6782, "ypos": 605 },
        { "id": 23, "xpos": 7050, "ypos": 605 },
        { "id": 24, "xpos": 6790, "ypos": 572 },
        { "id": 23, "xpos": 7043, "ypos": 572 },
        { "id": 24, "xpos": 6783, "ypos": 572 },
        { "id": 23, "xpos": 7050, "ypos": 572 },
        { "id": 42, "xpos": 7027, "ypos": 513 },
        { "id": 35, "xpos": 6823, "ypos": 511 },
        { "id": 41, "xpos": 6998, "ypos": 484 },
        { "id": 34, "xpos": 6839, "ypos": 483 },
        { "id": 38, "xpos": 6783, "ypos": 468 },
        { "id": 33, "xpos": 6867, "ypos": 468 },
        { "id": 45, "xpos": 7043, "ypos": 468 },
        { "id": 40, "xpos": 6947, "ypos": 468 },
        { "id": 72, "xpos": 503, "ypos": 2158 },
        { "id": 72, "xpos": 631, "ypos": 2158 },
        { "id": 72, "xpos": 3734, "ypos": 1901 },
        { "id": 72, "xpos": 3776, "ypos": 1671 },
        { "id": 72, "xpos": 3970, "ypos": 1419 },
        { "id": 72, "xpos": 2888, "ypos": 1032 },
        { "id": 72, "xpos": 2776, "ypos": 1032 },
        { "id": 29, "xpos": 3142, "ypos": 2698 },
        { "id": 20, "xpos": 3817, "ypos": 2698 },
        { "id": 29, "xpos": 3406, "ypos": 2697 },
        { "id": 20, "xpos": 3553, "ypos": 2697 },
        { "id": 21, "xpos": 3583, "ypos": 2671 },
        { "id": 30, "xpos": 3141, "ypos": 2669 },
        { "id": 21, "xpos": 3846, "ypos": 2669 },
        { "id": 30, "xpos": 3405, "ypos": 2668 },
        { "id": 62, "xpos": 3282, "ypos": 2586 },
        { "id": 62, "xpos": 3678, "ypos": 2586 },
        { "id": 20, "xpos": 867, "ypos": 2553 },
        { "id": 51, "xpos": 225, "ypos": 2543 },
        { "id": 51, "xpos": 46, "ypos": 2543 },
        { "id": 56, "xpos": 671, "ypos": 2536 },
        { "id": 21, "xpos": 897, "ypos": 2524 },
        { "id": 64, "xpos": 156, "ypos": 2519 },
        { "id": 44, "xpos": 3583, "ypos": 2508 },
        { "id": 37, "xpos": 3405, "ypos": 2507 },
        { "id": 43, "xpos": 3553, "ypos": 2493 },
        { "id": 36, "xpos": 3406, "ypos": 2491 },
        { "id": 52, "xpos": 430, "ypos": 2473 },
        { "id": 50, "xpos": 865, "ypos": 2448 },
        { "id": 50, "xpos": 36, "ypos": 2441 },
        { "id": 50, "xpos": 207, "ypos": 2440 },
        { "id": 59, "xpos": 748, "ypos": 2431 },
        { "id": 64, "xpos": 3489, "ypos": 2410 },
        { "id": 59, "xpos": 119, "ypos": 2409 },
        { "id": 59, "xpos": 226, "ypos": 2401 },
        { "id": 51, "xpos": 490, "ypos": 2369 },
        { "id": 29, "xpos": 40, "ypos": 2311 },
        { "id": 51, "xpos": 219, "ypos": 2304 },
        { "id": 44, "xpos": 896, "ypos": 2303 },
        { "id": 43, "xpos": 867, "ypos": 2287 },
        { "id": 30, "xpos": 39, "ypos": 2283 },
        { "id": 51, "xpos": 219, "ypos": 2280 },
        { "id": 61, "xpos": 556, "ypos": 2266 },
        { "id": 50, "xpos": 471, "ypos": 2264 },
        { "id": 61, "xpos": 145, "ypos": 2202 },
        { "id": 59, "xpos": 252, "ypos": 2187 },
        { "id": 57, "xpos": 255, "ypos": 2134 },
        { "id": 58, "xpos": 263, "ypos": 2134 },
        { "id": 57, "xpos": 319, "ypos": 2134 },
        { "id": 58, "xpos": 327, "ypos": 2134 },
        { "id": 57, "xpos": 383, "ypos": 2134 },
        { "id": 58, "xpos": 391, "ypos": 2134 },
        { "id": 57, "xpos": 447, "ypos": 2134 },
        { "id": 58, "xpos": 455, "ypos": 2134 },
        { "id": 57, "xpos": 511, "ypos": 2134 },
        { "id": 58, "xpos": 519, "ypos": 2134 },
        { "id": 57, "xpos": 574, "ypos": 2134 },
        { "id": 58, "xpos": 582, "ypos": 2134 },
        { "id": 57, "xpos": 637, "ypos": 2134 },
        { "id": 58, "xpos": 645, "ypos": 2134 },
        { "id": 56, "xpos": 522, "ypos": 2126 },
        { "id": 66, "xpos": 448, "ypos": 2107 },
        { "id": 51, "xpos": 710, "ypos": 2063 },
        { "id": 51, "xpos": 800, "ypos": 2063 },
        { "id": 53, "xpos": 694, "ypos": 2063 },
        { "id": 54, "xpos": 708, "ypos": 2063 },
        { "id": 54, "xpos": 734, "ypos": 2063 },
        { "id": 54, "xpos": 761, "ypos": 2063 },
        { "id": 54, "xpos": 788, "ypos": 2063 },
        { "id": 54, "xpos": 814, "ypos": 2063 },
        { "id": 54, "xpos": 834, "ypos": 2063 },
        { "id": 54, "xpos": 862, "ypos": 2063 },
        { "id": 54, "xpos": 884, "ypos": 2063 },
        { "id": 55, "xpos": 899, "ypos": 2063 },
        { "id": 37, "xpos": 40, "ypos": 2061 },
        { "id": 36, "xpos": 40, "ypos": 2047 },
        { "id": 63, "xpos": 164, "ypos": 2047 },
        { "id": 51, "xpos": 800, "ypos": 2039 },
        { "id": 59, "xpos": 401, "ypos": 1992 },
        { "id": 60, "xpos": 538, "ypos": 1989 },
        { "id": 60, "xpos": 896, "ypos": 1951 },
        { "id": 60, "xpos": 589, "ypos": 1943 },
        { "id": 51, "xpos": 2462, "ypos": 1941 },
        { "id": 51, "xpos": 2627, "ypos": 1941 },
        { "id": 56, "xpos": 1221, "ypos": 1928 },
        { "id": 51, "xpos": 2627, "ypos": 1917 },
        { "id": 60, "xpos": 777, "ypos": 1893 },
        { "id": 20, "xpos": 3288, "ypos": 1887 },
        { "id": 50, "xpos": 2327, "ypos": 1886 },
        { "id": 51, "xpos": 3626, "ypos": 1878 },
        { "id": 21, "xpos": 3319, "ypos": 1860 },
        { "id": 50, "xpos": 1394, "ypos": 1856 },
        { "id": 51, "xpos": 3626, "ypos": 1855 },
        { "id": 66, "xpos": 3813, "ypos": 1851 },
        { "id": 50, "xpos": 2406, "ypos": 1837 },
        { "id": 50, "xpos": 1315, "ypos": 1832 },
        { "id": 66, "xpos": 1479, "ypos": 1822 },
        { "id": 59, "xpos": 2495, "ypos": 1799 },
        { "id": 59, "xpos": 2585, "ypos": 1799 },
        { "id": 59, "xpos": 2680, "ypos": 1799 },
        { "id": 59, "xpos": 2780, "ypos": 1773 },
        { "id": 59, "xpos": 2875, "ypos": 1735 },
        { "id": 59, "xpos": 3542, "ypos": 1735 },
        { "id": 59, "xpos": 3410, "ypos": 1735 },
        { "id": 59, "xpos": 3759, "ypos": 1735 },
        { "id": 50, "xpos": 1394, "ypos": 1728 },
        { "id": 51, "xpos": 1896, "ypos": 1721 },
        { "id": 37, "xpos": 3141, "ypos": 1698 },
        { "id": 44, "xpos": 3319, "ypos": 1697 },
        { "id": 67, "xpos": 2044, "ypos": 1693 },
        { "id": 51, "xpos": 216, "ypos": 1688 },
        { "id": 51, "xpos": 32, "ypos": 1688 },
        { "id": 36, "xpos": 3141, "ypos": 1683 },
        { "id": 43, "xpos": 3288, "ypos": 1682 },
        { "id": 52, "xpos": 1624, "ypos": 1649 },
        { "id": 66, "xpos": 3924, "ypos": 1621 },
        { "id": 52, "xpos": 296, "ypos": 1616 },
        { "id": 50, "xpos": 24, "ypos": 1592 },
        { "id": 50, "xpos": 136, "ypos": 1592 },
        { "id": 52, "xpos": 3982, "ypos": 1575 },
        { "id": 59, "xpos": 224, "ypos": 1545 },
        { "id": 60, "xpos": 66, "ypos": 1516 },
        { "id": 58, "xpos": 1719, "ypos": 1483 },
        { "id": 57, "xpos": 1774, "ypos": 1483 },
        { "id": 58, "xpos": 1782, "ypos": 1483 },
        { "id": 57, "xpos": 1837, "ypos": 1483 },
        { "id": 58, "xpos": 1845, "ypos": 1483 },
        { "id": 57, "xpos": 1901, "ypos": 1483 },
        { "id": 58, "xpos": 1909, "ypos": 1483 },
        { "id": 57, "xpos": 1964, "ypos": 1483 },
        { "id": 61, "xpos": 1722, "ypos": 1382 },
        { "id": 65, "xpos": 3991, "ypos": 1371 },
        { "id": 59, "xpos": 1875, "ypos": 1341 },
        { "id": 57, "xpos": 3485, "ypos": 1285 },
        { "id": 57, "xpos": 3801, "ypos": 1284 },
        { "id": 58, "xpos": 3745, "ypos": 1284 },
        { "id": 57, "xpos": 3738, "ypos": 1284 },
        { "id": 58, "xpos": 3682, "ypos": 1284 },
        { "id": 57, "xpos": 3674, "ypos": 1284 },
        { "id": 58, "xpos": 3618, "ypos": 1284 },
        { "id": 57, "xpos": 3612, "ypos": 1284 },
        { "id": 58, "xpos": 3556, "ypos": 1284 },
        { "id": 57, "xpos": 3549, "ypos": 1284 },
        { "id": 58, "xpos": 3493, "ypos": 1284 },
        { "id": 51, "xpos": 1780, "ypos": 1182 },
        { "id": 57, "xpos": 2842, "ypos": 1157 },
        { "id": 58, "xpos": 2786, "ypos": 1157 },
        { "id": 57, "xpos": 2779, "ypos": 1157 },
        { "id": 57, "xpos": 3224, "ypos": 1156 },
        { "id": 58, "xpos": 3168, "ypos": 1156 },
        { "id": 57, "xpos": 3160, "ypos": 1156 },
        { "id": 58, "xpos": 3104, "ypos": 1156 },
        { "id": 57, "xpos": 3097, "ypos": 1156 },
        { "id": 58, "xpos": 3041, "ypos": 1156 },
        { "id": 57, "xpos": 3032, "ypos": 1156 },
        { "id": 58, "xpos": 2976, "ypos": 1156 },
        { "id": 57, "xpos": 2969, "ypos": 1156 },
        { "id": 58, "xpos": 2913, "ypos": 1156 },
        { "id": 57, "xpos": 2905, "ypos": 1156 },
        { "id": 58, "xpos": 2849, "ypos": 1156 },
        { "id": 56, "xpos": 3040, "ypos": 1148 },
        { "id": 20, "xpos": 4860, "ypos": 1146 },
        { "id": 59, "xpos": 3564, "ypos": 1142 },
        { "id": 59, "xpos": 3704, "ypos": 1142 },
        { "id": 53, "xpos": 4438, "ypos": 1138 },
        { "id": 54, "xpos": 4453, "ypos": 1138 },
        { "id": 54, "xpos": 4481, "ypos": 1138 },
        { "id": 54, "xpos": 4509, "ypos": 1138 },
        { "id": 54, "xpos": 4536, "ypos": 1138 },
        { "id": 54, "xpos": 4564, "ypos": 1138 },
        { "id": 54, "xpos": 4591, "ypos": 1138 },
        { "id": 54, "xpos": 4619, "ypos": 1138 },
        { "id": 54, "xpos": 4642, "ypos": 1138 },
        { "id": 54, "xpos": 4669, "ypos": 1138 },
        { "id": 54, "xpos": 4697, "ypos": 1138 },
        { "id": 54, "xpos": 4725, "ypos": 1138 },
        { "id": 54, "xpos": 4753, "ypos": 1138 },
        { "id": 54, "xpos": 4781, "ypos": 1138 },
        { "id": 55, "xpos": 4803, "ypos": 1138 },
        { "id": 21, "xpos": 4889, "ypos": 1118 },
        { "id": 59, "xpos": 1793, "ypos": 1070 },
        { "id": 59, "xpos": 1730, "ypos": 1040 },
        { "id": 61, "xpos": 4469, "ypos": 1036 },
        { "id": 61, "xpos": 4719, "ypos": 1036 },
        { "id": 61, "xpos": 4593, "ypos": 1036 },
        { "id": 65, "xpos": 1885, "ypos": 1014 },
        { "id": 58, "xpos": 3062, "ypos": 1009 },
        { "id": 58, "xpos": 3687, "ypos": 1009 },
        { "id": 57, "xpos": 2992, "ypos": 1008 },
        { "id": 58, "xpos": 3000, "ypos": 1008 },
        { "id": 57, "xpos": 3054, "ypos": 1008 },
        { "id": 57, "xpos": 3118, "ypos": 1008 },
        { "id": 57, "xpos": 3553, "ypos": 1008 },
        { "id": 58, "xpos": 3561, "ypos": 1008 },
        { "id": 57, "xpos": 3616, "ypos": 1008 },
        { "id": 57, "xpos": 3679, "ypos": 1008 },
        { "id": 57, "xpos": 3742, "ypos": 1008 },
        { "id": 58, "xpos": 3750, "ypos": 1008 },
        { "id": 57, "xpos": 3806, "ypos": 1008 },
        { "id": 58, "xpos": 3814, "ypos": 1008 },
        { "id": 57, "xpos": 3870, "ypos": 1008 },
        { "id": 58, "xpos": 3878, "ypos": 1008 },
        { "id": 57, "xpos": 3934, "ypos": 1008 },
        { "id": 58, "xpos": 3941, "ypos": 1008 },
        { "id": 57, "xpos": 3996, "ypos": 1008 },
        { "id": 58, "xpos": 4004, "ypos": 1008 },
        { "id": 57, "xpos": 4060, "ypos": 1008 },
        { "id": 58, "xpos": 4068, "ypos": 1008 },
        { "id": 57, "xpos": 4123, "ypos": 1008 },
        { "id": 58, "xpos": 3624, "ypos": 1007 },
        { "id": 61, "xpos": 4262, "ypos": 992 },
        { "id": 51, "xpos": 3285, "ypos": 943 },
        { "id": 59, "xpos": 1918, "ypos": 898 },
        { "id": 59, "xpos": 3822, "ypos": 896 },
        { "id": 59, "xpos": 3587, "ypos": 896 },
        { "id": 59, "xpos": 4094, "ypos": 895 },
        { "id": 63, "xpos": 3650, "ypos": 890 },
        { "id": 51, "xpos": 1662, "ypos": 875 },
        { "id": 51, "xpos": 1599, "ypos": 875 },
        { "id": 49, "xpos": 2471, "ypos": 871 },
        { "id": 63, "xpos": 3917, "ypos": 854 },
        { "id": 51, "xpos": 1663, "ypos": 851 },
        { "id": 8, "xpos": 1081, "ypos": 811 },
        { "id": 8, "xpos": 839, "ypos": 810 },
        { "id": 8, "xpos": 813, "ypos": 810 },
        { "id": 55, "xpos": 2157, "ypos": 794 },
        { "id": 54, "xpos": 2132, "ypos": 794 },
        { "id": 54, "xpos": 2104, "ypos": 794 },
        { "id": 54, "xpos": 2076, "ypos": 794 },
        { "id": 54, "xpos": 2049, "ypos": 794 },
        { "id": 54, "xpos": 2021, "ypos": 794 },
        { "id": 54, "xpos": 1993, "ypos": 794 },
        { "id": 53, "xpos": 1978, "ypos": 794 },
        { "id": 56, "xpos": 896, "ypos": 787 },
        { "id": 59, "xpos": 2377, "ypos": 772 },
        { "id": 50, "xpos": 2038, "ypos": 733 },
        { "id": 29, "xpos": 6820, "ypos": 726 },
        { "id": 20, "xpos": 6999, "ypos": 726 },
        { "id": 52, "xpos": 2121, "ypos": 722 },
        { "id": 59, "xpos": 2276, "ypos": 722 },
        { "id": 51, "xpos": 7864, "ypos": 718 },
        { "id": 51, "xpos": 6064, "ypos": 718 },
        { "id": 51, "xpos": 6154, "ypos": 718 },
        { "id": 57, "xpos": 7246, "ypos": 718 },
        { "id": 58, "xpos": 7254, "ypos": 718 },
        { "id": 57, "xpos": 7309, "ypos": 718 },
        { "id": 58, "xpos": 7317, "ypos": 718 },
        { "id": 57, "xpos": 7371, "ypos": 718 },
        { "id": 58, "xpos": 7379, "ypos": 718 },
        { "id": 57, "xpos": 7433, "ypos": 718 },
        { "id": 58, "xpos": 7441, "ypos": 718 },
        { "id": 57, "xpos": 7497, "ypos": 718 },
        { "id": 58, "xpos": 7505, "ypos": 718 },
        { "id": 57, "xpos": 7560, "ypos": 718 },
        { "id": 58, "xpos": 7568, "ypos": 718 },
        { "id": 57, "xpos": 7622, "ypos": 718 },
        { "id": 58, "xpos": 7630, "ypos": 718 },
        { "id": 57, "xpos": 7685, "ypos": 718 },
        { "id": 57, "xpos": 7749, "ypos": 718 },
        { "id": 57, "xpos": 7811, "ypos": 718 },
        { "id": 58, "xpos": 7819, "ypos": 718 },
        { "id": 57, "xpos": 7873, "ypos": 718 },
        { "id": 58, "xpos": 7881, "ypos": 718 },
        { "id": 57, "xpos": 7935, "ypos": 718 },
        { "id": 57, "xpos": 7994, "ypos": 718 },
        { "id": 58, "xpos": 7190, "ypos": 718 },
        { "id": 57, "xpos": 7182, "ypos": 718 },
        { "id": 58, "xpos": 7693, "ypos": 717 },
        { "id": 58, "xpos": 7757, "ypos": 717 },
        { "id": 58, "xpos": 7943, "ypos": 717 },
        { "id": 56, "xpos": 7589, "ypos": 710 },
        { "id": 59, "xpos": 4913, "ypos": 704 },
        { "id": 30, "xpos": 6822, "ypos": 697 },
        { "id": 21, "xpos": 7028, "ypos": 697 },
        { "id": 51, "xpos": 6154, "ypos": 694 },
        { "id": 64, "xpos": 5337, "ypos": 692 },
        { "id": 62, "xpos": 844, "ypos": 691 },
        { "id": 59, "xpos": 2205, "ypos": 688 },
        { "id": 60, "xpos": 900, "ypos": 685 },
        { "id": 50, "xpos": 6568, "ypos": 678 },
        { "id": 60, "xpos": 4968, "ypos": 675 },
        { "id": 49, "xpos": 6279, "ypos": 660 },
        { "id": 50, "xpos": 7842, "ypos": 627 },
        { "id": 60, "xpos": 955, "ypos": 623 },
        { "id": 61, "xpos": 5280, "ypos": 617 },
        { "id": 61, "xpos": 5945, "ypos": 617 },
        { "id": 62, "xpos": 5789, "ypos": 616 },
        { "id": 62, "xpos": 5649, "ypos": 616 },
        { "id": 62, "xpos": 5518, "ypos": 616 },
        { "id": 62, "xpos": 7195, "ypos": 614 },
        { "id": 62, "xpos": 7310, "ypos": 614 },
        { "id": 62, "xpos": 7420, "ypos": 614 },
        { "id": 62, "xpos": 7535, "ypos": 614 },
        { "id": 62, "xpos": 7655, "ypos": 614 },
        { "id": 62, "xpos": 7785, "ypos": 614 },
        { "id": 62, "xpos": 7920, "ypos": 614 },
        { "id": 50, "xpos": 6469, "ypos": 614 },
        { "id": 50, "xpos": 7842, "ypos": 595 },
        { "id": 59, "xpos": 6880, "ypos": 576 },
        { "id": 60, "xpos": 6913, "ypos": 547 },
        { "id": 58, "xpos": 2496, "ypos": 528 },
        { "id": 57, "xpos": 2488, "ypos": 528 },
        { "id": 57, "xpos": 2551, "ypos": 528 },
        { "id": 44, "xpos": 7027, "ypos": 485 },
        { "id": 37, "xpos": 6823, "ypos": 482 },
        { "id": 52, "xpos": 2455, "ypos": 477 },
        { "id": 36, "xpos": 6823, "ypos": 468 },
        { "id": 43, "xpos": 6998, "ypos": 468 },
        { "id": 50, "xpos": 7842, "ypos": 467 },
        { "id": 51, "xpos": 6835, "ypos": 412 },
        { "id": 64, "xpos": 7018, "ypos": 386 },
        { "id": 50, "xpos": 7902, "ypos": 339 },
        { "id": 52, "xpos": 7842, "ypos": 339 },
        { "id": 50, "xpos": 7762, "ypos": 307 },
        { "id": 52, "xpos": 4091, "ypos": 147 },
        { "id": 46, "xpos": 3487, "ypos": 2471 },
        { "id": 46, "xpos": 3520, "ypos": 2471 },
        { "id": 46, "xpos": 3456, "ypos": 2471 },
        { "id": 46, "xpos": 3553, "ypos": 2471 },
        { "id": 46, "xpos": 3585, "ypos": 2471 },
        { "id": 46, "xpos": 3423, "ypos": 2471 },
        { "id": 46, "xpos": 3390, "ypos": 2471 },
        { "id": 46, "xpos": 784, "ypos": 2266 },
        { "id": 46, "xpos": 752, "ypos": 2266 },
        { "id": 46, "xpos": 720, "ypos": 2266 },
        { "id": 46, "xpos": 815, "ypos": 2266 },
        { "id": 46, "xpos": 847, "ypos": 2266 },
        { "id": 46, "xpos": 879, "ypos": 2266 },
        { "id": 46, "xpos": 910, "ypos": 2266 },
        { "id": 46, "xpos": 692, "ypos": 2266 },
        { "id": 46, "xpos": 920, "ypos": 2265 },
        { "id": 46, "xpos": 136, "ypos": 2025 },
        { "id": 46, "xpos": 169, "ypos": 2025 },
        { "id": 46, "xpos": 202, "ypos": 2025 },
        { "id": 46, "xpos": 235, "ypos": 2025 },
        { "id": 46, "xpos": 267, "ypos": 2025 },
        { "id": 46, "xpos": 300, "ypos": 2025 },
        { "id": 46, "xpos": 332, "ypos": 2025 },
        { "id": 46, "xpos": 3123, "ypos": 1663 },
        { "id": 46, "xpos": 3221, "ypos": 1663 },
        { "id": 46, "xpos": 3253, "ypos": 1663 },
        { "id": 46, "xpos": 3188, "ypos": 1663 },
        { "id": 46, "xpos": 3286, "ypos": 1663 },
        { "id": 46, "xpos": 3155, "ypos": 1663 },
        { "id": 46, "xpos": 3318, "ypos": 1663 },
        { "id": 46, "xpos": 6792, "ypos": 446 },
        { "id": 46, "xpos": 6824, "ypos": 446 },
        { "id": 46, "xpos": 6854, "ypos": 446 },
        { "id": 46, "xpos": 6879, "ypos": 446 },
        { "id": 46, "xpos": 6908, "ypos": 446 },
        { "id": 46, "xpos": 6941, "ypos": 446 },
        { "id": 46, "xpos": 6974, "ypos": 446 },
        { "id": 46, "xpos": 7007, "ypos": 446 },
        { "id": 46, "xpos": 7040, "ypos": 446 },
        { "id": 69, "xpos": 3804, "ypos": 2651 },
        { "id": 69, "xpos": 3109, "ypos": 2647 },
        { "id": 69, "xpos": 3204, "ypos": 2647 },
        { "id": 69, "xpos": 3710, "ypos": 2642 },
        { "id": 69, "xpos": 3522, "ypos": 2642 },
        { "id": 69, "xpos": 3426, "ypos": 2642 },
        { "id": 69, "xpos": 3330, "ypos": 2642 },
        { "id": 69, "xpos": 3235, "ypos": 2642 },
        { "id": 69, "xpos": 3617, "ypos": 2634 },
        { "id": 69, "xpos": 3805, "ypos": 2571 },
        { "id": 69, "xpos": 3108, "ypos": 2569 },
        { "id": 69, "xpos": 3204, "ypos": 2569 },
        { "id": 69, "xpos": 3711, "ypos": 2563 },
        { "id": 69, "xpos": 3520, "ypos": 2562 },
        { "id": 69, "xpos": 3424, "ypos": 2562 },
        { "id": 69, "xpos": 3328, "ypos": 2562 },
        { "id": 69, "xpos": 3232, "ypos": 2562 },
        { "id": 69, "xpos": 3617, "ypos": 2555 },
        { "id": 69, "xpos": 3805, "ypos": 2491 },
        { "id": 69, "xpos": 3108, "ypos": 2489 },
        { "id": 69, "xpos": 3204, "ypos": 2489 },
        { "id": 69, "xpos": 3488, "ypos": 2484 },
        { "id": 69, "xpos": 3711, "ypos": 2483 },
        { "id": 69, "xpos": 3678, "ypos": 2483 },
        { "id": 69, "xpos": 3580, "ypos": 2483 },
        { "id": 69, "xpos": 3582, "ypos": 2483 },
        { "id": 69, "xpos": 3299, "ypos": 2482 },
        { "id": 69, "xpos": 3392, "ypos": 2482 },
        { "id": 69, "xpos": 3805, "ypos": 2411 },
        { "id": 69, "xpos": 3108, "ypos": 2409 },
        { "id": 69, "xpos": 3204, "ypos": 2409 },
        { "id": 69, "xpos": 3711, "ypos": 2403 },
        { "id": 69, "xpos": 3615, "ypos": 2403 },
        { "id": 69, "xpos": 3519, "ypos": 2403 },
        { "id": 69, "xpos": 3423, "ypos": 2403 },
        { "id": 69, "xpos": 3300, "ypos": 2402 },
        { "id": 69, "xpos": 3328, "ypos": 2402 },
        { "id": 69, "xpos": 3805, "ypos": 2331 },
        { "id": 69, "xpos": 3108, "ypos": 2329 },
        { "id": 69, "xpos": 3204, "ypos": 2329 },
        { "id": 69, "xpos": 3550, "ypos": 2323 },
        { "id": 69, "xpos": 3711, "ypos": 2323 },
        { "id": 69, "xpos": 3615, "ypos": 2323 },
        { "id": 69, "xpos": 3388, "ypos": 2323 },
        { "id": 69, "xpos": 3482, "ypos": 2323 },
        { "id": 69, "xpos": 3300, "ypos": 2322 },
        { "id": 69, "xpos": 3805, "ypos": 2251 },
        { "id": 69, "xpos": 3109, "ypos": 2249 },
        { "id": 69, "xpos": 3204, "ypos": 2249 },
        { "id": 69, "xpos": 3549, "ypos": 2243 },
        { "id": 69, "xpos": 3711, "ypos": 2243 },
        { "id": 69, "xpos": 3615, "ypos": 2243 },
        { "id": 69, "xpos": 3394, "ypos": 2243 },
        { "id": 69, "xpos": 3490, "ypos": 2243 },
        { "id": 69, "xpos": 3549, "ypos": 2242 },
        { "id": 69, "xpos": 3300, "ypos": 2242 },
        { "id": 69, "xpos": 3805, "ypos": 2171 },
        { "id": 69, "xpos": 3109, "ypos": 2169 },
        { "id": 69, "xpos": 3204, "ypos": 2169 },
        { "id": 69, "xpos": 3711, "ypos": 2163 },
        { "id": 69, "xpos": 3615, "ypos": 2163 },
        { "id": 69, "xpos": 3396, "ypos": 2163 },
        { "id": 69, "xpos": 3492, "ypos": 2163 },
        { "id": 69, "xpos": 3300, "ypos": 2162 },
        { "id": 69, "xpos": 3587, "ypos": 2162 },
        { "id": 69, "xpos": 3806, "ypos": 2091 },
        { "id": 69, "xpos": 3109, "ypos": 2090 },
        { "id": 69, "xpos": 3395, "ypos": 2090 },
        { "id": 69, "xpos": 3204, "ypos": 2089 },
        { "id": 69, "xpos": 3491, "ypos": 2085 },
        { "id": 69, "xpos": 3712, "ypos": 2083 },
        { "id": 69, "xpos": 3617, "ypos": 2083 },
        { "id": 69, "xpos": 3300, "ypos": 2083 },
        { "id": 69, "xpos": 3301, "ypos": 2083 },
        { "id": 69, "xpos": 3553, "ypos": 2083 },
        { "id": 69, "xpos": 3805, "ypos": 2011 },
        { "id": 69, "xpos": 3775, "ypos": 2011 },
        { "id": 69, "xpos": 3681, "ypos": 2011 },
        { "id": 69, "xpos": 3588, "ypos": 2011 },
        { "id": 69, "xpos": 3493, "ypos": 2011 },
        { "id": 69, "xpos": 3397, "ypos": 2011 },
        { "id": 69, "xpos": 3301, "ypos": 2011 },
        { "id": 69, "xpos": 3300, "ypos": 2011 },
        { "id": 69, "xpos": 3108, "ypos": 2011 },
        { "id": 69, "xpos": 3204, "ypos": 2011 },
        { "id": 69, "xpos": 3777, "ypos": 1932 },
        { "id": 69, "xpos": 3681, "ypos": 1932 },
        { "id": 69, "xpos": 3586, "ypos": 1932 },
        { "id": 69, "xpos": 3491, "ypos": 1932 },
        { "id": 69, "xpos": 3806, "ypos": 1931 },
        { "id": 69, "xpos": 3396, "ypos": 1931 },
        { "id": 69, "xpos": 3301, "ypos": 1931 },
        { "id": 69, "xpos": 3205, "ypos": 1931 },
        { "id": 69, "xpos": 3109, "ypos": 1931 }
    ],
    "itemlist": [
        { "id": 0, "xpos": 3843, "ypos": 1290 },
        { "id": 69, "xpos": 1840, "ypos": 1664 },
        { "id": 50, "xpos": 364, "ypos": 1892 },
        { "id": 0, "xpos": 2180, "ypos": 1708 },
        { "id": 0, "xpos": 2126, "ypos": 1709 },
        { "id": 0, "xpos": 2069, "ypos": 1708 },
        { "id": 0, "xpos": 2016, "ypos": 1708 },
        { "id": 20, "xpos": 1422, "ypos": 1960 },
        { "id": 21, "xpos": 639, "ypos": 2392 },
        { "id": 27, "xpos": 3840, "ypos": 1671 },
        { "id": 0, "xpos": 4879, "ypos": 842 },
        { "id": 0, "xpos": 4878, "ypos": 792 },
        { "id": 1, "xpos": 2617, "ypos": 947 },
        { "id": 1, "xpos": 3227, "ypos": 1652 },
        { "id": 25, "xpos": 3968, "ypos": 1670 },
        { "id": 0, "xpos": 338, "ypos": 2550 },
        { "id": 19, "xpos": 3665, "ypos": 2618 },
        { "id": 19, "xpos": 3665, "ypos": 2526 },
        { "id": 19, "xpos": 3666, "ypos": 2434 },
        { "id": 19, "xpos": 3636, "ypos": 2433 },
        { "id": 19, "xpos": 3306, "ypos": 2619 },
        { "id": 19, "xpos": 3307, "ypos": 2527 },
        { "id": 19, "xpos": 3308, "ypos": 2434 },
        { "id": 19, "xpos": 3338, "ypos": 2434 },
        { "id": 18, "xpos": 3635, "ypos": 2527 },
        { "id": 18, "xpos": 3635, "ypos": 2620 },
        { "id": 16, "xpos": 3337, "ypos": 2529 },
        { "id": 16, "xpos": 3336, "ypos": 2620 },
        { "id": 20, "xpos": 2828, "ypos": 1179 },
        { "id": 35, "xpos": 3207, "ypos": 1682 },
        { "id": 19, "xpos": 3351, "ypos": 1920 },
        { "id": 19, "xpos": 3324, "ypos": 1919 },
        { "id": 33, "xpos": 3183, "ypos": 1682 },
        { "id": 34, "xpos": 3259, "ypos": 1681 },
        { "id": 33, "xpos": 3188, "ypos": 2001 },
        { "id": 33, "xpos": 3169, "ypos": 1998 },
        { "id": 33, "xpos": 3140, "ypos": 1999 },
        { "id": 34, "xpos": 3127, "ypos": 2028 },
        { "id": 34, "xpos": 3152, "ypos": 2029 },
        { "id": 34, "xpos": 3182, "ypos": 2029 },
        { "id": 34, "xpos": 3213, "ypos": 2029 },
        { "id": 34, "xpos": 3212, "ypos": 2000 },
        { "id": 34, "xpos": 3213, "ypos": 1914 },
        { "id": 34, "xpos": 3213, "ypos": 1942 },
        { "id": 34, "xpos": 3212, "ypos": 1971 },
        { "id": 19, "xpos": 3041, "ypos": 1805 },
        { "id": 19, "xpos": 3040, "ypos": 1711 },
        { "id": 19, "xpos": 3042, "ypos": 1619 },
        { "id": 16, "xpos": 3071, "ypos": 1713 },
        { "id": 16, "xpos": 3071, "ypos": 1806 },
        { "id": 0, "xpos": 1067, "ypos": 2000 },
        { "id": 0, "xpos": 2780, "ypos": 1913 },
        { "id": 0, "xpos": 2834, "ypos": 1885 },
        { "id": 31, "xpos": 7767, "ypos": 740 },
        { "id": 0, "xpos": 865, "ypos": 801 },
        { "id": 0, "xpos": 936, "ypos": 801 },
        { "id": 0, "xpos": 1011, "ypos": 801 },
        { "id": 0, "xpos": 1076, "ypos": 801 },
        { "id": 28, "xpos": 927, "ypos": 684 },
        { "id": 1, "xpos": 2521, "ypos": 552 },
        { "id": 26, "xpos": 6378, "ypos": 678 },
        { "id": 25, "xpos": 6285, "ypos": 741 },
        { "id": 25, "xpos": 1865, "ypos": 1743 },
        { "id": 26, "xpos": 1949, "ypos": 1680 },
        { "id": 26, "xpos": 1106, "ypos": 754 },
        { "id": 21, "xpos": 2125, "ypos": 2101 },
        { "id": 20, "xpos": 2235, "ypos": 2101 },
        { "id": 16, "xpos": 6753, "ypos": 648 },
        { "id": 16, "xpos": 6753, "ypos": 583 },
        { "id": 16, "xpos": 6753, "ypos": 513 },
        { "id": 16, "xpos": 6753, "ypos": 463 },
        { "id": 16, "xpos": 6753, "ypos": 393 },
        { "id": 17, "xpos": 6917, "ypos": 468 },
        { "id": 18, "xpos": 7082, "ypos": 398 },
        { "id": 18, "xpos": 7082, "ypos": 478 },
        { "id": 18, "xpos": 7082, "ypos": 558 },
        { "id": 18, "xpos": 7082, "ypos": 643 },
        { "id": 18, "xpos": 7082, "ypos": 678 },
        { "id": 19, "xpos": 7109, "ypos": 400 },
        { "id": 19, "xpos": 7109, "ypos": 470 },
        { "id": 19, "xpos": 7109, "ypos": 545 },
        { "id": 19, "xpos": 7109, "ypos": 610 },
        { "id": 19, "xpos": 7109, "ypos": 660 },
        { "id": 19, "xpos": 6722, "ypos": 660 },
        { "id": 19, "xpos": 6722, "ypos": 595 },
        { "id": 19, "xpos": 6722, "ypos": 515 },
        { "id": 19, "xpos": 6722, "ypos": 435 },
        { "id": 19, "xpos": 6722, "ypos": 385 },
        { "id": 19, "xpos": 6752, "ypos": 352 },
        { "id": 19, "xpos": 6754, "ypos": 352 },
        { "id": 19, "xpos": 7080, "ypos": 353 },
        { "id": 19, "xpos": 7089, "ypos": 355 },
        { "id": 19, "xpos": 6732, "ypos": 363 },
        { "id": 19, "xpos": 7100, "ypos": 374 },
        { "id": 24, "xpos": 2016, "ypos": 1661 },
        { "id": 24, "xpos": 2016, "ypos": 1601 },
        { "id": 24, "xpos": 2016, "ypos": 1541 },
        { "id": 24, "xpos": 2016, "ypos": 1481 },
        { "id": 24, "xpos": 1946, "ypos": 1481 },
        { "id": 24, "xpos": 1886, "ypos": 1481 },
        { "id": 24, "xpos": 1816, "ypos": 1481 },
        { "id": 24, "xpos": 1746, "ypos": 1481 },
        { "id": 24, "xpos": 1746, "ypos": 1411 },
        { "id": 24, "xpos": 1746, "ypos": 1351 },
        { "id": 24, "xpos": 1746, "ypos": 1301 },
        { "id": 2, "xpos": 7889, "ypos": 435 },
        { "id": 2, "xpos": 7949, "ypos": 435 },
        { "id": 2, "xpos": 7837, "ypos": 435 },
        { "id": 2, "xpos": 6935, "ypos": 436 },
        { "id": 1, "xpos": 4071, "ypos": 206 },
        { "id": 24, "xpos": 6756, "ypos": 414 },
        { "id": 24, "xpos": 6681, "ypos": 414 },
        { "id": 24, "xpos": 6601, "ypos": 414 },
        { "id": 24, "xpos": 6521, "ypos": 414 },
        { "id": 24, "xpos": 6449, "ypos": 415 },
        { "id": 24, "xpos": 6419, "ypos": 466 },
        { "id": 24, "xpos": 6419, "ypos": 546 },
        { "id": 24, "xpos": 6419, "ypos": 640 },
        { "id": 0, "xpos": 437, "ypos": 2551 },
        { "id": 0, "xpos": 542, "ypos": 2551 },
        { "id": 0, "xpos": 647, "ypos": 2551 },
        { "id": 0, "xpos": 737, "ypos": 2551 },
        { "id": 0, "xpos": 807, "ypos": 2551 },
        { "id": 0, "xpos": 875, "ypos": 2520 },
        { "id": 0, "xpos": 893, "ypos": 2440 },
        { "id": 0, "xpos": 876, "ypos": 2340 },
        { "id": 0, "xpos": 788, "ypos": 2307 },
        { "id": 0, "xpos": 715, "ypos": 2306 },
        { "id": 0, "xpos": 138, "ypos": 2313 },
        { "id": 0, "xpos": 78, "ypos": 2287 },
        { "id": 0, "xpos": 57, "ypos": 2198 },
        { "id": 0, "xpos": 81, "ypos": 2104 },
        { "id": 0, "xpos": 144, "ypos": 2069 },
        { "id": 0, "xpos": 239, "ypos": 2069 },
        { "id": 0, "xpos": 339, "ypos": 2069 },
        { "id": 0, "xpos": 965, "ypos": 2048 },
        { "id": 0, "xpos": 1014, "ypos": 2025 },
        { "id": 0, "xpos": 1123, "ypos": 1974 },
        { "id": 0, "xpos": 1178, "ypos": 1942 },
        { "id": 0, "xpos": 2565, "ypos": 1948 },
        { "id": 0, "xpos": 2650, "ypos": 1948 },
        { "id": 0, "xpos": 2715, "ypos": 1948 },
        { "id": 0, "xpos": 2908, "ypos": 1887 },
        { "id": 0, "xpos": 2983, "ypos": 1887 },
        { "id": 0, "xpos": 3780, "ypos": 1290 },
        { "id": 0, "xpos": 3675, "ypos": 1290 },
        { "id": 0, "xpos": 3570, "ypos": 1290 },
        { "id": 0, "xpos": 3483, "ypos": 1283 },
        { "id": 0, "xpos": 3399, "ypos": 1234 },
        { "id": 0, "xpos": 3315, "ypos": 1201 },
        { "id": 0, "xpos": 3233, "ypos": 1167 },
        { "id": 0, "xpos": 4467, "ypos": 1149 },
        { "id": 0, "xpos": 4537, "ypos": 1149 },
        { "id": 0, "xpos": 4612, "ypos": 1149 },
        { "id": 0, "xpos": 4712, "ypos": 1149 },
        { "id": 0, "xpos": 4807, "ypos": 1149 },
        { "id": 0, "xpos": 4864, "ypos": 1115 },
        { "id": 0, "xpos": 4879, "ypos": 1034 },
        { "id": 0, "xpos": 4879, "ypos": 964 },
        { "id": 0, "xpos": 4879, "ypos": 899 },
        { "id": 0, "xpos": 4879, "ypos": 739 },
        { "id": 0, "xpos": 5394, "ypos": 721 },
        { "id": 0, "xpos": 5464, "ypos": 721 },
        { "id": 0, "xpos": 5539, "ypos": 721 },
        { "id": 0, "xpos": 5614, "ypos": 721 },
        { "id": 0, "xpos": 5694, "ypos": 721 },
        { "id": 0, "xpos": 5774, "ypos": 721 },
        { "id": 0, "xpos": 5849, "ypos": 721 },
        { "id": 0, "xpos": 5924, "ypos": 721 },
        { "id": 0, "xpos": 6009, "ypos": 721 },
        { "id": 0, "xpos": 6622, "ypos": 726 },
        { "id": 0, "xpos": 6722, "ypos": 726 },
        { "id": 0, "xpos": 6936, "ypos": 727 },
        { "id": 0, "xpos": 6998, "ypos": 702 },
        { "id": 0, "xpos": 7029, "ypos": 617 },
        { "id": 0, "xpos": 7006, "ypos": 519 },
        { "id": 0, "xpos": 6934, "ypos": 493 },
        { "id": 0, "xpos": 6865, "ypos": 519 },
        { "id": 0, "xpos": 6845, "ypos": 607 },
        { "id": 0, "xpos": 6864, "ypos": 700 },
        { "id": 0, "xpos": 7118, "ypos": 726 },
        { "id": 0, "xpos": 7183, "ypos": 726 },
        { "id": 22, "xpos": 813, "ypos": 793 },
        { "id": 29, "xpos": 3345, "ypos": 965 },
        { "id": 30, "xpos": 7397, "ypos": 740 },
        { "id": 25, "xpos": 1417, "ypos": 835 },
        { "id": 19, "xpos": 3240, "ypos": 1920 },
        { "id": 19, "xpos": 3244, "ypos": 2009 },
        { "id": 19, "xpos": 3245, "ypos": 2103 },
        { "id": 19, "xpos": 3245, "ypos": 2197 },
        { "id": 19, "xpos": 3370, "ypos": 1725 },
        { "id": 21, "xpos": 3688, "ypos": 1900 },
        { "id": 19, "xpos": 3245, "ypos": 2284 },
        { "id": 19, "xpos": 3245, "ypos": 2377 },
        { "id": 19, "xpos": 3245, "ypos": 2457 },
        { "id": 19, "xpos": 3245, "ypos": 2550 },
        { "id": 19, "xpos": 3246, "ypos": 2643 },
        { "id": 22, "xpos": 3705, "ypos": 2677 },
        { "id": 0, "xpos": 3062, "ypos": 1886 },
        { "id": 19, "xpos": 3295, "ypos": 1919 },
        { "id": 19, "xpos": 3267, "ypos": 1921 },
        { "id": 19, "xpos": 3369, "ypos": 1633 },
        { "id": 19, "xpos": 3072, "ypos": 1620 },
        { "id": 0, "xpos": 3194, "ypos": 1881 },
        { "id": 0, "xpos": 3292, "ypos": 1856 },
        { "id": 0, "xpos": 3245, "ypos": 1709 },
        { "id": 0, "xpos": 3173, "ypos": 1744 },
        { "id": 0, "xpos": 3160, "ypos": 1829 },
        { "id": 0, "xpos": 3318, "ypos": 1797 },
        { "id": 0, "xpos": 3301, "ypos": 1729 },
        { "id": 0, "xpos": 3248, "ypos": 1880 },
        { "id": 0, "xpos": 3158, "ypos": 1956 },
        { "id": 0, "xpos": 3157, "ypos": 2043 },
        { "id": 0, "xpos": 3157, "ypos": 2115 },
        { "id": 0, "xpos": 3157, "ypos": 2205 },
        { "id": 0, "xpos": 3157, "ypos": 2301 },
        { "id": 0, "xpos": 3157, "ypos": 2391 },
        { "id": 0, "xpos": 3157, "ypos": 2495 },
        { "id": 0, "xpos": 3157, "ypos": 2577 },
        { "id": 0, "xpos": 3168, "ypos": 2638 },
        { "id": 0, "xpos": 3212, "ypos": 2684 },
        { "id": 0, "xpos": 3298, "ypos": 2698 },
        { "id": 0, "xpos": 3344, "ypos": 2698 },
        { "id": 0, "xpos": 3506, "ypos": 2698 },
        { "id": 0, "xpos": 3559, "ypos": 2673 },
        { "id": 0, "xpos": 3585, "ypos": 2610 },
        { "id": 0, "xpos": 3565, "ypos": 2538 },
        { "id": 0, "xpos": 3511, "ypos": 2509 },
        { "id": 0, "xpos": 3442, "ypos": 2535 },
        { "id": 0, "xpos": 3421, "ypos": 2601 },
        { "id": 0, "xpos": 3448, "ypos": 2674 },
        { "id": 0, "xpos": 3840, "ypos": 1359 },
        { "id": 0, "xpos": 3840, "ypos": 1535 },
        { "id": 0, "xpos": 3840, "ypos": 1478 },
        { "id": 0, "xpos": 3841, "ypos": 1417 },
        { "id": 24, "xpos": 2574, "ypos": 924 },
        { "id": 24, "xpos": 2533, "ypos": 923 },
        { "id": 24, "xpos": 2484, "ypos": 923 },
        { "id": 24, "xpos": 3383, "ypos": 2443 },
        { "id": 24, "xpos": 3431, "ypos": 2443 },
        { "id": 24, "xpos": 3476, "ypos": 2443 },
        { "id": 24, "xpos": 3524, "ypos": 2443 },
        { "id": 24, "xpos": 3572, "ypos": 2443 },
        { "id": 24, "xpos": 3621, "ypos": 2443 },
        { "id": 17, "xpos": 3488, "ypos": 2490 },
        { "id": 21, "xpos": 4015, "ypos": 1671 },
        { "id": 22, "xpos": 478, "ypos": 2543 },
        { "id": 3, "xpos": 3421, "ypos": 1902 },
        { "id": 19, "xpos": 3370, "ypos": 1819 },
        { "id": 19, "xpos": 3369, "ypos": 1907 },
        { "id": 0, "xpos": 250, "ypos": 2550 },
        { "id": 0, "xpos": 148, "ypos": 2551 },
        { "id": 20, "xpos": 1557, "ypos": 1872 },
        { "id": 0, "xpos": 2180, "ypos": 2028 },
        { "id": 0, "xpos": 2180, "ypos": 1951 },
        { "id": 0, "xpos": 2180, "ypos": 1879 },
        { "id": 0, "xpos": 2180, "ypos": 1791 },
        { "id": 0, "xpos": 384, "ypos": 1696 },
        { "id": 0, "xpos": 384, "ypos": 1736 },
        { "id": 0, "xpos": 384, "ypos": 1776 },
        { "id": 0, "xpos": 384, "ypos": 1816 },
        { "id": 0, "xpos": 344, "ypos": 1696 },
        { "id": 24, "xpos": 304, "ypos": 1696 },
        { "id": 24, "xpos": 264, "ypos": 1696 },
        { "id": 24, "xpos": 224, "ypos": 1696 },
        { "id": 24, "xpos": 184, "ypos": 1696 },
        { "id": 24, "xpos": 144, "ypos": 1696 },
        { "id": 24, "xpos": 104, "ypos": 1696 },
        { "id": 5, "xpos": 26, "ypos": 1713 },
        { "id": 51, "xpos": 693, "ypos": 2157 }
    ],
    "1enemylist": [
        { "id": 8, "xpos": 831, "ypos": 2046 }
    ],
    "2enemylist": [
        { "id": 2, "xpos": 831, "ypos": 2046 },
        { "id": 2, "xpos": 2943, "ypos": 1028 },
        { "id": 2, "xpos": 7820, "ypos": 420 },
        { "id": 2, "xpos": 2122, "ypos": 777 },
        { "id": 2, "xpos": 1745, "ypos": 1198 },
        { "id": 2, "xpos": 1931, "ypos": 1056 },
        { "id": 2, "xpos": 1722, "ypos": 1473 },
        { "id": 2, "xpos": 6167, "ypos": 712 },
        { "id": 2, "xpos": 3075, "ypos": 979 },
        { "id": 2, "xpos": 2371, "ypos": 1925 }
    ],
    "enemylist": [
        { "id": 2, "xpos": 831, "ypos": 2046 },
        { "id": 0, "xpos": 2943, "ypos": 1028 },
        { "id": 4, "xpos": 7820, "ypos": 420 },
        { "id": 2, "xpos": 2122, "ypos": 777 },
        { "id": 0, "xpos": 1745, "ypos": 1198 },
        { "id": 0, "xpos": 1931, "ypos": 1056 },
        { "id": 4, "xpos": 1722, "ypos": 1473 },
        { "id": 2, "xpos": 6167, "ypos": 712 },
        { "id": 2, "xpos": 3075, "ypos": 979 },
        { "id": 2, "xpos": 2371, "ypos": 1925 }
    ],
    "dialogbox": [
        {
                    "xpos": 190,
                    "ypos": 2400,
                    "width": 200,
                    "height": 200,
                    "title": "BOZ_1_TITLE_0",
                    "message": "BOZ_1_MSG_0"
        },
        {
                    "xpos": 1807,
                    "ypos": 1665,
                    "width": 200,
                    "height": 150,
                    "title": "BOZ_1_TITLE_1",
                    "message": "BOZ_1_MSG_1"
        },        
        {
                    "xpos": 0,
                    "ypos": 1605,
                    "width": 160,
                    "height": 130,
                    "title": "BOZ_1_TITLE_2",
                    "message": "BOZ_1_MSG_2"
        },
        {
                    "xpos": 3818,
                    "ypos": 1510,
                    "width": 232,
                    "height": 182,
                    "title": "BOZ_1_TITLE_3",
                    "message": "BOZ_1_MSG_3"
        },
        {
                    "xpos": 6253,
                    "ypos": 668,
                    "width": 200,
                    "height": 100,
                    "title": "BOZ_1_TITLE_4",
                    "message": "BOZ_1_MSG_4"
        },
        {
                    "xpos": 2380,
                    "ypos": 1828,
                    "width": 474,
                    "height": 156,
                    "title": "BOZ_1_TITLE_5",
                    "message": "BOZ_1_MSG_5"
        }
    ]
}
