{
    "name":         "Blue Ocean Zone",
    "act":          2,
    "theme":        "data/themes/ocean.bricks.json",
    "bgtheme":      "data/themes/oceanb.bg.json",
    "spawn_point":  { "x": 40, "y": 3000 },
    "xspawn_point":  { "x": 9845, "y": 2444 },
    "music":        "data/music/crusader.mp4",
    "dialogbox": [],
    "bricklist": [
        { "id": 1, "xpos": 1593, "ypos": 3081 },
        { "id": 1, "xpos": 0, "ypos": 3080 },
        { "id": 1, "xpos": 136, "ypos": 3080 },
        { "id": 1, "xpos": 272, "ypos": 3080 },
        { "id": 1, "xpos": 408, "ypos": 3080 },
        { "id": 1, "xpos": 544, "ypos": 3080 },
        { "id": 1, "xpos": 680, "ypos": 3080 },
        { "id": 4, "xpos": 816, "ypos": 3080 },
        { "id": 1, "xpos": 944, "ypos": 3080 },
        { "id": 1, "xpos": 1593, "ypos": 3065 },
        { "id": 14, "xpos": 1464, "ypos": 3033 },
        { "id": 1, "xpos": 944, "ypos": 3016 },
        { "id": 2, "xpos": 1080, "ypos": 3016 },
        { "id": 2, "xpos": 1208, "ypos": 3016 },
        { "id": 2, "xpos": 1336, "ypos": 3016 },
        { "id": 1, "xpos": 7770, "ypos": 3009 },
        { "id": 1, "xpos": 1593, "ypos": 2977 },
        { "id": 1, "xpos": 5678, "ypos": 2972 },
        { "id": 1, "xpos": 6221, "ypos": 2972 },
        { "id": 1, "xpos": 6085, "ypos": 2972 },
        { "id": 1, "xpos": 5949, "ypos": 2972 },
        { "id": 1, "xpos": 5813, "ypos": 2972 },
        { "id": 1, "xpos": 7143, "ypos": 2971 },
        { "id": 1, "xpos": 7007, "ypos": 2971 },
        { "id": 1, "xpos": 6871, "ypos": 2971 },
        { "id": 1, "xpos": 6735, "ypos": 2971 },
        { "id": 1, "xpos": 7770, "ypos": 2954 },
        { "id": 1, "xpos": 5678, "ypos": 2920 },
        { "id": 15, "xpos": 1464, "ypos": 2897 },
        { "id": 1, "xpos": 1593, "ypos": 2889 },
        { "id": 1, "xpos": 7770, "ypos": 2889 },
        { "id": 1, "xpos": 7143, "ypos": 2884 },
        { "id": 1, "xpos": 7007, "ypos": 2884 },
        { "id": 1, "xpos": 6871, "ypos": 2884 },
        { "id": 1, "xpos": 6735, "ypos": 2884 },
        { "id": 4, "xpos": 6357, "ypos": 2884 },
        { "id": 1, "xpos": 6221, "ypos": 2884 },
        { "id": 1, "xpos": 6085, "ypos": 2884 },
        { "id": 1, "xpos": 5949, "ypos": 2884 },
        { "id": 1, "xpos": 5813, "ypos": 2884 },
        { "id": 1, "xpos": 6735, "ypos": 2871 },
        { "id": 1, "xpos": 7143, "ypos": 2870 },
        { "id": 0, "xpos": 0, "ypos": 2855 },
        { "id": 0, "xpos": 41, "ypos": 2855 },
        { "id": 0, "xpos": 168, "ypos": 2855 },
        { "id": 0, "xpos": 296, "ypos": 2854 },
        { "id": 0, "xpos": 424, "ypos": 2854 },
        { "id": 0, "xpos": 552, "ypos": 2854 },
        { "id": 1, "xpos": 5678, "ypos": 2835 },
        { "id": 15, "xpos": 8035, "ypos": 2831 },
        { "id": 1, "xpos": 3359, "ypos": 2830 },
        { "id": 1, "xpos": 3223, "ypos": 2830 },
        { "id": 1, "xpos": 3220, "ypos": 2830 },
        { "id": 1, "xpos": 7770, "ypos": 2824 },
        { "id": 15, "xpos": 8290, "ypos": 2820 },
        { "id": 4, "xpos": 6486, "ypos": 2819 },
        { "id": 15, "xpos": 8418, "ypos": 2819 },
        { "id": 1, "xpos": 1593, "ypos": 2801 },
        { "id": 1, "xpos": 0, "ypos": 2797 },
        { "id": 1, "xpos": 136, "ypos": 2797 },
        { "id": 1, "xpos": 272, "ypos": 2797 },
        { "id": 1, "xpos": 408, "ypos": 2797 },
        { "id": 1, "xpos": 416, "ypos": 2797 },
        { "id": 1, "xpos": 6735, "ypos": 2786 },
        { "id": 0, "xpos": 6043, "ypos": 2784 },
        { "id": 1, "xpos": 7143, "ypos": 2783 },
        { "id": 14, "xpos": 3091, "ypos": 2782 },
        { "id": 15, "xpos": 8418, "ypos": 2769 },
        { "id": 1, "xpos": 7770, "ypos": 2764 },
        { "id": 15, "xpos": 1464, "ypos": 2761 },
        { "id": 1, "xpos": 0, "ypos": 2761 },
        { "id": 1, "xpos": 95, "ypos": 2761 },
        { "id": 1, "xpos": 205, "ypos": 2761 },
        { "id": 1, "xpos": 310, "ypos": 2761 },
        { "id": 1, "xpos": 405, "ypos": 2761 },
        { "id": 1, "xpos": 416, "ypos": 2761 },
        { "id": 2, "xpos": 7143, "ypos": 2755 },
        { "id": 2, "xpos": 7387, "ypos": 2755 },
        { "id": 2, "xpos": 7260, "ypos": 2755 },
        { "id": 2, "xpos": 6614, "ypos": 2755 },
        { "id": 2, "xpos": 7514, "ypos": 2755 },
        { "id": 2, "xpos": 7642, "ypos": 2755 },
        { "id": 2, "xpos": 6742, "ypos": 2754 },
        { "id": 14, "xpos": 5813, "ypos": 2748 },
        { "id": 15, "xpos": 552, "ypos": 2748 },
        { "id": 1, "xpos": 5749, "ypos": 2747 },
        { "id": 1, "xpos": 5669, "ypos": 2747 },
        { "id": 1, "xpos": 5533, "ypos": 2747 },
        { "id": 1, "xpos": 5397, "ypos": 2747 },
        { "id": 1, "xpos": 5262, "ypos": 2747 },
        { "id": 1, "xpos": 5126, "ypos": 2747 },
        { "id": 1, "xpos": 4990, "ypos": 2747 },
        { "id": 1, "xpos": 4854, "ypos": 2747 },
        { "id": 1, "xpos": 4718, "ypos": 2747 },
        { "id": 1, "xpos": 3494, "ypos": 2745 },
        { "id": 1, "xpos": 3630, "ypos": 2745 },
        { "id": 1, "xpos": 3766, "ypos": 2745 },
        { "id": 1, "xpos": 3902, "ypos": 2745 },
        { "id": 1, "xpos": 4037, "ypos": 2745 },
        { "id": 1, "xpos": 4173, "ypos": 2745 },
        { "id": 1, "xpos": 3359, "ypos": 2743 },
        { "id": 1, "xpos": 3223, "ypos": 2743 },
        { "id": 1, "xpos": 3221, "ypos": 2743 },
        { "id": 14, "xpos": 3092, "ypos": 2742 },
        { "id": 15, "xpos": 8035, "ypos": 2731 },
        { "id": 15, "xpos": 8290, "ypos": 2730 },
        { "id": 1, "xpos": 1593, "ypos": 2713 },
        { "id": 1, "xpos": 2129, "ypos": 2713 },
        { "id": 1, "xpos": 1865, "ypos": 2713 },
        { "id": 1, "xpos": 1729, "ypos": 2713 },
        { "id": 1, "xpos": 2393, "ypos": 2713 },
        { "id": 1, "xpos": 416, "ypos": 2700 },
        { "id": 1, "xpos": 280, "ypos": 2700 },
        { "id": 1, "xpos": 144, "ypos": 2700 },
        { "id": 1, "xpos": 9, "ypos": 2700 },
        { "id": 1, "xpos": 0, "ypos": 2700 },
        { "id": 1, "xpos": 7770, "ypos": 2699 },
        { "id": 4, "xpos": 7907, "ypos": 2698 },
        { "id": 14, "xpos": 6043, "ypos": 2677 },
        { "id": 15, "xpos": 8418, "ypos": 2674 },
        { "id": 2, "xpos": 7386, "ypos": 2661 },
        { "id": 1, "xpos": 5806, "ypos": 2660 },
        { "id": 1, "xpos": 5670, "ypos": 2660 },
        { "id": 1, "xpos": 5534, "ypos": 2660 },
        { "id": 1, "xpos": 5398, "ypos": 2660 },
        { "id": 1, "xpos": 5262, "ypos": 2660 },
        { "id": 1, "xpos": 5126, "ypos": 2660 },
        { "id": 1, "xpos": 4990, "ypos": 2660 },
        { "id": 1, "xpos": 4854, "ypos": 2660 },
        { "id": 1, "xpos": 4718, "ypos": 2659 },
        { "id": 1, "xpos": 3358, "ypos": 2657 },
        { "id": 1, "xpos": 3494, "ypos": 2657 },
        { "id": 1, "xpos": 3630, "ypos": 2657 },
        { "id": 1, "xpos": 3766, "ypos": 2657 },
        { "id": 1, "xpos": 3902, "ypos": 2657 },
        { "id": 1, "xpos": 4038, "ypos": 2657 },
        { "id": 1, "xpos": 4174, "ypos": 2657 },
        { "id": 1, "xpos": 4310, "ypos": 2657 },
        { "id": 1, "xpos": 4582, "ypos": 2657 },
        { "id": 15, "xpos": 1464, "ypos": 2656 },
        { "id": 15, "xpos": 8035, "ypos": 2635 },
        { "id": 15, "xpos": 8290, "ypos": 2630 },
        { "id": 16, "xpos": 2529, "ypos": 2625 },
        { "id": 1, "xpos": 1593, "ypos": 2625 },
        { "id": 1, "xpos": 1729, "ypos": 2625 },
        { "id": 1, "xpos": 1865, "ypos": 2625 },
        { "id": 7, "xpos": 2001, "ypos": 2625 },
        { "id": 1, "xpos": 2129, "ypos": 2625 },
        { "id": 7, "xpos": 2265, "ypos": 2625 },
        { "id": 1, "xpos": 2393, "ypos": 2625 },
        { "id": 0, "xpos": 1466, "ypos": 2625 },
        { "id": 0, "xpos": 1464, "ypos": 2625 },
        { "id": 15, "xpos": 552, "ypos": 2612 },
        { "id": 1, "xpos": 417, "ypos": 2612 },
        { "id": 1, "xpos": 281, "ypos": 2612 },
        { "id": 1, "xpos": 145, "ypos": 2612 },
        { "id": 1, "xpos": 9, "ypos": 2612 },
        { "id": 1, "xpos": 0, "ypos": 2612 },
        { "id": 14, "xpos": 3093, "ypos": 2609 },
        { "id": 14, "xpos": 6043, "ypos": 2602 },
        { "id": 1, "xpos": 4718, "ypos": 2571 },
        { "id": 4, "xpos": 8162, "ypos": 2571 },
        { "id": 1, "xpos": 4718, "ypos": 2570 },
        { "id": 1, "xpos": 4174, "ypos": 2570 },
        { "id": 1, "xpos": 4310, "ypos": 2569 },
        { "id": 1, "xpos": 4446, "ypos": 2569 },
        { "id": 1, "xpos": 4582, "ypos": 2569 },
        { "id": 1, "xpos": 4038, "ypos": 2569 },
        { "id": 15, "xpos": 8418, "ypos": 2569 },
        { "id": 14, "xpos": 6043, "ypos": 2532 },
        { "id": 14, "xpos": 7385, "ypos": 2525 },
        { "id": 15, "xpos": 8290, "ypos": 2508 },
        { "id": 1, "xpos": 3358, "ypos": 2484 },
        { "id": 1, "xpos": 3222, "ypos": 2484 },
        { "id": 14, "xpos": 3093, "ypos": 2484 },
        { "id": 1, "xpos": 5262, "ypos": 2483 },
        { "id": 1, "xpos": 5126, "ypos": 2483 },
        { "id": 1, "xpos": 4990, "ypos": 2482 },
        { "id": 1, "xpos": 4718, "ypos": 2482 },
        { "id": 1, "xpos": 4582, "ypos": 2482 },
        { "id": 1, "xpos": 4174, "ypos": 2482 },
        { "id": 1, "xpos": 4310, "ypos": 2482 },
        { "id": 1, "xpos": 4446, "ypos": 2482 },
        { "id": 7, "xpos": 1943, "ypos": 2461 },
        { "id": 7, "xpos": 2071, "ypos": 2461 },
        { "id": 7, "xpos": 2199, "ypos": 2461 },
        { "id": 7, "xpos": 2327, "ypos": 2461 },
        { "id": 6, "xpos": 1878, "ypos": 2460 },
        { "id": 1, "xpos": 3635, "ypos": 2457 },
        { "id": 1, "xpos": 3771, "ypos": 2457 },
        { "id": 47, "xpos": 3494, "ypos": 2451 },
        { "id": 7, "xpos": 10211, "ypos": 2445 },
        { "id": 7, "xpos": 10083, "ypos": 2445 },
        { "id": 7, "xpos": 9955, "ypos": 2445 },
        { "id": 7, "xpos": 9827, "ypos": 2445 },
        { "id": 7, "xpos": 9699, "ypos": 2445 },
        { "id": 7, "xpos": 9571, "ypos": 2445 },
        { "id": 7, "xpos": 9443, "ypos": 2445 },
        { "id": 7, "xpos": 9315, "ypos": 2445 },
        { "id": 14, "xpos": 7385, "ypos": 2445 },
        { "id": 15, "xpos": 8418, "ypos": 2445 },
        { "id": 7, "xpos": 8547, "ypos": 2445 },
        { "id": 7, "xpos": 8675, "ypos": 2445 },
        { "id": 7, "xpos": 8803, "ypos": 2445 },
        { "id": 7, "xpos": 8931, "ypos": 2445 },
        { "id": 7, "xpos": 9059, "ypos": 2445 },
        { "id": 7, "xpos": 9187, "ypos": 2445 },
        { "id": 14, "xpos": 6043, "ypos": 2442 },
        { "id": 0, "xpos": 5527, "ypos": 2435 },
        { "id": 0, "xpos": 5526, "ypos": 2435 },
        { "id": 0, "xpos": 5398, "ypos": 2435 },
        { "id": 14, "xpos": 5398, "ypos": 2435 },
        { "id": 6, "xpos": 1495, "ypos": 2396 },
        { "id": 7, "xpos": 1559, "ypos": 2396 },
        { "id": 7, "xpos": 1687, "ypos": 2396 },
        { "id": 1, "xpos": 3358, "ypos": 2396 },
        { "id": 48, "xpos": 3397, "ypos": 2395 },
        { "id": 1, "xpos": 4174, "ypos": 2394 },
        { "id": 1, "xpos": 4310, "ypos": 2394 },
        { "id": 1, "xpos": 4446, "ypos": 2394 },
        { "id": 1, "xpos": 4038, "ypos": 2393 },
        { "id": 47, "xpos": 3493, "ypos": 2386 },
        { "id": 1, "xpos": 5791, "ypos": 2380 },
        { "id": 1, "xpos": 5655, "ypos": 2380 },
        { "id": 14, "xpos": 7385, "ypos": 2375 },
        { "id": 7, "xpos": 3910, "ypos": 2369 },
        { "id": 7, "xpos": 3908, "ypos": 2369 },
        { "id": 1, "xpos": 3772, "ypos": 2369 },
        { "id": 1, "xpos": 4038, "ypos": 2369 },
        { "id": 1, "xpos": 4174, "ypos": 2369 },
        { "id": 1, "xpos": 4310, "ypos": 2369 },
        { "id": 1, "xpos": 4446, "ypos": 2369 },
        { "id": 2, "xpos": 4582, "ypos": 2369 },
        { "id": 2, "xpos": 4710, "ypos": 2369 },
        { "id": 2, "xpos": 4838, "ypos": 2369 },
        { "id": 47, "xpos": 2631, "ypos": 2340 },
        { "id": 7, "xpos": 1176, "ypos": 2332 },
        { "id": 7, "xpos": 1304, "ypos": 2332 },
        { "id": 25, "xpos": 1040, "ypos": 2331 },
        { "id": 14, "xpos": 6043, "ypos": 2330 },
        { "id": 47, "xpos": 2631, "ypos": 2329 },
        { "id": 47, "xpos": 2396, "ypos": 2319 },
        { "id": 47, "xpos": 2631, "ypos": 2318 },
        { "id": 47, "xpos": 2625, "ypos": 2318 },
        { "id": 47, "xpos": 2594, "ypos": 2318 },
        { "id": 47, "xpos": 2561, "ypos": 2318 },
        { "id": 47, "xpos": 2396, "ypos": 2318 },
        { "id": 47, "xpos": 2429, "ypos": 2318 },
        { "id": 47, "xpos": 2462, "ypos": 2318 },
        { "id": 47, "xpos": 2495, "ypos": 2318 },
        { "id": 47, "xpos": 2528, "ypos": 2318 },
        { "id": 1, "xpos": 5208, "ypos": 2310 },
        { "id": 1, "xpos": 5072, "ypos": 2310 },
        { "id": 1, "xpos": 3358, "ypos": 2308 },
        { "id": 14, "xpos": 7385, "ypos": 2305 },
        { "id": 0, "xpos": 5398, "ypos": 2301 },
        { "id": 1, "xpos": 5791, "ypos": 2292 },
        { "id": 1, "xpos": 5655, "ypos": 2292 },
        { "id": 14, "xpos": 6043, "ypos": 2260 },
        { "id": 14, "xpos": 7385, "ypos": 2245 },
        { "id": 14, "xpos": 4837, "ypos": 2233 },
        { "id": 1, "xpos": 5208, "ypos": 2223 },
        { "id": 1, "xpos": 5073, "ypos": 2223 },
        { "id": 1, "xpos": 3358, "ypos": 2220 },
        { "id": 1, "xpos": 4038, "ypos": 2217 },
        { "id": 1, "xpos": 4174, "ypos": 2217 },
        { "id": 1, "xpos": 4310, "ypos": 2217 },
        { "id": 1, "xpos": 4446, "ypos": 2217 },
        { "id": 2, "xpos": 4582, "ypos": 2217 },
        { "id": 1, "xpos": 3774, "ypos": 2207 },
        { "id": 1, "xpos": 3638, "ypos": 2207 },
        { "id": 1, "xpos": 5791, "ypos": 2205 },
        { "id": 47, "xpos": 9292, "ypos": 2195 },
        { "id": 47, "xpos": 9023, "ypos": 2195 },
        { "id": 14, "xpos": 5398, "ypos": 2195 },
        { "id": 0, "xpos": 5527, "ypos": 2185 },
        { "id": 47, "xpos": 9292, "ypos": 2184 },
        { "id": 47, "xpos": 9023, "ypos": 2184 },
        { "id": 15, "xpos": 2396, "ypos": 2182 },
        { "id": 14, "xpos": 6043, "ypos": 2180 },
        { "id": 47, "xpos": 9292, "ypos": 2173 },
        { "id": 47, "xpos": 9287, "ypos": 2173 },
        { "id": 47, "xpos": 9254, "ypos": 2173 },
        { "id": 47, "xpos": 9221, "ypos": 2173 },
        { "id": 47, "xpos": 9188, "ypos": 2173 },
        { "id": 47, "xpos": 9155, "ypos": 2173 },
        { "id": 47, "xpos": 9122, "ypos": 2173 },
        { "id": 47, "xpos": 9089, "ypos": 2173 },
        { "id": 47, "xpos": 9056, "ypos": 2173 },
        { "id": 47, "xpos": 9023, "ypos": 2173 },
        { "id": 7, "xpos": 1526, "ypos": 2165 },
        { "id": 7, "xpos": 1398, "ypos": 2165 },
        { "id": 7, "xpos": 1270, "ypos": 2165 },
        { "id": 4, "xpos": 1654, "ypos": 2164 },
        { "id": 14, "xpos": 7385, "ypos": 2144 },
        { "id": 15, "xpos": 2396, "ypos": 2132 },
        { "id": 1, "xpos": 2678, "ypos": 2132 },
        { "id": 1, "xpos": 2814, "ypos": 2132 },
        { "id": 1, "xpos": 2950, "ypos": 2132 },
        { "id": 1, "xpos": 3086, "ypos": 2132 },
        { "id": 1, "xpos": 3358, "ypos": 2132 },
        { "id": 1, "xpos": 4038, "ypos": 2129 },
        { "id": 1, "xpos": 4174, "ypos": 2129 },
        { "id": 1, "xpos": 4310, "ypos": 2129 },
        { "id": 1, "xpos": 4446, "ypos": 2129 },
        { "id": 0, "xpos": 3910, "ypos": 2121 },
        { "id": 1, "xpos": 3638, "ypos": 2121 },
        { "id": 1, "xpos": 3774, "ypos": 2121 },
        { "id": 1, "xpos": 5791, "ypos": 2119 },
        { "id": 14, "xpos": 5398, "ypos": 2115 },
        { "id": 14, "xpos": 6043, "ypos": 2105 },
        { "id": 7, "xpos": 2550, "ypos": 2100 },
        { "id": 7, "xpos": 2422, "ypos": 2100 },
        { "id": 7, "xpos": 2294, "ypos": 2100 },
        { "id": 7, "xpos": 2166, "ypos": 2100 },
        { "id": 7, "xpos": 2038, "ypos": 2100 },
        { "id": 7, "xpos": 1910, "ypos": 2100 },
        { "id": 7, "xpos": 1782, "ypos": 2100 },
        { "id": 14, "xpos": 4837, "ypos": 2097 },
        { "id": 14, "xpos": 7385, "ypos": 2089 },
        { "id": 47, "xpos": 1041, "ypos": 2046 },
        { "id": 1, "xpos": 2678, "ypos": 2044 },
        { "id": 1, "xpos": 2814, "ypos": 2044 },
        { "id": 1, "xpos": 2950, "ypos": 2044 },
        { "id": 1, "xpos": 3086, "ypos": 2044 },
        { "id": 1, "xpos": 3222, "ypos": 2044 },
        { "id": 1, "xpos": 3358, "ypos": 2044 },
        { "id": 1, "xpos": 4038, "ypos": 2041 },
        { "id": 47, "xpos": 1041, "ypos": 2035 },
        { "id": 47, "xpos": 1041, "ypos": 2033 },
        { "id": 14, "xpos": 6043, "ypos": 2025 },
        { "id": 47, "xpos": 1041, "ypos": 2024 },
        { "id": 47, "xpos": 1045, "ypos": 2024 },
        { "id": 47, "xpos": 1078, "ypos": 2024 },
        { "id": 47, "xpos": 1111, "ypos": 2024 },
        { "id": 47, "xpos": 1276, "ypos": 2024 },
        { "id": 47, "xpos": 1243, "ypos": 2024 },
        { "id": 47, "xpos": 1210, "ypos": 2024 },
        { "id": 47, "xpos": 1177, "ypos": 2024 },
        { "id": 47, "xpos": 1144, "ypos": 2024 },
        { "id": 14, "xpos": 5398, "ypos": 2020 },
        { "id": 47, "xpos": 1276, "ypos": 2013 },
        { "id": 47, "xpos": 1260, "ypos": 2013 },
        { "id": 47, "xpos": 1235, "ypos": 2013 },
        { "id": 47, "xpos": 1202, "ypos": 2013 },
        { "id": 47, "xpos": 1170, "ypos": 2013 },
        { "id": 14, "xpos": 7385, "ypos": 2009 },
        { "id": 14, "xpos": 4166, "ypos": 1995 },
        { "id": 14, "xpos": 4454, "ypos": 1993 },
        { "id": 0, "xpos": 5270, "ypos": 1961 },
        { "id": 0, "xpos": 5201, "ypos": 1961 },
        { "id": 0, "xpos": 5106, "ypos": 1961 },
        { "id": 0, "xpos": 4991, "ypos": 1961 },
        { "id": 1, "xpos": 3086, "ypos": 1956 },
        { "id": 1, "xpos": 3222, "ypos": 1956 },
        { "id": 1, "xpos": 3358, "ypos": 1956 },
        { "id": 1, "xpos": 4038, "ypos": 1956 },
        { "id": 14, "xpos": 4166, "ypos": 1955 },
        { "id": 7, "xpos": 7581, "ypos": 1941 },
        { "id": 14, "xpos": 7385, "ypos": 1929 },
        { "id": 48, "xpos": 7708, "ypos": 1917 },
        { "id": 14, "xpos": 5398, "ypos": 1905 },
        { "id": 1, "xpos": 4583, "ypos": 1904 },
        { "id": 1, "xpos": 4719, "ypos": 1904 },
        { "id": 1, "xpos": 4855, "ypos": 1904 },
        { "id": 14, "xpos": 6171, "ypos": 1899 },
        { "id": 14, "xpos": 6043, "ypos": 1898 },
        { "id": 14, "xpos": 5914, "ypos": 1898 },
        { "id": 14, "xpos": 5785, "ypos": 1898 },
        { "id": 14, "xpos": 5656, "ypos": 1898 },
        { "id": 14, "xpos": 5527, "ypos": 1898 },
        { "id": 15, "xpos": 1041, "ypos": 1888 },
        { "id": 48, "xpos": 7708, "ypos": 1862 },
        { "id": 14, "xpos": 4454, "ypos": 1857 },
        { "id": 14, "xpos": 7385, "ypos": 1839 },
        { "id": 0, "xpos": 1180, "ypos": 1832 },
        { "id": 0, "xpos": 1170, "ypos": 1832 },
        { "id": 14, "xpos": 4038, "ypos": 1820 },
        { "id": 14, "xpos": 4166, "ypos": 1819 },
        { "id": 1, "xpos": 4583, "ypos": 1816 },
        { "id": 1, "xpos": 4719, "ypos": 1816 },
        { "id": 1, "xpos": 4855, "ypos": 1816 },
        { "id": 48, "xpos": 7708, "ypos": 1806 },
        { "id": 7, "xpos": 7581, "ypos": 1806 },
        { "id": 14, "xpos": 5398, "ypos": 1790 },
        { "id": 15, "xpos": 1041, "ypos": 1752 },
        { "id": 48, "xpos": 7708, "ypos": 1750 },
        { "id": 48, "xpos": 7581, "ypos": 1750 },
        { "id": 14, "xpos": 7385, "ypos": 1749 },
        { "id": 14, "xpos": 4454, "ypos": 1721 },
        { "id": 48, "xpos": 7581, "ypos": 1695 },
        { "id": 48, "xpos": 7708, "ypos": 1694 },
        { "id": 14, "xpos": 4038, "ypos": 1684 },
        { "id": 14, "xpos": 7385, "ypos": 1659 },
        { "id": 48, "xpos": 7708, "ypos": 1639 },
        { "id": 48, "xpos": 7581, "ypos": 1639 },
        { "id": 15, "xpos": 1041, "ypos": 1616 },
        { "id": 7, "xpos": 7710, "ypos": 1608 },
        { "id": 7, "xpos": 7694, "ypos": 1608 },
        { "id": 7, "xpos": 7581, "ypos": 1608 },
        { "id": 14, "xpos": 4454, "ypos": 1586 },
        { "id": 14, "xpos": 7385, "ypos": 1554 },
        { "id": 14, "xpos": 4038, "ypos": 1548 },
        { "id": 15, "xpos": 1041, "ypos": 1480 },
        { "id": 14, "xpos": 4454, "ypos": 1475 },
        { "id": 14, "xpos": 7385, "ypos": 1454 },
        { "id": 14, "xpos": 4038, "ypos": 1413 },
        { "id": 14, "xpos": 7385, "ypos": 1359 },
        { "id": 14, "xpos": 4454, "ypos": 1355 },
        { "id": 15, "xpos": 1041, "ypos": 1344 },
        { "id": 14, "xpos": 4038, "ypos": 1277 },
        { "id": 14, "xpos": 7385, "ypos": 1264 },
        { "id": 14, "xpos": 4454, "ypos": 1259 },
        { "id": 15, "xpos": 1041, "ypos": 1208 },
        { "id": 14, "xpos": 7385, "ypos": 1164 },
        { "id": 14, "xpos": 4038, "ypos": 1141 },
        { "id": 14, "xpos": 4454, "ypos": 1123 },
        { "id": 15, "xpos": 912, "ypos": 1072 },
        { "id": 15, "xpos": 1041, "ypos": 1072 },
        { "id": 15, "xpos": 1170, "ypos": 1072 },
        { "id": 14, "xpos": 7385, "ypos": 1064 },
        { "id": 14, "xpos": 4038, "ypos": 1006 },
        { "id": 14, "xpos": 3910, "ypos": 1006 },
        { "id": 14, "xpos": 4454, "ypos": 987 },
        { "id": 14, "xpos": 4583, "ypos": 987 },
        { "id": 14, "xpos": 7385, "ypos": 959 },
        { "id": 14, "xpos": 7385, "ypos": 854 },
        { "id": 14, "xpos": 7385, "ypos": 749 },
        { "id": 14, "xpos": 7385, "ypos": 654 },
        { "id": 14, "xpos": 7385, "ypos": 554 },
        { "id": 14, "xpos": 7385, "ypos": 429 },
        { "id": 14, "xpos": 7385, "ypos": 329 },
        { "id": 14, "xpos": 7385, "ypos": 214 },
        { "id": 14, "xpos": 7385, "ypos": 104 },
        { "id": 14, "xpos": 7385, "ypos": 15 },
        { "id": 14, "xpos": 7385, "ypos": 0 },
        { "id": 3, "xpos": 817, "ypos": 3016 },
        { "id": 3, "xpos": 6358, "ypos": 2820 },
        { "id": 3, "xpos": 6487, "ypos": 2755 },
        { "id": 3, "xpos": 7908, "ypos": 2634 },
        { "id": 17, "xpos": 2529, "ypos": 2609 },
        { "id": 18, "xpos": 2580, "ypos": 2580 },
        { "id": 10, "xpos": 8034, "ypos": 2571 },
        { "id": 22, "xpos": 2625, "ypos": 2521 },
        { "id": 19, "xpos": 2609, "ypos": 2521 },
        { "id": 3, "xpos": 8163, "ypos": 2507 },
        { "id": 23, "xpos": 2632, "ypos": 2488 },
        { "id": 23, "xpos": 2624, "ypos": 2488 },
        { "id": 23, "xpos": 2632, "ypos": 2455 },
        { "id": 23, "xpos": 2624, "ypos": 2455 },
        { "id": 10, "xpos": 8290, "ypos": 2444 },
        { "id": 26, "xpos": 9108, "ypos": 2430 },
        { "id": 17, "xpos": 9190, "ypos": 2429 },
        { "id": 27, "xpos": 9080, "ypos": 2401 },
        { "id": 18, "xpos": 9241, "ypos": 2400 },
        { "id": 5, "xpos": 1815, "ypos": 2396 },
        { "id": 42, "xpos": 2608, "ypos": 2394 },
        { "id": 41, "xpos": 2580, "ypos": 2366 },
        { "id": 40, "xpos": 2530, "ypos": 2351 },
        { "id": 45, "xpos": 2624, "ypos": 2351 },
        { "id": 19, "xpos": 9269, "ypos": 2343 },
        { "id": 31, "xpos": 9024, "ypos": 2342 },
        { "id": 28, "xpos": 9064, "ypos": 2342 },
        { "id": 22, "xpos": 9285, "ypos": 2341 },
        { "id": 5, "xpos": 1432, "ypos": 2332 },
        { "id": 26, "xpos": 1124, "ypos": 2315 },
        { "id": 24, "xpos": 9023, "ypos": 2309 },
        { "id": 24, "xpos": 9031, "ypos": 2309 },
        { "id": 23, "xpos": 9292, "ypos": 2308 },
        { "id": 23, "xpos": 9285, "ypos": 2308 },
        { "id": 27, "xpos": 1095, "ypos": 2286 },
        { "id": 35, "xpos": 9063, "ypos": 2251 },
        { "id": 42, "xpos": 9269, "ypos": 2250 },
        { "id": 28, "xpos": 1080, "ypos": 2227 },
        { "id": 31, "xpos": 1040, "ypos": 2227 },
        { "id": 34, "xpos": 9078, "ypos": 2222 },
        { "id": 41, "xpos": 9240, "ypos": 2222 },
        { "id": 45, "xpos": 9285, "ypos": 2206 },
        { "id": 38, "xpos": 9023, "ypos": 2206 },
        { "id": 33, "xpos": 9107, "ypos": 2206 },
        { "id": 40, "xpos": 9189, "ypos": 2206 },
        { "id": 24, "xpos": 1040, "ypos": 2194 },
        { "id": 24, "xpos": 1048, "ypos": 2194 },
        { "id": 24, "xpos": 1041, "ypos": 2161 },
        { "id": 24, "xpos": 1048, "ypos": 2161 },
        { "id": 35, "xpos": 1081, "ypos": 2101 },
        { "id": 3, "xpos": 1655, "ypos": 2100 },
        { "id": 34, "xpos": 1096, "ypos": 2073 },
        { "id": 33, "xpos": 1125, "ypos": 2057 },
        { "id": 38, "xpos": 1041, "ypos": 2057 },
        { "id": 72, "xpos": 1244, "ypos": 2871 },
        { "id": 72, "xpos": 1148, "ypos": 2761 },
        { "id": 72, "xpos": 1269, "ypos": 2654 },
        { "id": 54, "xpos": 0, "ypos": 3056 },
        { "id": 55, "xpos": 613, "ypos": 3056 },
        { "id": 54, "xpos": 598, "ypos": 3056 },
        { "id": 53, "xpos": 586, "ypos": 3056 },
        { "id": 53, "xpos": 149, "ypos": 3056 },
        { "id": 55, "xpos": 107, "ypos": 3056 },
        { "id": 55, "xpos": 516, "ypos": 3056 },
        { "id": 54, "xpos": 495, "ypos": 3056 },
        { "id": 54, "xpos": 468, "ypos": 3056 },
        { "id": 53, "xpos": 454, "ypos": 3056 },
        { "id": 55, "xpos": 267, "ypos": 3056 },
        { "id": 54, "xpos": 253, "ypos": 3056 },
        { "id": 54, "xpos": 227, "ypos": 3056 },
        { "id": 54, "xpos": 203, "ypos": 3056 },
        { "id": 54, "xpos": 183, "ypos": 3056 },
        { "id": 54, "xpos": 158, "ypos": 3056 },
        { "id": 54, "xpos": 91, "ypos": 3056 },
        { "id": 54, "xpos": 76, "ypos": 3056 },
        { "id": 54, "xpos": 54, "ypos": 3056 },
        { "id": 54, "xpos": 27, "ypos": 3056 },
        { "id": 51, "xpos": 427, "ypos": 3056 },
        { "id": 51, "xpos": 318, "ypos": 3056 },
        { "id": 56, "xpos": 480, "ypos": 3048 },
        { "id": 56, "xpos": 218, "ypos": 3048 },
        { "id": 51, "xpos": 427, "ypos": 3032 },
        { "id": 50, "xpos": 480, "ypos": 3021 },
        { "id": 50, "xpos": 202, "ypos": 3002 },
        { "id": 51, "xpos": 1246, "ypos": 2992 },
        { "id": 52, "xpos": 745, "ypos": 2984 },
        { "id": 52, "xpos": 534, "ypos": 2984 },
        { "id": 50, "xpos": 68, "ypos": 2983 },
        { "id": 50, "xpos": 648, "ypos": 2964 },
        { "id": 50, "xpos": 353, "ypos": 2964 },
        { "id": 50, "xpos": 1001, "ypos": 2936 },
        { "id": 59, "xpos": 19, "ypos": 2925 },
        { "id": 59, "xpos": 709, "ypos": 2920 },
        { "id": 50, "xpos": 1188, "ypos": 2917 },
        { "id": 50, "xpos": 1275, "ypos": 2902 },
        { "id": 61, "xpos": 1117, "ypos": 2890 },
        { "id": 58, "xpos": 6005, "ypos": 2862 },
        { "id": 58, "xpos": 6069, "ypos": 2861 },
        { "id": 57, "xpos": 6061, "ypos": 2861 },
        { "id": 58, "xpos": 5941, "ypos": 2861 },
        { "id": 57, "xpos": 6314, "ypos": 2860 },
        { "id": 58, "xpos": 6258, "ypos": 2860 },
        { "id": 57, "xpos": 6250, "ypos": 2860 },
        { "id": 58, "xpos": 6195, "ypos": 2860 },
        { "id": 57, "xpos": 6187, "ypos": 2860 },
        { "id": 58, "xpos": 6132, "ypos": 2860 },
        { "id": 57, "xpos": 6124, "ypos": 2860 },
        { "id": 57, "xpos": 5997, "ypos": 2860 },
        { "id": 59, "xpos": 1376, "ypos": 2850 },
        { "id": 59, "xpos": 1033, "ypos": 2850 },
        { "id": 59, "xpos": 952, "ypos": 2850 },
        { "id": 50, "xpos": 1188, "ypos": 2793 },
        { "id": 50, "xpos": 1317, "ypos": 2750 },
        { "id": 51, "xpos": 1219, "ypos": 2737 },
        { "id": 59, "xpos": 6366, "ypos": 2720 },
        { "id": 50, "xpos": 1317, "ypos": 2686 },
        { "id": 57, "xpos": 7899, "ypos": 2675 },
        { "id": 58, "xpos": 7845, "ypos": 2675 },
        { "id": 57, "xpos": 7837, "ypos": 2675 },
        { "id": 58, "xpos": 7782, "ypos": 2675 },
        { "id": 57, "xpos": 7775, "ypos": 2675 },
        { "id": 59, "xpos": 6473, "ypos": 2668 },
        { "id": 51, "xpos": 5488, "ypos": 2636 },
        { "id": 51, "xpos": 5373, "ypos": 2636 },
        { "id": 51, "xpos": 5263, "ypos": 2636 },
        { "id": 51, "xpos": 5113, "ypos": 2636 },
        { "id": 51, "xpos": 5013, "ypos": 2636 },
        { "id": 61, "xpos": 1169, "ypos": 2635 },
        { "id": 51, "xpos": 3812, "ypos": 2633 },
        { "id": 51, "xpos": 3699, "ypos": 2633 },
        { "id": 57, "xpos": 1303, "ypos": 2630 },
        { "id": 57, "xpos": 1366, "ypos": 2630 },
        { "id": 56, "xpos": 5403, "ypos": 2629 },
        { "id": 58, "xpos": 1310, "ypos": 2629 },
        { "id": 56, "xpos": 5154, "ypos": 2628 },
        { "id": 62, "xpos": 7665, "ypos": 2627 },
        { "id": 62, "xpos": 7565, "ypos": 2627 },
        { "id": 62, "xpos": 7265, "ypos": 2627 },
        { "id": 62, "xpos": 7155, "ypos": 2627 },
        { "id": 62, "xpos": 6779, "ypos": 2627 },
        { "id": 62, "xpos": 6674, "ypos": 2627 },
        { "id": 56, "xpos": 1264, "ypos": 2622 },
        { "id": 59, "xpos": 6570, "ypos": 2618 },
        { "id": 51, "xpos": 3811, "ypos": 2610 },
        { "id": 20, "xpos": 2580, "ypos": 2609 },
        { "id": 58, "xpos": 2334, "ypos": 2602 },
        { "id": 57, "xpos": 2326, "ypos": 2602 },
        { "id": 51, "xpos": 2461, "ypos": 2602 },
        { "id": 51, "xpos": 1571, "ypos": 2602 },
        { "id": 8, "xpos": 425, "ypos": 2601 },
        { "id": 8, "xpos": 375, "ypos": 2601 },
        { "id": 8, "xpos": 305, "ypos": 2601 },
        { "id": 8, "xpos": 240, "ypos": 2601 },
        { "id": 8, "xpos": 130, "ypos": 2601 },
        { "id": 8, "xpos": 0, "ypos": 2601 },
        { "id": 51, "xpos": 2142, "ypos": 2601 },
        { "id": 57, "xpos": 2389, "ypos": 2601 },
        { "id": 58, "xpos": 2270, "ypos": 2601 },
        { "id": 57, "xpos": 2262, "ypos": 2601 },
        { "id": 57, "xpos": 2127, "ypos": 2601 },
        { "id": 58, "xpos": 2072, "ypos": 2601 },
        { "id": 57, "xpos": 2064, "ypos": 2601 },
        { "id": 58, "xpos": 2009, "ypos": 2601 },
        { "id": 57, "xpos": 2001, "ypos": 2601 },
        { "id": 51, "xpos": 1899, "ypos": 2601 },
        { "id": 51, "xpos": 1795, "ypos": 2601 },
        { "id": 51, "xpos": 1467, "ypos": 2601 },
        { "id": 56, "xpos": 2034, "ypos": 2594 },
        { "id": 50, "xpos": 2484, "ypos": 2583 },
        { "id": 21, "xpos": 2609, "ypos": 2580 },
        { "id": 51, "xpos": 1572, "ypos": 2579 },
        { "id": 50, "xpos": 1772, "ypos": 2576 },
        { "id": 61, "xpos": 7793, "ypos": 2573 },
        { "id": 52, "xpos": 3981, "ypos": 2561 },
        { "id": 50, "xpos": 1492, "ypos": 2561 },
        { "id": 61, "xpos": 7924, "ypos": 2556 },
        { "id": 50, "xpos": 1289, "ypos": 2556 },
        { "id": 50, "xpos": 2453, "ypos": 2553 },
        { "id": 50, "xpos": 5458, "ypos": 2549 },
        { "id": 50, "xpos": 5378, "ypos": 2549 },
        { "id": 50, "xpos": 5298, "ypos": 2549 },
        { "id": 50, "xpos": 5198, "ypos": 2549 },
        { "id": 50, "xpos": 5123, "ypos": 2549 },
        { "id": 50, "xpos": 5008, "ypos": 2549 },
        { "id": 55, "xpos": 4094, "ypos": 2545 },
        { "id": 53, "xpos": 4065, "ypos": 2545 },
        { "id": 54, "xpos": 4080, "ypos": 2545 },
        { "id": 50, "xpos": 3866, "ypos": 2545 },
        { "id": 50, "xpos": 3766, "ypos": 2545 },
        { "id": 50, "xpos": 3676, "ypos": 2545 },
        { "id": 50, "xpos": 1665, "ypos": 2545 },
        { "id": 59, "xpos": 1932, "ypos": 2532 },
        { "id": 52, "xpos": 2392, "ypos": 2529 },
        { "id": 50, "xpos": 1339, "ypos": 2526 },
        { "id": 50, "xpos": 1561, "ypos": 2517 },
        { "id": 50, "xpos": 1892, "ypos": 2513 },
        { "id": 50, "xpos": 2421, "ypos": 2510 },
        { "id": 59, "xpos": 190, "ypos": 2499 },
        { "id": 59, "xpos": 5897, "ypos": 2494 },
        { "id": 59, "xpos": 5787, "ypos": 2494 },
        { "id": 59, "xpos": 5682, "ypos": 2494 },
        { "id": 59, "xpos": 5582, "ypos": 2494 },
        { "id": 59, "xpos": 4930, "ypos": 2494 },
        { "id": 59, "xpos": 4870, "ypos": 2494 },
        { "id": 49, "xpos": 2154, "ypos": 2493 },
        { "id": 61, "xpos": 8062, "ypos": 2487 },
        { "id": 59, "xpos": 1811, "ypos": 2486 },
        { "id": 59, "xpos": 103, "ypos": 2483 },
        { "id": 49, "xpos": 4059, "ypos": 2481 },
        { "id": 59, "xpos": 2486, "ypos": 2459 },
        { "id": 59, "xpos": 1717, "ypos": 2459 },
        { "id": 59, "xpos": 1602, "ypos": 2459 },
        { "id": 60, "xpos": 625, "ypos": 2448 },
        { "id": 60, "xpos": 489, "ypos": 2445 },
        { "id": 59, "xpos": 31, "ypos": 2444 },
        { "id": 59, "xpos": 253, "ypos": 2440 },
        { "id": 55, "xpos": 2328, "ypos": 2437 },
        { "id": 54, "xpos": 2301, "ypos": 2437 },
        { "id": 54, "xpos": 2278, "ypos": 2437 },
        { "id": 53, "xpos": 2266, "ypos": 2437 },
        { "id": 55, "xpos": 2136, "ypos": 2437 },
        { "id": 54, "xpos": 2112, "ypos": 2437 },
        { "id": 54, "xpos": 2084, "ypos": 2437 },
        { "id": 54, "xpos": 2059, "ypos": 2437 },
        { "id": 53, "xpos": 2019, "ypos": 2437 },
        { "id": 54, "xpos": 2034, "ypos": 2437 },
        { "id": 51, "xpos": 2049, "ypos": 2437 },
        { "id": 51, "xpos": 2209, "ypos": 2437 },
        { "id": 51, "xpos": 2379, "ypos": 2437 },
        { "id": 57, "xpos": 3649, "ypos": 2433 },
        { "id": 58, "xpos": 3655, "ypos": 2433 },
        { "id": 57, "xpos": 3711, "ypos": 2433 },
        { "id": 58, "xpos": 3717, "ypos": 2433 },
        { "id": 29, "xpos": 9063, "ypos": 2430 },
        { "id": 20, "xpos": 9241, "ypos": 2429 },
        { "id": 61, "xpos": 8187, "ypos": 2425 },
        { "id": 51, "xpos": 9183, "ypos": 2422 },
        { "id": 51, "xpos": 8498, "ypos": 2421 },
        { "id": 51, "xpos": 8655, "ypos": 2421 },
        { "id": 51, "xpos": 8810, "ypos": 2421 },
        { "id": 51, "xpos": 9422, "ypos": 2421 },
        { "id": 51, "xpos": 9692, "ypos": 2421 },
        { "id": 51, "xpos": 10264, "ypos": 2421 },
        { "id": 51, "xpos": 10069, "ypos": 2421 },
        { "id": 51, "xpos": 9889, "ypos": 2421 },
        { "id": 56, "xpos": 9110, "ypos": 2415 },
        { "id": 60, "xpos": 323, "ypos": 2414 },
        { "id": 51, "xpos": 2049, "ypos": 2414 },
        { "id": 56, "xpos": 9895, "ypos": 2413 },
        { "id": 56, "xpos": 9501, "ypos": 2413 },
        { "id": 60, "xpos": 574, "ypos": 2411 },
        { "id": 60, "xpos": 405, "ypos": 2409 },
        { "id": 21, "xpos": 9269, "ypos": 2402 },
        { "id": 30, "xpos": 9064, "ypos": 2401 },
        { "id": 50, "xpos": 5262, "ypos": 2398 },
        { "id": 50, "xpos": 5172, "ypos": 2398 },
        { "id": 50, "xpos": 5082, "ypos": 2398 },
        { "id": 51, "xpos": 8498, "ypos": 2397 },
        { "id": 51, "xpos": 10069, "ypos": 2397 },
        { "id": 50, "xpos": 8422, "ypos": 2385 },
        { "id": 50, "xpos": 5486, "ypos": 2376 },
        { "id": 55, "xpos": 1718, "ypos": 2372 },
        { "id": 54, "xpos": 1693, "ypos": 2372 },
        { "id": 54, "xpos": 1673, "ypos": 2372 },
        { "id": 53, "xpos": 1659, "ypos": 2372 },
        { "id": 51, "xpos": 1594, "ypos": 2372 },
        { "id": 51, "xpos": 1769, "ypos": 2372 },
        { "id": 44, "xpos": 2608, "ypos": 2365 },
        { "id": 56, "xpos": 1657, "ypos": 2364 },
        { "id": 50, "xpos": 2406, "ypos": 2364 },
        { "id": 61, "xpos": 8318, "ypos": 2360 },
        { "id": 50, "xpos": 2019, "ypos": 2357 },
        { "id": 50, "xpos": 2228, "ypos": 2353 },
        { "id": 43, "xpos": 2579, "ypos": 2351 },
        { "id": 50, "xpos": 8678, "ypos": 2348 },
        { "id": 50, "xpos": 9721, "ypos": 2345 },
        { "id": 50, "xpos": 9414, "ypos": 2341 },
        { "id": 50, "xpos": 2324, "ypos": 2339 },
        { "id": 50, "xpos": 2117, "ypos": 2334 },
        { "id": 50, "xpos": 5423, "ypos": 2333 },
        { "id": 59, "xpos": 2174, "ypos": 2324 },
        { "id": 61, "xpos": 10202, "ypos": 2320 },
        { "id": 61, "xpos": 10002, "ypos": 2320 },
        { "id": 61, "xpos": 9797, "ypos": 2320 },
        { "id": 61, "xpos": 9617, "ypos": 2320 },
        { "id": 61, "xpos": 9437, "ypos": 2320 },
        { "id": 61, "xpos": 8882, "ypos": 2320 },
        { "id": 61, "xpos": 8732, "ypos": 2320 },
        { "id": 61, "xpos": 8587, "ypos": 2320 },
        { "id": 61, "xpos": 8439, "ypos": 2319 },
        { "id": 50, "xpos": 8840, "ypos": 2318 },
        { "id": 50, "xpos": 10159, "ypos": 2318 },
        { "id": 50, "xpos": 9959, "ypos": 2318 },
        { "id": 50, "xpos": 9594, "ypos": 2318 },
        { "id": 50, "xpos": 8531, "ypos": 2317 },
        { "id": 50, "xpos": 10295, "ypos": 2317 },
        { "id": 50, "xpos": 9871, "ypos": 2317 },
        { "id": 59, "xpos": 5000, "ypos": 2316 },
        { "id": 50, "xpos": 1863, "ypos": 2315 },
        { "id": 29, "xpos": 1080, "ypos": 2315 },
        { "id": 59, "xpos": 2065, "ypos": 2311 },
        { "id": 53, "xpos": 1255, "ypos": 2308 },
        { "id": 54, "xpos": 1270, "ypos": 2308 },
        { "id": 54, "xpos": 1298, "ypos": 2308 },
        { "id": 54, "xpos": 1326, "ypos": 2308 },
        { "id": 55, "xpos": 1354, "ypos": 2308 },
        { "id": 51, "xpos": 1336, "ypos": 2308 },
        { "id": 56, "xpos": 1187, "ypos": 2300 },
        { "id": 59, "xpos": 1980, "ypos": 2296 },
        { "id": 50, "xpos": 1749, "ypos": 2293 },
        { "id": 50, "xpos": 2228, "ypos": 2289 },
        { "id": 30, "xpos": 1079, "ypos": 2286 },
        { "id": 51, "xpos": 1335, "ypos": 2284 },
        { "id": 59, "xpos": 5566, "ypos": 2269 },
        { "id": 50, "xpos": 1625, "ypos": 2268 },
        { "id": 50, "xpos": 2019, "ypos": 2262 },
        { "id": 50, "xpos": 1489, "ypos": 2258 },
        { "id": 62, "xpos": 3948, "ypos": 2241 },
        { "id": 59, "xpos": 1567, "ypos": 2231 },
        { "id": 50, "xpos": 1364, "ypos": 2223 },
        { "id": 37, "xpos": 9063, "ypos": 2222 },
        { "id": 44, "xpos": 9269, "ypos": 2221 },
        { "id": 50, "xpos": 1233, "ypos": 2219 },
        { "id": 59, "xpos": 1716, "ypos": 2209 },
        { "id": 49, "xpos": 9121, "ypos": 2206 },
        { "id": 50, "xpos": 2117, "ypos": 2206 },
        { "id": 36, "xpos": 9062, "ypos": 2206 },
        { "id": 43, "xpos": 9240, "ypos": 2206 },
        { "id": 57, "xpos": 5266, "ypos": 2199 },
        { "id": 58, "xpos": 5211, "ypos": 2199 },
        { "id": 57, "xpos": 5204, "ypos": 2199 },
        { "id": 58, "xpos": 5149, "ypos": 2199 },
        { "id": 57, "xpos": 5141, "ypos": 2199 },
        { "id": 58, "xpos": 5086, "ypos": 2199 },
        { "id": 57, "xpos": 5078, "ypos": 2199 },
        { "id": 56, "xpos": 5178, "ypos": 2191 },
        { "id": 50, "xpos": 10159, "ypos": 2190 },
        { "id": 50, "xpos": 8531, "ypos": 2189 },
        { "id": 50, "xpos": 9871, "ypos": 2188 },
        { "id": 67, "xpos": 5315, "ypos": 2172 },
        { "id": 59, "xpos": 1175, "ypos": 2166 },
        { "id": 57, "xpos": 9277, "ypos": 2149 },
        { "id": 58, "xpos": 9222, "ypos": 2149 },
        { "id": 57, "xpos": 9215, "ypos": 2149 },
        { "id": 58, "xpos": 9160, "ypos": 2149 },
        { "id": 57, "xpos": 9152, "ypos": 2149 },
        { "id": 58, "xpos": 9097, "ypos": 2149 },
        { "id": 57, "xpos": 9089, "ypos": 2149 },
        { "id": 56, "xpos": 9023, "ypos": 2141 },
        { "id": 51, "xpos": 1584, "ypos": 2141 },
        { "id": 53, "xpos": 1513, "ypos": 2141 },
        { "id": 53, "xpos": 1307, "ypos": 2141 },
        { "id": 55, "xpos": 1445, "ypos": 2141 },
        { "id": 55, "xpos": 1548, "ypos": 2141 },
        { "id": 54, "xpos": 1527, "ypos": 2141 },
        { "id": 54, "xpos": 1426, "ypos": 2141 },
        { "id": 54, "xpos": 1401, "ypos": 2141 },
        { "id": 54, "xpos": 1374, "ypos": 2141 },
        { "id": 54, "xpos": 1349, "ypos": 2141 },
        { "id": 54, "xpos": 1322, "ypos": 2141 },
        { "id": 59, "xpos": 5687, "ypos": 2127 },
        { "id": 51, "xpos": 1584, "ypos": 2117 },
        { "id": 55, "xpos": 5884, "ypos": 2095 },
        { "id": 54, "xpos": 5861, "ypos": 2095 },
        { "id": 54, "xpos": 5841, "ypos": 2095 },
        { "id": 54, "xpos": 5818, "ypos": 2095 },
        { "id": 53, "xpos": 5806, "ypos": 2095 },
        { "id": 37, "xpos": 1080, "ypos": 2072 },
        { "id": 67, "xpos": 5904, "ypos": 2068 },
        { "id": 50, "xpos": 1522, "ypos": 2065 },
        { "id": 50, "xpos": 1432, "ypos": 2064 },
        { "id": 61, "xpos": 5547, "ypos": 2059 },
        { "id": 59, "xpos": 5276, "ypos": 2057 },
        { "id": 59, "xpos": 5146, "ypos": 2057 },
        { "id": 63, "xpos": 1204, "ypos": 2057 },
        { "id": 36, "xpos": 1081, "ypos": 2057 },
        { "id": 64, "xpos": 4905, "ypos": 2047 },
        { "id": 62, "xpos": 9118, "ypos": 2045 },
        { "id": 62, "xpos": 9225, "ypos": 2045 },
        { "id": 50, "xpos": 1343, "ypos": 2037 },
        { "id": 50, "xpos": 3886, "ypos": 2020 },
        { "id": 58, "xpos": 3065, "ypos": 2020 },
        { "id": 57, "xpos": 3057, "ypos": 2020 },
        { "id": 58, "xpos": 3003, "ypos": 2020 },
        { "id": 57, "xpos": 2995, "ypos": 2020 },
        { "id": 58, "xpos": 2940, "ypos": 2020 },
        { "id": 57, "xpos": 2932, "ypos": 2020 },
        { "id": 58, "xpos": 2877, "ypos": 2020 },
        { "id": 57, "xpos": 2869, "ypos": 2020 },
        { "id": 58, "xpos": 2815, "ypos": 2020 },
        { "id": 57, "xpos": 2807, "ypos": 2020 },
        { "id": 58, "xpos": 2753, "ypos": 2020 },
        { "id": 57, "xpos": 2745, "ypos": 2020 },
        { "id": 58, "xpos": 2692, "ypos": 2020 },
        { "id": 57, "xpos": 2684, "ypos": 2020 },
        { "id": 56, "xpos": 2755, "ypos": 2012 },
        { "id": 50, "xpos": 1432, "ypos": 2000 },
        { "id": 59, "xpos": 1470, "ypos": 1999 },
        { "id": 50, "xpos": 3787, "ypos": 1998 },
        { "id": 61, "xpos": 3926, "ypos": 1995 },
        { "id": 59, "xpos": 3664, "ypos": 1955 },
        { "id": 52, "xpos": 2935, "ypos": 1948 },
        { "id": 59, "xpos": 2577, "ypos": 1934 },
        { "id": 59, "xpos": 2462, "ypos": 1934 },
        { "id": 59, "xpos": 2352, "ypos": 1934 },
        { "id": 59, "xpos": 2237, "ypos": 1934 },
        { "id": 59, "xpos": 2127, "ypos": 1934 },
        { "id": 59, "xpos": 2007, "ypos": 1934 },
        { "id": 59, "xpos": 1897, "ypos": 1934 },
        { "id": 59, "xpos": 1797, "ypos": 1934 },
        { "id": 58, "xpos": 3348, "ypos": 1933 },
        { "id": 57, "xpos": 3466, "ypos": 1932 },
        { "id": 58, "xpos": 3411, "ypos": 1932 },
        { "id": 57, "xpos": 3403, "ypos": 1932 },
        { "id": 57, "xpos": 3340, "ypos": 1932 },
        { "id": 58, "xpos": 3284, "ypos": 1932 },
        { "id": 57, "xpos": 3276, "ypos": 1932 },
        { "id": 58, "xpos": 3224, "ypos": 1932 },
        { "id": 57, "xpos": 3216, "ypos": 1932 },
        { "id": 58, "xpos": 3161, "ypos": 1932 },
        { "id": 57, "xpos": 3153, "ypos": 1932 },
        { "id": 58, "xpos": 3098, "ypos": 1932 },
        { "id": 57, "xpos": 3090, "ypos": 1932 },
        { "id": 50, "xpos": 1343, "ypos": 1910 },
        { "id": 64, "xpos": 3424, "ypos": 1906 },
        { "id": 61, "xpos": 1189, "ypos": 1707 },
        { "id": 8, "xpos": 7581, "ypos": 1595 },
        { "id": 59, "xpos": 7671, "ypos": 1486 },
        { "id": 59, "xpos": 7580, "ypos": 1474 },
        { "id": 59, "xpos": 7731, "ypos": 1436 },
        { "id": 59, "xpos": 7625, "ypos": 1436 },
        { "id": 60, "xpos": 7788, "ypos": 1404 },
        { "id": 46, "xpos": 2625, "ypos": 2329 },
        { "id": 46, "xpos": 2593, "ypos": 2329 },
        { "id": 46, "xpos": 2561, "ypos": 2329 },
        { "id": 46, "xpos": 2429, "ypos": 2329 },
        { "id": 46, "xpos": 2462, "ypos": 2329 },
        { "id": 46, "xpos": 2495, "ypos": 2329 },
        { "id": 46, "xpos": 2528, "ypos": 2329 },
        { "id": 46, "xpos": 2396, "ypos": 2329 },
        { "id": 46, "xpos": 9041, "ypos": 2184 },
        { "id": 46, "xpos": 9060, "ypos": 2184 },
        { "id": 46, "xpos": 9091, "ypos": 2184 },
        { "id": 46, "xpos": 9286, "ypos": 2184 },
        { "id": 46, "xpos": 9255, "ypos": 2184 },
        { "id": 46, "xpos": 9222, "ypos": 2184 },
        { "id": 46, "xpos": 9124, "ypos": 2184 },
        { "id": 46, "xpos": 9157, "ypos": 2184 },
        { "id": 46, "xpos": 9189, "ypos": 2184 },
        { "id": 46, "xpos": 1276, "ypos": 2035 },
        { "id": 46, "xpos": 1243, "ypos": 2035 },
        { "id": 46, "xpos": 1045, "ypos": 2035 },
        { "id": 46, "xpos": 1078, "ypos": 2035 },
        { "id": 46, "xpos": 1111, "ypos": 2035 },
        { "id": 46, "xpos": 1210, "ypos": 2035 },
        { "id": 46, "xpos": 1177, "ypos": 2035 },
        { "id": 46, "xpos": 1144, "ypos": 2035 },
        { "id": 69, "xpos": 3317, "ypos": 2735 },
        { "id": 69, "xpos": 3221, "ypos": 2735 },
        { "id": 69, "xpos": 3398, "ypos": 2655 },
        { "id": 69, "xpos": 3316, "ypos": 2655 },
        { "id": 69, "xpos": 3221, "ypos": 2655 },
        { "id": 69, "xpos": 3398, "ypos": 2575 },
        { "id": 69, "xpos": 3317, "ypos": 2575 },
        { "id": 69, "xpos": 3221, "ypos": 2575 },
        { "id": 69, "xpos": 3221, "ypos": 2572 },
        { "id": 69, "xpos": 3317, "ypos": 2572 },
        { "id": 69, "xpos": 3398, "ypos": 2572 },
        { "id": 69, "xpos": 4078, "ypos": 2304 },
        { "id": 69, "xpos": 4038, "ypos": 2304 },
        { "id": 69, "xpos": 4174, "ypos": 2295 },
        { "id": 69, "xpos": 4270, "ypos": 2295 },
        { "id": 69, "xpos": 4366, "ypos": 2295 },
        { "id": 69, "xpos": 4462, "ypos": 2294 },
        { "id": 69, "xpos": 4486, "ypos": 2294 },
        { "id": 69, "xpos": 1170, "ypos": 1944 },
        { "id": 69, "xpos": 1211, "ypos": 1944 },
        { "id": 69, "xpos": 7678, "ypos": 1883 },
        { "id": 69, "xpos": 7582, "ypos": 1883 },
        { "id": 69, "xpos": 1211, "ypos": 1864 },
        { "id": 69, "xpos": 1115, "ypos": 1864 },
        { "id": 69, "xpos": 7582, "ypos": 1837 },
        { "id": 69, "xpos": 7678, "ypos": 1821 }
    ],
    "itemlist": [
        { "id": 0, "xpos": 200, "ypos": 3065 },
        { "id": 0, "xpos": 282, "ypos": 3065 },
        { "id": 0, "xpos": 370, "ypos": 3065 },
        { "id": 0, "xpos": 455, "ypos": 3065 },
        { "id": 6, "xpos": 1238, "ypos": 2013 },
        { "id": 22, "xpos": 5942, "ypos": 2854 },
        { "id": 22, "xpos": 4854, "ypos": 2635 },
        { "id": 2, "xpos": 9177, "ypos": 2173 },
        { "id": 1, "xpos": 7715, "ypos": 1608 },
        { "id": 2, "xpos": 4132, "ypos": 2569 },
        { "id": 20, "xpos": 7101, "ypos": 2883 },
        { "id": 20, "xpos": 5627, "ypos": 2434 },
        { "id": 20, "xpos": 4690, "ypos": 2216 },
        { "id": 20, "xpos": 4804, "ypos": 2368 },
        { "id": 20, "xpos": 1416, "ypos": 3016 },
        { "id": 3, "xpos": 73, "ypos": 2613 },
        { "id": 22, "xpos": 0, "ypos": 2592 },
        { "id": 20, "xpos": 1173, "ypos": 2761 },
        { "id": 20, "xpos": 1323, "ypos": 2870 },
        { "id": 24, "xpos": 3973, "ypos": 2234 },
        { "id": 24, "xpos": 3933, "ypos": 2235 },
        { "id": 24, "xpos": 4013, "ypos": 2183 },
        { "id": 24, "xpos": 3932, "ypos": 2184 },
        { "id": 24, "xpos": 3971, "ypos": 2184 },
        { "id": 24, "xpos": 4013, "ypos": 2286 },
        { "id": 24, "xpos": 3974, "ypos": 2286 },
        { "id": 24, "xpos": 3934, "ypos": 2286 },
        { "id": 24, "xpos": 3482, "ypos": 2645 },
        { "id": 24, "xpos": 3432, "ypos": 2645 },
        { "id": 24, "xpos": 3382, "ypos": 2644 },
        { "id": 3, "xpos": 4686, "ypos": 2483 },
        { "id": 2, "xpos": 4649, "ypos": 2483 },
        { "id": 2, "xpos": 4610, "ypos": 2483 },
        { "id": 31, "xpos": 10013, "ypos": 2444 },
        { "id": 30, "xpos": 9555, "ypos": 2444 },
        { "id": 19, "xpos": 8994, "ypos": 2120 },
        { "id": 19, "xpos": 8964, "ypos": 2141 },
        { "id": 19, "xpos": 8964, "ypos": 2196 },
        { "id": 19, "xpos": 8964, "ypos": 2291 },
        { "id": 19, "xpos": 8964, "ypos": 2356 },
        { "id": 19, "xpos": 9352, "ypos": 2356 },
        { "id": 19, "xpos": 9352, "ypos": 2286 },
        { "id": 19, "xpos": 9352, "ypos": 2216 },
        { "id": 19, "xpos": 9352, "ypos": 2126 },
        { "id": 19, "xpos": 9322, "ypos": 2096 },
        { "id": 18, "xpos": 9322, "ypos": 2187 },
        { "id": 18, "xpos": 9322, "ypos": 2267 },
        { "id": 18, "xpos": 9322, "ypos": 2352 },
        { "id": 17, "xpos": 9155, "ypos": 2205 },
        { "id": 16, "xpos": 8994, "ypos": 2211 },
        { "id": 16, "xpos": 8994, "ypos": 2281 },
        { "id": 16, "xpos": 8994, "ypos": 2351 },
        { "id": 24, "xpos": 7542, "ypos": 1904 },
        { "id": 24, "xpos": 7542, "ypos": 2109 },
        { "id": 24, "xpos": 7542, "ypos": 2234 },
        { "id": 24, "xpos": 7542, "ypos": 2359 },
        { "id": 24, "xpos": 7542, "ypos": 2459 },
        { "id": 24, "xpos": 7542, "ypos": 2564 },
        { "id": 24, "xpos": 7542, "ypos": 2664 },
        { "id": 20, "xpos": 5744, "ypos": 2292 },
        { "id": 25, "xpos": 7032, "ypos": 2883 },
        { "id": 27, "xpos": 3771, "ypos": 2122 },
        { "id": 25, "xpos": 3880, "ypos": 2120 },
        { "id": 27, "xpos": 6939, "ypos": 2888 },
        { "id": 25, "xpos": 4065, "ypos": 2369 },
        { "id": 25, "xpos": 4479, "ypos": 2369 },
        { "id": 26, "xpos": 7478, "ypos": 2691 },
        { "id": 25, "xpos": 7410, "ypos": 2755 },
        { "id": 29, "xpos": 4716, "ypos": 2366 },
        { "id": 23, "xpos": 7770, "ypos": 2733 },
        { "id": 28, "xpos": 7646, "ypos": 1890 },
        { "id": 5, "xpos": 3289, "ypos": 2743 },
        { "id": 26, "xpos": 4546, "ypos": 2304 },
        { "id": 2, "xpos": 3979, "ypos": 2658 },
        { "id": 24, "xpos": 4012, "ypos": 2233 },
        { "id": 0, "xpos": 535, "ypos": 3064 },
        { "id": 0, "xpos": 620, "ypos": 3064 },
        { "id": 0, "xpos": 700, "ypos": 3064 },
        { "id": 0, "xpos": 780, "ypos": 3064 },
        { "id": 0, "xpos": 1496, "ypos": 2606 },
        { "id": 0, "xpos": 1581, "ypos": 2606 },
        { "id": 0, "xpos": 1666, "ypos": 2606 },
        { "id": 0, "xpos": 1761, "ypos": 2606 },
        { "id": 0, "xpos": 1821, "ypos": 2606 },
        { "id": 0, "xpos": 1896, "ypos": 2606 },
        { "id": 0, "xpos": 1986, "ypos": 2606 },
        { "id": 0, "xpos": 2066, "ypos": 2606 },
        { "id": 0, "xpos": 2181, "ypos": 2606 },
        { "id": 0, "xpos": 2271, "ypos": 2606 },
        { "id": 0, "xpos": 2371, "ypos": 2606 },
        { "id": 0, "xpos": 2441, "ypos": 2606 },
        { "id": 0, "xpos": 2516, "ypos": 2608 },
        { "id": 0, "xpos": 2574, "ypos": 2582 },
        { "id": 0, "xpos": 2606, "ypos": 2501 },
        { "id": 0, "xpos": 2581, "ypos": 2412 },
        { "id": 0, "xpos": 2515, "ypos": 2370 },
        { "id": 0, "xpos": 2435, "ypos": 2370 },
        { "id": 0, "xpos": 1940, "ypos": 2438 },
        { "id": 0, "xpos": 1897, "ypos": 2418 },
        { "id": 0, "xpos": 1845, "ypos": 2395 },
        { "id": 0, "xpos": 1554, "ypos": 2373 },
        { "id": 0, "xpos": 1506, "ypos": 2350 },
        { "id": 0, "xpos": 1461, "ypos": 2330 },
        { "id": 0, "xpos": 1209, "ypos": 2322 },
        { "id": 0, "xpos": 1123, "ypos": 2292 },
        { "id": 0, "xpos": 1099, "ypos": 2202 },
        { "id": 0, "xpos": 1121, "ypos": 2108 },
        { "id": 0, "xpos": 1195, "ypos": 2079 },
        { "id": 0, "xpos": 1280, "ypos": 2078 },
        { "id": 0, "xpos": 1665, "ypos": 2134 },
        { "id": 0, "xpos": 1702, "ypos": 2113 },
        { "id": 0, "xpos": 1743, "ypos": 2095 },
        { "id": 0, "xpos": 3116, "ypos": 1932 },
        { "id": 0, "xpos": 3186, "ypos": 1932 },
        { "id": 0, "xpos": 3261, "ypos": 1932 },
        { "id": 0, "xpos": 3331, "ypos": 1932 },
        { "id": 0, "xpos": 3401, "ypos": 1932 },
        { "id": 0, "xpos": 4183, "ypos": 2354 },
        { "id": 0, "xpos": 4273, "ypos": 2354 },
        { "id": 0, "xpos": 4368, "ypos": 2354 },
        { "id": 0, "xpos": 4443, "ypos": 2354 },
        { "id": 0, "xpos": 4518, "ypos": 2354 },
        { "id": 0, "xpos": 4804, "ypos": 2322 },
        { "id": 0, "xpos": 4804, "ypos": 2267 },
        { "id": 0, "xpos": 4804, "ypos": 2212 },
        { "id": 0, "xpos": 5010, "ypos": 2443 },
        { "id": 0, "xpos": 4962, "ypos": 2454 },
        { "id": 0, "xpos": 4913, "ypos": 2492 },
        { "id": 0, "xpos": 4901, "ypos": 2564 },
        { "id": 0, "xpos": 4896, "ypos": 2637 },
        { "id": 0, "xpos": 9181, "ypos": 2434 },
        { "id": 0, "xpos": 9241, "ypos": 2411 },
        { "id": 0, "xpos": 9271, "ypos": 2332 },
        { "id": 0, "xpos": 9245, "ypos": 2257 },
        { "id": 0, "xpos": 9180, "ypos": 2230 },
        { "id": 0, "xpos": 9109, "ypos": 2252 },
        { "id": 0, "xpos": 9081, "ypos": 2328 },
        { "id": 0, "xpos": 9111, "ypos": 2406 },
        { "id": 26, "xpos": 4139, "ypos": 2303 },
        { "id": 21, "xpos": 3615, "ypos": 2656 }
    ],
    "enemylist1": [],
    "enemylist": [
        { "id": 4, "xpos": 2651, "ypos": 2063 },
        { "id": 2, "xpos": 7542, "ypos": 1721 },
        { "id": 2, "xpos": 7543, "ypos": 2003 },
        { "id": 4, "xpos": 8079, "ypos": 1505 },
        { "id": 4, "xpos": 7786, "ypos": 2505 },
        { "id": 4, "xpos": 8227, "ypos": 2014 },
        { "id": 4, "xpos": 8115, "ypos": 2131 },
        { "id": 4, "xpos": 7985, "ypos": 2301 },
        { "id": 4, "xpos": 7890, "ypos": 2441 },
        { "id": 4, "xpos": 5794, "ypos": 2629 },
        { "id": 2, "xpos": 7839, "ypos": 2659 },
        { "id": 2, "xpos": 5580, "ypos": 2629 },
        { "id": 1, "xpos": 5968, "ypos": 2191 },
        { "id": 1, "xpos": 5968, "ypos": 2341 },
        { "id": 1, "xpos": 5968, "ypos": 2774 },
        { "id": 0, "xpos": 5537, "ypos": 2426 },
        { "id": 4, "xpos": 5390, "ypos": 2632 },
        { "id": 0, "xpos": 5042, "ypos": 2473 },
        { "id": 0, "xpos": 5123, "ypos": 2205 },
        { "id": 3, "xpos": 2775, "ypos": 2020 },
        { "id": 3, "xpos": 3031, "ypos": 2021 },
        { "id": 0, "xpos": 1105, "ypos": 3010 },
        { "id": 0, "xpos": 1370, "ypos": 3010 },
        { "id": 2, "xpos": 1020, "ypos": 2972 },
        { "id": 4, "xpos": 3460, "ypos": 1928 },
        { "id": 4, "xpos": 7755, "ypos": 2307 },
        { "id": 4, "xpos": 8205, "ypos": 1572 },
        { "id": 4, "xpos": 8206, "ypos": 1406 },
        { "id": 4, "xpos": 8206, "ypos": 1756 },
        { "id": 4, "xpos": 8206, "ypos": 1856 },
        { "id": 4, "xpos": 8206, "ypos": 1966 },
        { "id": 4, "xpos": 8206, "ypos": 2151 },
        { "id": 4, "xpos": 8516, "ypos": 2126 },
        { "id": 4, "xpos": 8516, "ypos": 2031 },
        { "id": 4, "xpos": 8516, "ypos": 1911 },
        { "id": 4, "xpos": 8516, "ypos": 1806 },
        { "id": 4, "xpos": 8516, "ypos": 1691 },
        { "id": 4, "xpos": 8516, "ypos": 1586 },
        { "id": 4, "xpos": 8516, "ypos": 1486 },
        { "id": 4, "xpos": 8516, "ypos": 1371 },
        { "id": 4, "xpos": 8672, "ypos": 1255 },
        { "id": 4, "xpos": 8672, "ypos": 1330 },
        { "id": 4, "xpos": 8672, "ypos": 1435 },
        { "id": 4, "xpos": 8672, "ypos": 1540 },
        { "id": 4, "xpos": 8672, "ypos": 1650 },
        { "id": 4, "xpos": 8672, "ypos": 1760 },
        { "id": 4, "xpos": 8672, "ypos": 1885 },
        { "id": 4, "xpos": 8642, "ypos": 2000 },
        { "id": 4, "xpos": 8642, "ypos": 2094 },
        { "id": 4, "xpos": 8764, "ypos": 1687 },
        { "id": 4, "xpos": 8764, "ypos": 1542 },
        { "id": 4, "xpos": 8764, "ypos": 1407 },
        { "id": 4, "xpos": 8764, "ypos": 1257 },
        { "id": 4, "xpos": 8764, "ypos": 1112 }
    ]
}
