{
    "name":         "Exotic Paradise",
    "act":          3,
    "theme":        "data/themes/island2.bricks.json",
    "bgtheme":      "data/themes/island2.bg.json",
    "grouptheme":   "data/themes/island.group.json",
    "spawn_point":  { "x": 25, "y": 720 },
    "music":        "data/music/boss.mp4",
    "boss":         { "id": 1, "x": 1870, "y": 1673, "rx": 1290, "ry": 1566, "rw": 670, "rh": 500 },
    "dialogbox": [
        
    ],
    "bricklist": [
        { "id": 61, "xpos": 1189, "ypos": 1902 },
        { "id": 61, "xpos": 1145, "ypos": 1902 },
        { "id": 61, "xpos": 2215, "ypos": 1868 },
        { "id": 63, "xpos": 1503, "ypos": 1863 },
        { "id": 63, "xpos": 1879, "ypos": 1863 },
        { "id": 63, "xpos": 1833, "ypos": 1863 },
        { "id": 63, "xpos": 1767, "ypos": 1863 },
        { "id": 63, "xpos": 1701, "ypos": 1863 },
        { "id": 63, "xpos": 1635, "ypos": 1863 },
        { "id": 63, "xpos": 1569, "ypos": 1863 },
        { "id": 63, "xpos": 1437, "ypos": 1863 },
        { "id": 63, "xpos": 1371, "ypos": 1863 },
        { "id": 63, "xpos": 1305, "ypos": 1863 },
        { "id": 61, "xpos": 1189, "ypos": 1828 },
        { "id": 61, "xpos": 1145, "ypos": 1828 },
        { "id": 64, "xpos": 1619, "ypos": 1807 },
        { "id": 64, "xpos": 1488, "ypos": 1807 },
        { "id": 64, "xpos": 1752, "ypos": 1807 },
        { "id": 61, "xpos": 2215, "ypos": 1794 },
        { "id": 61, "xpos": 1189, "ypos": 1754 },
        { "id": 61, "xpos": 1065, "ypos": 1754 },
        { "id": 61, "xpos": 985, "ypos": 1754 },
        { "id": 61, "xpos": 905, "ypos": 1754 },
        { "id": 61, "xpos": 825, "ypos": 1754 },
        { "id": 61, "xpos": 745, "ypos": 1754 },
        { "id": 61, "xpos": 665, "ypos": 1754 },
        { "id": 61, "xpos": 585, "ypos": 1754 },
        { "id": 61, "xpos": 498, "ypos": 1754 },
        { "id": 61, "xpos": 505, "ypos": 1754 },
        { "id": 61, "xpos": 1145, "ypos": 1754 },
        { "id": 61, "xpos": 2215, "ypos": 1720 },
        { "id": 61, "xpos": 2295, "ypos": 1720 },
        { "id": 61, "xpos": 1189, "ypos": 1680 },
        { "id": 61, "xpos": 498, "ypos": 1680 },
        { "id": 61, "xpos": 505, "ypos": 1680 },
        { "id": 61, "xpos": 585, "ypos": 1680 },
        { "id": 61, "xpos": 665, "ypos": 1680 },
        { "id": 61, "xpos": 745, "ypos": 1680 },
        { "id": 61, "xpos": 825, "ypos": 1680 },
        { "id": 61, "xpos": 905, "ypos": 1680 },
        { "id": 61, "xpos": 985, "ypos": 1680 },
        { "id": 61, "xpos": 1065, "ypos": 1680 },
        { "id": 61, "xpos": 1145, "ypos": 1680 },
        { "id": 17, "xpos": 2088, "ypos": 1653 },
        { "id": 1, "xpos": 1945, "ypos": 1652 },
        { "id": 61, "xpos": 2215, "ypos": 1646 },
        { "id": 61, "xpos": 2295, "ypos": 1646 },
        { "id": 61, "xpos": 2375, "ypos": 1646 },
        { "id": 61, "xpos": 2455, "ypos": 1646 },
        { "id": 61, "xpos": 2535, "ypos": 1646 },
        { "id": 0, "xpos": 1161, "ypos": 1641 },
        { "id": 0, "xpos": 498, "ypos": 1641 },
        { "id": 0, "xpos": 638, "ypos": 1641 },
        { "id": 0, "xpos": 763, "ypos": 1641 },
        { "id": 0, "xpos": 878, "ypos": 1641 },
        { "id": 0, "xpos": 1018, "ypos": 1641 },
        { "id": 64, "xpos": 1177, "ypos": 1585 },
        { "id": 64, "xpos": 1209, "ypos": 1585 },
        { "id": 64, "xpos": 1241, "ypos": 1585 },
        { "id": 64, "xpos": 1273, "ypos": 1585 },
        { "id": 61, "xpos": 2215, "ypos": 1572 },
        { "id": 61, "xpos": 2295, "ypos": 1572 },
        { "id": 61, "xpos": 2375, "ypos": 1572 },
        { "id": 61, "xpos": 2455, "ypos": 1572 },
        { "id": 61, "xpos": 2535, "ypos": 1572 },
        { "id": 0, "xpos": 2215, "ypos": 1534 },
        { "id": 0, "xpos": 2345, "ypos": 1534 },
        { "id": 0, "xpos": 2471, "ypos": 1534 },
        { "id": 7, "xpos": 1177, "ypos": 1457 },
        { "id": 7, "xpos": 1177, "ypos": 1329 },
        { "id": 7, "xpos": 1177, "ypos": 1201 },
        { "id": 7, "xpos": 1177, "ypos": 1073 },
        { "id": 7, "xpos": 1177, "ypos": 945 },
        { "id": 1, "xpos": 647, "ypos": 827 },
        { "id": 1, "xpos": 0, "ypos": 827 },
        { "id": 1, "xpos": 105, "ypos": 827 },
        { "id": 1, "xpos": 225, "ypos": 827 },
        { "id": 1, "xpos": 318, "ypos": 827 },
        { "id": 63, "xpos": 461, "ypos": 827 },
        { "id": 63, "xpos": 527, "ypos": 827 },
        { "id": 63, "xpos": 587, "ypos": 827 },
        { "id": 7, "xpos": 1177, "ypos": 817 },
        { "id": 7, "xpos": 1177, "ypos": 690 },
        { "id": 7, "xpos": 1177, "ypos": 562 },
        { "id": 47, "xpos": 498, "ypos": 550 },
        { "id": 46, "xpos": 696, "ypos": 549 },
        { "id": 46, "xpos": 608, "ypos": 549 },
        { "id": 47, "xpos": 805, "ypos": 549 },
        { "id": 46, "xpos": 519, "ypos": 549 },
        { "id": 0, "xpos": 498, "ypos": 520 },
        { "id": 0, "xpos": 623, "ypos": 520 },
        { "id": 0, "xpos": 682, "ypos": 520 },
        { "id": 7, "xpos": 1177, "ypos": 434 },
        { "id": 7, "xpos": 1177, "ypos": 306 },
        { "id": 7, "xpos": 1177, "ypos": 179 },
        { "id": 7, "xpos": 1178, "ypos": 51 },
        { "id": 7, "xpos": 1178, "ypos": 0 },
        { "id": 39, "xpos": 1945, "ypos": 1920 },
        { "id": 54, "xpos": 1269, "ypos": 1920 },
        { "id": 39, "xpos": 1945, "ypos": 1904 },
        { "id": 54, "xpos": 1269, "ypos": 1904 },
        { "id": 39, "xpos": 1945, "ypos": 1848 },
        { "id": 54, "xpos": 1269, "ypos": 1848 },
        { "id": 39, "xpos": 1945, "ypos": 1792 },
        { "id": 54, "xpos": 1269, "ypos": 1792 },
        { "id": 39, "xpos": 1945, "ypos": 1736 },
        { "id": 54, "xpos": 1269, "ypos": 1736 },
        { "id": 39, "xpos": 1945, "ypos": 1680 },
        { "id": 54, "xpos": 1269, "ypos": 1680 },
        { "id": 59, "xpos": 579, "ypos": 1625 },
        { "id": 57, "xpos": 550, "ypos": 1596 },
        { "id": 54, "xpos": 498, "ypos": 1585 },
        { "id": 55, "xpos": 534, "ypos": 1545 },
        { "id": 16, "xpos": 2088, "ypos": 1534 },
        { "id": 54, "xpos": 498, "ypos": 1529 },
        { "id": 54, "xpos": 498, "ypos": 1473 },
        { "id": 54, "xpos": 498, "ypos": 1417 },
        { "id": 54, "xpos": 498, "ypos": 1361 },
        { "id": 54, "xpos": 498, "ypos": 1305 },
        { "id": 54, "xpos": 498, "ypos": 1249 },
        { "id": 54, "xpos": 498, "ypos": 1193 },
        { "id": 54, "xpos": 498, "ypos": 1137 },
        { "id": 54, "xpos": 498, "ypos": 1081 },
        { "id": 54, "xpos": 498, "ypos": 1025 },
        { "id": 54, "xpos": 498, "ypos": 969 },
        { "id": 54, "xpos": 498, "ypos": 913 },
        { "id": 54, "xpos": 498, "ypos": 857 },
        { "id": 33, "xpos": 694, "ypos": 811 },
        { "id": 39, "xpos": 790, "ypos": 801 },
        { "id": 54, "xpos": 498, "ypos": 801 },
        { "id": 35, "xpos": 745, "ypos": 782 },
        { "id": 39, "xpos": 790, "ypos": 745 },
        { "id": 54, "xpos": 498, "ypos": 745 },
        { "id": 37, "xpos": 774, "ypos": 731 },
        { "id": 39, "xpos": 790, "ypos": 689 },
        { "id": 54, "xpos": 498, "ypos": 689 },
        { "id": 39, "xpos": 790, "ypos": 633 },
        { "id": 54, "xpos": 498, "ypos": 633 },
        { "id": 52, "xpos": 534, "ypos": 622 },
        { "id": 40, "xpos": 774, "ypos": 621 },
        { "id": 50, "xpos": 550, "ypos": 593 },
        { "id": 42, "xpos": 745, "ypos": 593 },
        { "id": 39, "xpos": 790, "ypos": 577 },
        { "id": 54, "xpos": 498, "ypos": 577 },
        { "id": 48, "xpos": 578, "ypos": 577 },
        { "id": 44, "xpos": 694, "ypos": 577 },
        { "id": 58, "xpos": 560, "ypos": 1625 },
        { "id": 56, "xpos": 536, "ypos": 1596 },
        { "id": 24, "xpos": 1021, "ypos": 1570 },
        { "id": 24, "xpos": 881, "ypos": 1570 },
        { "id": 24, "xpos": 736, "ypos": 1570 },
        { "id": 60, "xpos": 534, "ypos": 1545 },
        { "id": 9, "xpos": 1180, "ypos": 1510 },
        { "id": 27, "xpos": 1964, "ypos": 1498 },
        { "id": 27, "xpos": 632, "ypos": 1487 },
        { "id": 27, "xpos": 1062, "ypos": 1487 },
        { "id": 27, "xpos": 927, "ypos": 1487 },
        { "id": 27, "xpos": 787, "ypos": 1487 },
        { "id": 20, "xpos": 2270, "ypos": 1471 },
        { "id": 24, "xpos": 2542, "ypos": 1463 },
        { "id": 27, "xpos": 2497, "ypos": 1378 },
        { "id": 34, "xpos": 745, "ypos": 811 },
        { "id": 36, "xpos": 774, "ypos": 782 },
        { "id": 24, "xpos": 295, "ypos": 756 },
        { "id": 24, "xpos": 135, "ypos": 756 },
        { "id": 24, "xpos": 5, "ypos": 756 },
        { "id": 38, "xpos": 696, "ypos": 730 },
        { "id": 27, "xpos": 30, "ypos": 673 },
        { "id": 27, "xpos": 190, "ypos": 673 },
        { "id": 27, "xpos": 355, "ypos": 673 },
        { "id": 51, "xpos": 536, "ypos": 603 },
        { "id": 41, "xpos": 774, "ypos": 602 },
        { "id": 49, "xpos": 559, "ypos": 579 },
        { "id": 43, "xpos": 745, "ypos": 579 },
        { "id": 45, "xpos": 694, "ypos": 577 },
        { "id": 53, "xpos": 534, "ypos": 577 },
        { "id": 23, "xpos": 671, "ypos": 469 },
        { "id": 23, "xpos": 709, "ypos": 459 },
        { "id": 23, "xpos": 759, "ypos": 459 },
        { "id": 23, "xpos": 629, "ypos": 459 },
        { "id": 23, "xpos": 534, "ypos": 459 },
        { "id": 23, "xpos": 734, "ypos": 430 },
        { "id": 21, "xpos": 2285, "ypos": 1470 },
        { "id": 21, "xpos": 2285, "ypos": 1406 },
        { "id": 21, "xpos": 2285, "ypos": 1342 },
        { "id": 21, "xpos": 2285, "ypos": 1278 },
        { "id": 21, "xpos": 2285, "ypos": 1214 },
        { "id": 21, "xpos": 2285, "ypos": 1150 },
        { "id": 21, "xpos": 2285, "ypos": 1086 },
        { "id": 21, "xpos": 2285, "ypos": 1022 },
        { "id": 21, "xpos": 2285, "ypos": 958 },
        { "id": 21, "xpos": 2285, "ypos": 894 },
        { "id": 21, "xpos": 2285, "ypos": 830 },
        { "id": 21, "xpos": 2285, "ypos": 767 },
        { "id": 21, "xpos": 2285, "ypos": 703 },
        { "id": 21, "xpos": 2285, "ypos": 639 },
        { "id": 21, "xpos": 2285, "ypos": 575 },
        { "id": 21, "xpos": 2285, "ypos": 511 },
        { "id": 21, "xpos": 2285, "ypos": 447 },
        { "id": 21, "xpos": 2285, "ypos": 383 },
        { "id": 21, "xpos": 2285, "ypos": 319 },
        { "id": 21, "xpos": 2285, "ypos": 255 },
        { "id": 21, "xpos": 2285, "ypos": 191 },
        { "id": 21, "xpos": 2285, "ypos": 127 },
        { "id": 21, "xpos": 2285, "ypos": 63 },
        { "id": 21, "xpos": 2285, "ypos": 0 }
    ],
    "itemlist": [
        { "id": 21, "xpos": 344, "ypos": 826 },
        { "id": 0, "xpos": 579, "ypos": 1598 },
        { "id": 0, "xpos": 552, "ypos": 1513 },
        { "id": 0, "xpos": 680, "ypos": 1625 },
        { "id": 0, "xpos": 561, "ypos": 705 },
        { "id": 0, "xpos": 591, "ypos": 627 },
        { "id": 0, "xpos": 667, "ypos": 597 },
        { "id": 0, "xpos": 740, "ypos": 623 },
        { "id": 0, "xpos": 772, "ypos": 698 },
        { "id": 0, "xpos": 737, "ypos": 779 },
        { "id": 0, "xpos": 651, "ypos": 807 },
        { "id": 6, "xpos": 674, "ypos": 521 },
        { "id": 16, "xpos": 467, "ypos": 734 },
        { "id": 16, "xpos": 467, "ypos": 638 },
        { "id": 16, "xpos": 467, "ypos": 550 },
        { "id": 19, "xpos": 467, "ypos": 460 },
        { "id": 19, "xpos": 437, "ypos": 460 },
        { "id": 19, "xpos": 437, "ypos": 550 },
        { "id": 19, "xpos": 436, "ypos": 734 },
        { "id": 19, "xpos": 436, "ypos": 638 },
        { "id": 19, "xpos": 824, "ypos": 492 },
        { "id": 19, "xpos": 824, "ypos": 572 },
        { "id": 19, "xpos": 824, "ypos": 667 },
        { "id": 19, "xpos": 824, "ypos": 742 },
        { "id": 19, "xpos": 824, "ypos": 825 },
        { "id": 19, "xpos": 797, "ypos": 851 },
        { "id": 19, "xpos": 766, "ypos": 852 },
        { "id": 19, "xpos": 741, "ypos": 852 },
        { "id": 19, "xpos": 710, "ypos": 853 },
        { "id": 19, "xpos": 681, "ypos": 853 },
        { "id": 19, "xpos": 652, "ypos": 854 },
        { "id": 35, "xpos": 626, "ypos": 575 },
        { "id": 33, "xpos": 596, "ypos": 575 },
        { "id": 34, "xpos": 688, "ypos": 575 },
        { "id": 34, "xpos": 623, "ypos": 903 },
        { "id": 34, "xpos": 623, "ypos": 873 },
        { "id": 34, "xpos": 623, "ypos": 844 },
        { "id": 34, "xpos": 622, "ypos": 933 },
        { "id": 34, "xpos": 593, "ypos": 934 },
        { "id": 34, "xpos": 561, "ypos": 934 },
        { "id": 34, "xpos": 532, "ypos": 934 },
        { "id": 33, "xpos": 532, "ypos": 903 },
        { "id": 33, "xpos": 562, "ypos": 904 },
        { "id": 33, "xpos": 593, "ypos": 904 },
        { "id": 19, "xpos": 626, "ypos": 942 },
        { "id": 19, "xpos": 627, "ypos": 1032 },
        { "id": 19, "xpos": 627, "ypos": 1112 },
        { "id": 19, "xpos": 627, "ypos": 1207 },
        { "id": 19, "xpos": 627, "ypos": 1282 },
        { "id": 19, "xpos": 627, "ypos": 1362 },
        { "id": 19, "xpos": 627, "ypos": 1422 },
        { "id": 19, "xpos": 627, "ypos": 1477 },
        { "id": 19, "xpos": 627, "ypos": 1567 },
        { "id": 32, "xpos": 2434, "ypos": 1533 }
    ],
    "enemylist": []
}
