{
    "name":         "Exotic Paradise",
    "act":          2,
    "theme":        "data/themes/island.bricks.json",
    "bgtheme":      "data/themes/island.bg.json",
    "grouptheme":   "data/themes/island.group.json",
    "spawn_point":  { "x": 25, "y": 720 },
    "music":        "data/music/luminous_vein.mp4",
    "dialogbox": [
        {
                    "xpos": 3064,
                    "ypos": 1351,
                    "width": 180,
                    "height": 108,
                    "title": "EP_2_TITLE_0",
                    "message": "EP_2_MSG_0"
        }
    ],
    "bricklist": [
        { "id": 61, "xpos": 5167, "ypos": 2201 },
        { "id": 61, "xpos": 5087, "ypos": 2201 },
        { "id": 61, "xpos": 8823, "ypos": 2156 },
        { "id": 61, "xpos": 8743, "ypos": 2156 },
        { "id": 61, "xpos": 8663, "ypos": 2156 },
        { "id": 61, "xpos": 8583, "ypos": 2156 },
        { "id": 61, "xpos": 8006, "ypos": 2156 },
        { "id": 61, "xpos": 8086, "ypos": 2156 },
        { "id": 61, "xpos": 8166, "ypos": 2156 },
        { "id": 61, "xpos": 8246, "ypos": 2156 },
        { "id": 61, "xpos": 8326, "ypos": 2156 },
        { "id": 61, "xpos": 8406, "ypos": 2156 },
        { "id": 61, "xpos": 8486, "ypos": 2156 },
        { "id": 61, "xpos": 8503, "ypos": 2156 },
        { "id": 7, "xpos": 5983, "ypos": 2147 },
        { "id": 61, "xpos": 8219, "ypos": 2141 },
        { "id": 61, "xpos": 5167, "ypos": 2127 },
        { "id": 61, "xpos": 5087, "ypos": 2127 },
        { "id": 61, "xpos": 8266, "ypos": 2097 },
        { "id": 61, "xpos": 8346, "ypos": 2097 },
        { "id": 61, "xpos": 8426, "ypos": 2097 },
        { "id": 61, "xpos": 8503, "ypos": 2097 },
        { "id": 61, "xpos": 8663, "ypos": 2092 },
        { "id": 61, "xpos": 8743, "ypos": 2092 },
        { "id": 61, "xpos": 8823, "ypos": 2092 },
        { "id": 61, "xpos": 8583, "ypos": 2092 },
        { "id": 61, "xpos": 8503, "ypos": 2088 },
        { "id": 61, "xpos": 8423, "ypos": 2088 },
        { "id": 61, "xpos": 8343, "ypos": 2088 },
        { "id": 61, "xpos": 8006, "ypos": 2082 },
        { "id": 61, "xpos": 8013, "ypos": 2082 },
        { "id": 61, "xpos": 8093, "ypos": 2082 },
        { "id": 61, "xpos": 8173, "ypos": 2082 },
        { "id": 61, "xpos": 8179, "ypos": 2068 },
        { "id": 61, "xpos": 8186, "ypos": 2068 },
        { "id": 7, "xpos": 5983, "ypos": 2066 },
        { "id": 4, "xpos": 8266, "ypos": 2060 },
        { "id": 1, "xpos": 8353, "ypos": 2058 },
        { "id": 1, "xpos": 8404, "ypos": 2058 },
        { "id": 61, "xpos": 5167, "ypos": 2053 },
        { "id": 61, "xpos": 5087, "ypos": 2053 },
        { "id": 61, "xpos": 8092, "ypos": 2038 },
        { "id": 61, "xpos": 8099, "ypos": 2038 },
        { "id": 4, "xpos": 8179, "ypos": 2030 },
        { "id": 61, "xpos": 8663, "ypos": 2018 },
        { "id": 61, "xpos": 8743, "ypos": 2018 },
        { "id": 61, "xpos": 8823, "ypos": 2018 },
        { "id": 61, "xpos": 8583, "ypos": 2018 },
        { "id": 61, "xpos": 8006, "ypos": 2008 },
        { "id": 61, "xpos": 8013, "ypos": 2008 },
        { "id": 4, "xpos": 8092, "ypos": 2000 },
        { "id": 61, "xpos": 4447, "ypos": 1979 },
        { "id": 61, "xpos": 4527, "ypos": 1979 },
        { "id": 61, "xpos": 4607, "ypos": 1979 },
        { "id": 61, "xpos": 4687, "ypos": 1979 },
        { "id": 61, "xpos": 4767, "ypos": 1979 },
        { "id": 61, "xpos": 4847, "ypos": 1979 },
        { "id": 61, "xpos": 4927, "ypos": 1979 },
        { "id": 61, "xpos": 5007, "ypos": 1979 },
        { "id": 61, "xpos": 5087, "ypos": 1979 },
        { "id": 61, "xpos": 5167, "ypos": 1979 },
        { "id": 4, "xpos": 8006, "ypos": 1970 },
        { "id": 61, "xpos": 8663, "ypos": 1944 },
        { "id": 61, "xpos": 8743, "ypos": 1944 },
        { "id": 61, "xpos": 8823, "ypos": 1944 },
        { "id": 61, "xpos": 8583, "ypos": 1944 },
        { "id": 1, "xpos": 7653, "ypos": 1938 },
        { "id": 1, "xpos": 7553, "ypos": 1938 },
        { "id": 1, "xpos": 7463, "ypos": 1938 },
        { "id": 1, "xpos": 7368, "ypos": 1938 },
        { "id": 1, "xpos": 7283, "ypos": 1938 },
        { "id": 1, "xpos": 7168, "ypos": 1938 },
        { "id": 1, "xpos": 7063, "ypos": 1938 },
        { "id": 1, "xpos": 6984, "ypos": 1938 },
        { "id": 1, "xpos": 6841, "ypos": 1938 },
        { "id": 1, "xpos": 6731, "ypos": 1938 },
        { "id": 1, "xpos": 6606, "ypos": 1938 },
        { "id": 1, "xpos": 6496, "ypos": 1938 },
        { "id": 1, "xpos": 6416, "ypos": 1938 },
        { "id": 1, "xpos": 6301, "ypos": 1938 },
        { "id": 1, "xpos": 6196, "ypos": 1938 },
        { "id": 1, "xpos": 6111, "ypos": 1938 },
        { "id": 7, "xpos": 5983, "ypos": 1938 },
        { "id": 1, "xpos": 7793, "ypos": 1938 },
        { "id": 1, "xpos": 7863, "ypos": 1938 },
        { "id": 61, "xpos": 4447, "ypos": 1905 },
        { "id": 61, "xpos": 4527, "ypos": 1905 },
        { "id": 61, "xpos": 4607, "ypos": 1905 },
        { "id": 61, "xpos": 4687, "ypos": 1905 },
        { "id": 61, "xpos": 4767, "ypos": 1905 },
        { "id": 61, "xpos": 4847, "ypos": 1905 },
        { "id": 61, "xpos": 4927, "ypos": 1905 },
        { "id": 61, "xpos": 5007, "ypos": 1905 },
        { "id": 61, "xpos": 5087, "ypos": 1905 },
        { "id": 61, "xpos": 5167, "ypos": 1905 },
        { "id": 61, "xpos": 8823, "ypos": 1870 },
        { "id": 61, "xpos": 8743, "ypos": 1870 },
        { "id": 61, "xpos": 8663, "ypos": 1870 },
        { "id": 61, "xpos": 8583, "ypos": 1870 },
        { "id": 0, "xpos": 4483, "ypos": 1866 },
        { "id": 0, "xpos": 4593, "ypos": 1866 },
        { "id": 0, "xpos": 4693, "ypos": 1866 },
        { "id": 0, "xpos": 4835, "ypos": 1866 },
        { "id": 0, "xpos": 4970, "ypos": 1866 },
        { "id": 0, "xpos": 5103, "ypos": 1866 },
        { "id": 61, "xpos": 2068, "ypos": 1829 },
        { "id": 61, "xpos": 2148, "ypos": 1829 },
        { "id": 61, "xpos": 2868, "ypos": 1829 },
        { "id": 61, "xpos": 2788, "ypos": 1829 },
        { "id": 61, "xpos": 2708, "ypos": 1829 },
        { "id": 61, "xpos": 2628, "ypos": 1829 },
        { "id": 61, "xpos": 2548, "ypos": 1829 },
        { "id": 61, "xpos": 2468, "ypos": 1829 },
        { "id": 61, "xpos": 2388, "ypos": 1829 },
        { "id": 61, "xpos": 2308, "ypos": 1829 },
        { "id": 61, "xpos": 2228, "ypos": 1829 },
        { "id": 61, "xpos": 3348, "ypos": 1829 },
        { "id": 61, "xpos": 3268, "ypos": 1829 },
        { "id": 61, "xpos": 3188, "ypos": 1829 },
        { "id": 7, "xpos": 3693, "ypos": 1811 },
        { "id": 64, "xpos": 5119, "ypos": 1810 },
        { "id": 64, "xpos": 5215, "ypos": 1810 },
        { "id": 64, "xpos": 5183, "ypos": 1810 },
        { "id": 64, "xpos": 5151, "ypos": 1810 },
        { "id": 64, "xpos": 5087, "ypos": 1810 },
        { "id": 61, "xpos": 8823, "ypos": 1796 },
        { "id": 61, "xpos": 8743, "ypos": 1796 },
        { "id": 61, "xpos": 8663, "ypos": 1796 },
        { "id": 61, "xpos": 8583, "ypos": 1796 },
        { "id": 61, "xpos": 3428, "ypos": 1794 },
        { "id": 61, "xpos": 3508, "ypos": 1794 },
        { "id": 61, "xpos": 3588, "ypos": 1794 },
        { "id": 61, "xpos": 3613, "ypos": 1794 },
        { "id": 61, "xpos": 2308, "ypos": 1755 },
        { "id": 61, "xpos": 2228, "ypos": 1755 },
        { "id": 61, "xpos": 2388, "ypos": 1755 },
        { "id": 61, "xpos": 2468, "ypos": 1755 },
        { "id": 61, "xpos": 2548, "ypos": 1755 },
        { "id": 61, "xpos": 2708, "ypos": 1755 },
        { "id": 61, "xpos": 2628, "ypos": 1755 },
        { "id": 61, "xpos": 2788, "ypos": 1755 },
        { "id": 61, "xpos": 2868, "ypos": 1755 },
        { "id": 61, "xpos": 2948, "ypos": 1755 },
        { "id": 61, "xpos": 3028, "ypos": 1755 },
        { "id": 61, "xpos": 3108, "ypos": 1755 },
        { "id": 61, "xpos": 2148, "ypos": 1755 },
        { "id": 61, "xpos": 2068, "ypos": 1755 },
        { "id": 61, "xpos": 1988, "ypos": 1755 },
        { "id": 61, "xpos": 1908, "ypos": 1755 },
        { "id": 61, "xpos": 1828, "ypos": 1755 },
        { "id": 61, "xpos": 1748, "ypos": 1755 },
        { "id": 61, "xpos": 1668, "ypos": 1755 },
        { "id": 61, "xpos": 1588, "ypos": 1755 },
        { "id": 61, "xpos": 1508, "ypos": 1755 },
        { "id": 61, "xpos": 1428, "ypos": 1755 },
        { "id": 61, "xpos": 1348, "ypos": 1755 },
        { "id": 61, "xpos": 1346, "ypos": 1755 },
        { "id": 61, "xpos": 3188, "ypos": 1755 },
        { "id": 61, "xpos": 3268, "ypos": 1755 },
        { "id": 61, "xpos": 3348, "ypos": 1755 },
        { "id": 1, "xpos": 8902, "ypos": 1730 },
        { "id": 61, "xpos": 8823, "ypos": 1722 },
        { "id": 61, "xpos": 8743, "ypos": 1722 },
        { "id": 61, "xpos": 8663, "ypos": 1722 },
        { "id": 61, "xpos": 8583, "ypos": 1722 },
        { "id": 61, "xpos": 3427, "ypos": 1720 },
        { "id": 61, "xpos": 3507, "ypos": 1720 },
        { "id": 61, "xpos": 3587, "ypos": 1720 },
        { "id": 61, "xpos": 3613, "ypos": 1720 },
        { "id": 61, "xpos": 3028, "ypos": 1697 },
        { "id": 61, "xpos": 3108, "ypos": 1697 },
        { "id": 61, "xpos": 3188, "ypos": 1697 },
        { "id": 61, "xpos": 3268, "ypos": 1697 },
        { "id": 61, "xpos": 3348, "ypos": 1697 },
        { "id": 1, "xpos": 8760, "ypos": 1694 },
        { "id": 1, "xpos": 8322, "ypos": 1694 },
        { "id": 63, "xpos": 8464, "ypos": 1694 },
        { "id": 63, "xpos": 8529, "ypos": 1694 },
        { "id": 63, "xpos": 8593, "ypos": 1694 },
        { "id": 1, "xpos": 8653, "ypos": 1694 },
        { "id": 7, "xpos": 3693, "ypos": 1683 },
        { "id": 61, "xpos": 2228, "ypos": 1682 },
        { "id": 61, "xpos": 2148, "ypos": 1682 },
        { "id": 61, "xpos": 2068, "ypos": 1682 },
        { "id": 61, "xpos": 1988, "ypos": 1682 },
        { "id": 61, "xpos": 1908, "ypos": 1682 },
        { "id": 61, "xpos": 1828, "ypos": 1682 },
        { "id": 61, "xpos": 1748, "ypos": 1682 },
        { "id": 61, "xpos": 1668, "ypos": 1682 },
        { "id": 61, "xpos": 1588, "ypos": 1682 },
        { "id": 61, "xpos": 1508, "ypos": 1682 },
        { "id": 61, "xpos": 1428, "ypos": 1682 },
        { "id": 61, "xpos": 1348, "ypos": 1682 },
        { "id": 61, "xpos": 1346, "ypos": 1682 },
        { "id": 7, "xpos": 5120, "ypos": 1682 },
        { "id": 7, "xpos": 4993, "ypos": 1682 },
        { "id": 7, "xpos": 5983, "ypos": 1682 },
        { "id": 61, "xpos": 2708, "ypos": 1681 },
        { "id": 61, "xpos": 2788, "ypos": 1681 },
        { "id": 61, "xpos": 2868, "ypos": 1681 },
        { "id": 61, "xpos": 2948, "ypos": 1681 },
        { "id": 0, "xpos": 3426, "ypos": 1681 },
        { "id": 0, "xpos": 3549, "ypos": 1681 },
        { "id": 46, "xpos": 6666, "ypos": 1645 },
        { "id": 46, "xpos": 6680, "ypos": 1645 },
        { "id": 47, "xpos": 6963, "ypos": 1645 },
        { "id": 47, "xpos": 6646, "ypos": 1645 },
        { "id": 46, "xpos": 6771, "ypos": 1644 },
        { "id": 46, "xpos": 6866, "ypos": 1644 },
        { "id": 0, "xpos": 1886, "ypos": 1643 },
        { "id": 0, "xpos": 1961, "ypos": 1643 },
        { "id": 0, "xpos": 1776, "ypos": 1643 },
        { "id": 0, "xpos": 1666, "ypos": 1643 },
        { "id": 0, "xpos": 1586, "ypos": 1643 },
        { "id": 0, "xpos": 2068, "ypos": 1643 },
        { "id": 0, "xpos": 2163, "ypos": 1643 },
        { "id": 0, "xpos": 2708, "ypos": 1642 },
        { "id": 0, "xpos": 2849, "ypos": 1642 },
        { "id": 0, "xpos": 2884, "ypos": 1642 },
        { "id": 61, "xpos": 3028, "ypos": 1623 },
        { "id": 61, "xpos": 3108, "ypos": 1623 },
        { "id": 61, "xpos": 3348, "ypos": 1623 },
        { "id": 61, "xpos": 3268, "ypos": 1623 },
        { "id": 61, "xpos": 3188, "ypos": 1623 },
        { "id": 0, "xpos": 6840, "ypos": 1617 },
        { "id": 0, "xpos": 6781, "ypos": 1617 },
        { "id": 0, "xpos": 6716, "ypos": 1617 },
        { "id": 0, "xpos": 6646, "ypos": 1617 },
        { "id": 61, "xpos": 1506, "ypos": 1608 },
        { "id": 61, "xpos": 1426, "ypos": 1608 },
        { "id": 61, "xpos": 1346, "ypos": 1608 },
        { "id": 8, "xpos": 10111, "ypos": 1582 },
        { "id": 61, "xpos": 9564, "ypos": 1581 },
        { "id": 61, "xpos": 9644, "ypos": 1581 },
        { "id": 61, "xpos": 9724, "ypos": 1581 },
        { "id": 61, "xpos": 9804, "ypos": 1581 },
        { "id": 61, "xpos": 9884, "ypos": 1581 },
        { "id": 61, "xpos": 9964, "ypos": 1581 },
        { "id": 61, "xpos": 10031, "ypos": 1581 },
        { "id": 7, "xpos": 3693, "ypos": 1555 },
        { "id": 7, "xpos": 5120, "ypos": 1554 },
        { "id": 7, "xpos": 5983, "ypos": 1554 },
        { "id": 61, "xpos": 3028, "ypos": 1549 },
        { "id": 61, "xpos": 3108, "ypos": 1549 },
        { "id": 61, "xpos": 3188, "ypos": 1549 },
        { "id": 61, "xpos": 3268, "ypos": 1549 },
        { "id": 61, "xpos": 3348, "ypos": 1549 },
        { "id": 47, "xpos": 7364, "ypos": 1536 },
        { "id": 47, "xpos": 7775, "ypos": 1535 },
        { "id": 61, "xpos": 1506, "ypos": 1534 },
        { "id": 61, "xpos": 1426, "ypos": 1534 },
        { "id": 61, "xpos": 1346, "ypos": 1534 },
        { "id": 46, "xpos": 7384, "ypos": 1530 },
        { "id": 46, "xpos": 7474, "ypos": 1530 },
        { "id": 46, "xpos": 7569, "ypos": 1530 },
        { "id": 46, "xpos": 7674, "ypos": 1530 },
        { "id": 61, "xpos": 10031, "ypos": 1508 },
        { "id": 61, "xpos": 9564, "ypos": 1508 },
        { "id": 61, "xpos": 9644, "ypos": 1508 },
        { "id": 61, "xpos": 9724, "ypos": 1508 },
        { "id": 61, "xpos": 9804, "ypos": 1508 },
        { "id": 61, "xpos": 9884, "ypos": 1508 },
        { "id": 61, "xpos": 9964, "ypos": 1508 },
        { "id": 0, "xpos": 7364, "ypos": 1507 },
        { "id": 0, "xpos": 7449, "ypos": 1507 },
        { "id": 0, "xpos": 7534, "ypos": 1507 },
        { "id": 0, "xpos": 7619, "ypos": 1507 },
        { "id": 0, "xpos": 7652, "ypos": 1507 },
        { "id": 61, "xpos": 3028, "ypos": 1475 },
        { "id": 61, "xpos": 3108, "ypos": 1475 },
        { "id": 61, "xpos": 3188, "ypos": 1475 },
        { "id": 61, "xpos": 3268, "ypos": 1475 },
        { "id": 61, "xpos": 3348, "ypos": 1475 },
        { "id": 0, "xpos": 9967, "ypos": 1470 },
        { "id": 0, "xpos": 9564, "ypos": 1470 },
        { "id": 0, "xpos": 9708, "ypos": 1470 },
        { "id": 0, "xpos": 9838, "ypos": 1470 },
        { "id": 61, "xpos": 1506, "ypos": 1460 },
        { "id": 61, "xpos": 1426, "ypos": 1460 },
        { "id": 61, "xpos": 1346, "ypos": 1460 },
        { "id": 8, "xpos": 10111, "ypos": 1454 },
        { "id": 0, "xpos": 2993, "ypos": 1436 },
        { "id": 0, "xpos": 3093, "ypos": 1436 },
        { "id": 0, "xpos": 3233, "ypos": 1436 },
        { "id": 0, "xpos": 3284, "ypos": 1436 },
        { "id": 7, "xpos": 3566, "ypos": 1428 },
        { "id": 7, "xpos": 3693, "ypos": 1428 },
        { "id": 7, "xpos": 5120, "ypos": 1426 },
        { "id": 7, "xpos": 5983, "ypos": 1426 },
        { "id": 47, "xpos": 8286, "ypos": 1422 },
        { "id": 47, "xpos": 8562, "ypos": 1421 },
        { "id": 46, "xpos": 8469, "ypos": 1417 },
        { "id": 46, "xpos": 8384, "ypos": 1417 },
        { "id": 46, "xpos": 8301, "ypos": 1417 },
        { "id": 0, "xpos": 8286, "ypos": 1391 },
        { "id": 0, "xpos": 8376, "ypos": 1391 },
        { "id": 0, "xpos": 8439, "ypos": 1391 },
        { "id": 61, "xpos": 11082, "ypos": 1387 },
        { "id": 61, "xpos": 1506, "ypos": 1386 },
        { "id": 61, "xpos": 1426, "ypos": 1386 },
        { "id": 61, "xpos": 1346, "ypos": 1386 },
        { "id": 61, "xpos": 890, "ypos": 1374 },
        { "id": 61, "xpos": 810, "ypos": 1344 },
        { "id": 61, "xpos": 11866, "ypos": 1329 },
        { "id": 8, "xpos": 10111, "ypos": 1327 },
        { "id": 61, "xpos": 11082, "ypos": 1313 },
        { "id": 61, "xpos": 11162, "ypos": 1313 },
        { "id": 61, "xpos": 11242, "ypos": 1313 },
        { "id": 61, "xpos": 11322, "ypos": 1313 },
        { "id": 61, "xpos": 11402, "ypos": 1313 },
        { "id": 61, "xpos": 1506, "ypos": 1312 },
        { "id": 61, "xpos": 1426, "ypos": 1312 },
        { "id": 61, "xpos": 1346, "ypos": 1312 },
        { "id": 7, "xpos": 1725, "ypos": 1302 },
        { "id": 7, "xpos": 4077, "ypos": 1300 },
        { "id": 7, "xpos": 3949, "ypos": 1300 },
        { "id": 7, "xpos": 3821, "ypos": 1300 },
        { "id": 7, "xpos": 3693, "ypos": 1300 },
        { "id": 61, "xpos": 890, "ypos": 1300 },
        { "id": 7, "xpos": 3566, "ypos": 1300 },
        { "id": 7, "xpos": 5120, "ypos": 1298 },
        { "id": 7, "xpos": 5983, "ypos": 1298 },
        { "id": 61, "xpos": 11482, "ypos": 1295 },
        { "id": 61, "xpos": 11866, "ypos": 1282 },
        { "id": 7, "xpos": 11738, "ypos": 1275 },
        { "id": 61, "xpos": 810, "ypos": 1270 },
        { "id": 7, "xpos": 8286, "ypos": 1264 },
        { "id": 7, "xpos": 8798, "ypos": 1263 },
        { "id": 7, "xpos": 8670, "ypos": 1263 },
        { "id": 7, "xpos": 8542, "ypos": 1263 },
        { "id": 7, "xpos": 8414, "ypos": 1263 },
        { "id": 7, "xpos": 3122, "ypos": 1246 },
        { "id": 61, "xpos": 11082, "ypos": 1239 },
        { "id": 61, "xpos": 11162, "ypos": 1239 },
        { "id": 61, "xpos": 11242, "ypos": 1239 },
        { "id": 61, "xpos": 11322, "ypos": 1239 },
        { "id": 61, "xpos": 11402, "ypos": 1239 },
        { "id": 61, "xpos": 1141, "ypos": 1238 },
        { "id": 61, "xpos": 1221, "ypos": 1238 },
        { "id": 61, "xpos": 1301, "ypos": 1238 },
        { "id": 61, "xpos": 1381, "ypos": 1238 },
        { "id": 61, "xpos": 1461, "ypos": 1238 },
        { "id": 61, "xpos": 1506, "ypos": 1238 },
        { "id": 61, "xpos": 890, "ypos": 1227 },
        { "id": 61, "xpos": 11402, "ypos": 1221 },
        { "id": 61, "xpos": 11482, "ypos": 1221 },
        { "id": 61, "xpos": 11562, "ypos": 1221 },
        { "id": 61, "xpos": 11642, "ypos": 1221 },
        { "id": 61, "xpos": 11658, "ypos": 1221 },
        { "id": 61, "xpos": 11866, "ypos": 1208 },
        { "id": 61, "xpos": 11169, "ypos": 1208 },
        { "id": 6, "xpos": 11082, "ypos": 1201 },
        { "id": 8, "xpos": 10111, "ypos": 1199 },
        { "id": 1, "xpos": 10239, "ypos": 1199 },
        { "id": 1, "xpos": 10382, "ypos": 1199 },
        { "id": 1, "xpos": 10522, "ypos": 1199 },
        { "id": 1, "xpos": 10665, "ypos": 1199 },
        { "id": 1, "xpos": 10807, "ypos": 1199 },
        { "id": 1, "xpos": 10939, "ypos": 1199 },
        { "id": 61, "xpos": 810, "ypos": 1196 },
        { "id": 61, "xpos": 11242, "ypos": 1179 },
        { "id": 61, "xpos": 11322, "ypos": 1179 },
        { "id": 7, "xpos": 1725, "ypos": 1174 },
        { "id": 7, "xpos": 4077, "ypos": 1172 },
        { "id": 7, "xpos": 3566, "ypos": 1172 },
        { "id": 1, "xpos": 4205, "ypos": 1172 },
        { "id": 1, "xpos": 4635, "ypos": 1172 },
        { "id": 63, "xpos": 4529, "ypos": 1172 },
        { "id": 63, "xpos": 4469, "ypos": 1172 },
        { "id": 1, "xpos": 4328, "ypos": 1172 },
        { "id": 1, "xpos": 4590, "ypos": 1172 },
        { "id": 2, "xpos": 3694, "ypos": 1172 },
        { "id": 2, "xpos": 3734, "ypos": 1172 },
        { "id": 2, "xpos": 3774, "ypos": 1172 },
        { "id": 6, "xpos": 11168, "ypos": 1171 },
        { "id": 7, "xpos": 5120, "ypos": 1170 },
        { "id": 7, "xpos": 5983, "ypos": 1170 },
        { "id": 61, "xpos": 1141, "ypos": 1164 },
        { "id": 61, "xpos": 1221, "ypos": 1164 },
        { "id": 61, "xpos": 1301, "ypos": 1164 },
        { "id": 61, "xpos": 1381, "ypos": 1164 },
        { "id": 61, "xpos": 1461, "ypos": 1164 },
        { "id": 61, "xpos": 1506, "ypos": 1164 },
        { "id": 61, "xpos": 890, "ypos": 1153 },
        { "id": 7, "xpos": 11738, "ypos": 1147 },
        { "id": 61, "xpos": 11340, "ypos": 1147 },
        { "id": 61, "xpos": 11420, "ypos": 1147 },
        { "id": 61, "xpos": 11500, "ypos": 1147 },
        { "id": 61, "xpos": 11580, "ypos": 1147 },
        { "id": 61, "xpos": 11660, "ypos": 1147 },
        { "id": 64, "xpos": 10479, "ypos": 1144 },
        { "id": 64, "xpos": 10737, "ypos": 1144 },
        { "id": 64, "xpos": 10239, "ypos": 1143 },
        { "id": 6, "xpos": 11253, "ypos": 1141 },
        { "id": 7, "xpos": 8286, "ypos": 1136 },
        { "id": 7, "xpos": 8798, "ypos": 1135 },
        { "id": 61, "xpos": 11866, "ypos": 1134 },
        { "id": 0, "xpos": 1141, "ypos": 1125 },
        { "id": 0, "xpos": 1256, "ypos": 1125 },
        { "id": 0, "xpos": 1341, "ypos": 1125 },
        { "id": 0, "xpos": 1441, "ypos": 1125 },
        { "id": 61, "xpos": 810, "ypos": 1122 },
        { "id": 7, "xpos": 3122, "ypos": 1118 },
        { "id": 0, "xpos": 11339, "ypos": 1108 },
        { "id": 0, "xpos": 11470, "ypos": 1108 },
        { "id": 0, "xpos": 11595, "ypos": 1108 },
        { "id": 61, "xpos": 890, "ypos": 1079 },
        { "id": 61, "xpos": 11866, "ypos": 1060 },
        { "id": 61, "xpos": 810, "ypos": 1048 },
        { "id": 7, "xpos": 1725, "ypos": 1046 },
        { "id": 7, "xpos": 5983, "ypos": 1043 },
        { "id": 7, "xpos": 5120, "ypos": 1042 },
        { "id": 7, "xpos": 11738, "ypos": 1019 },
        { "id": 8, "xpos": 10367, "ypos": 1016 },
        { "id": 8, "xpos": 10495, "ypos": 1016 },
        { "id": 8, "xpos": 10623, "ypos": 1016 },
        { "id": 8, "xpos": 10751, "ypos": 1016 },
        { "id": 8, "xpos": 10239, "ypos": 1015 },
        { "id": 7, "xpos": 10879, "ypos": 1009 },
        { "id": 7, "xpos": 8286, "ypos": 1008 },
        { "id": 7, "xpos": 8798, "ypos": 1007 },
        { "id": 61, "xpos": 890, "ypos": 1005 },
        { "id": 7, "xpos": 3122, "ypos": 990 },
        { "id": 61, "xpos": 11866, "ypos": 987 },
        { "id": 7, "xpos": 4077, "ypos": 984 },
        { "id": 7, "xpos": 3609, "ypos": 983 },
        { "id": 61, "xpos": 376, "ypos": 974 },
        { "id": 61, "xpos": 456, "ypos": 974 },
        { "id": 61, "xpos": 536, "ypos": 974 },
        { "id": 61, "xpos": 616, "ypos": 974 },
        { "id": 61, "xpos": 696, "ypos": 974 },
        { "id": 61, "xpos": 776, "ypos": 974 },
        { "id": 61, "xpos": 810, "ypos": 974 },
        { "id": 61, "xpos": 288, "ypos": 944 },
        { "id": 61, "xpos": 296, "ypos": 943 },
        { "id": 61, "xpos": 882, "ypos": 931 },
        { "id": 61, "xpos": 890, "ypos": 931 },
        { "id": 7, "xpos": 1725, "ypos": 918 },
        { "id": 7, "xpos": 5983, "ypos": 915 },
        { "id": 7, "xpos": 5120, "ypos": 914 },
        { "id": 61, "xpos": 11866, "ypos": 913 },
        { "id": 61, "xpos": 0, "ypos": 911 },
        { "id": 61, "xpos": 80, "ypos": 911 },
        { "id": 61, "xpos": 160, "ypos": 911 },
        { "id": 61, "xpos": 208, "ypos": 911 },
        { "id": 61, "xpos": 375, "ypos": 900 },
        { "id": 61, "xpos": 455, "ypos": 900 },
        { "id": 61, "xpos": 535, "ypos": 900 },
        { "id": 61, "xpos": 615, "ypos": 900 },
        { "id": 61, "xpos": 695, "ypos": 900 },
        { "id": 61, "xpos": 775, "ypos": 900 },
        { "id": 61, "xpos": 803, "ypos": 900 },
        { "id": 4, "xpos": 883, "ypos": 893 },
        { "id": 63, "xpos": 1181, "ypos": 892 },
        { "id": 63, "xpos": 1115, "ypos": 892 },
        { "id": 1, "xpos": 972, "ypos": 892 },
        { "id": 1, "xpos": 968, "ypos": 892 },
        { "id": 1, "xpos": 1246, "ypos": 892 },
        { "id": 1, "xpos": 1346, "ypos": 892 },
        { "id": 7, "xpos": 11738, "ypos": 891 },
        { "id": 8, "xpos": 10239, "ypos": 888 },
        { "id": 7, "xpos": 10111, "ypos": 888 },
        { "id": 47, "xpos": 4757, "ypos": 885 },
        { "id": 46, "xpos": 4653, "ypos": 883 },
        { "id": 46, "xpos": 4555, "ypos": 883 },
        { "id": 46, "xpos": 4456, "ypos": 883 },
        { "id": 47, "xpos": 4447, "ypos": 883 },
        { "id": 7, "xpos": 10879, "ypos": 881 },
        { "id": 7, "xpos": 8286, "ypos": 880 },
        { "id": 7, "xpos": 8798, "ypos": 879 },
        { "id": 61, "xpos": 288, "ypos": 870 },
        { "id": 61, "xpos": 296, "ypos": 870 },
        { "id": 4, "xpos": 375, "ypos": 862 },
        { "id": 7, "xpos": 3122, "ypos": 862 },
        { "id": 0, "xpos": 461, "ypos": 861 },
        { "id": 0, "xpos": 604, "ypos": 861 },
        { "id": 0, "xpos": 740, "ypos": 861 },
        { "id": 0, "xpos": 4448, "ypos": 858 },
        { "id": 0, "xpos": 4538, "ypos": 858 },
        { "id": 0, "xpos": 4634, "ypos": 858 },
        { "id": 7, "xpos": 4077, "ypos": 856 },
        { "id": 7, "xpos": 3566, "ypos": 856 },
        { "id": 61, "xpos": 11866, "ypos": 839 },
        { "id": 61, "xpos": 0, "ypos": 837 },
        { "id": 61, "xpos": 80, "ypos": 837 },
        { "id": 61, "xpos": 160, "ypos": 837 },
        { "id": 61, "xpos": 208, "ypos": 837 },
        { "id": 4, "xpos": 288, "ypos": 832 },
        { "id": 2, "xpos": 3693, "ypos": 828 },
        { "id": 2, "xpos": 3733, "ypos": 828 },
        { "id": 0, "xpos": 144, "ypos": 800 },
        { "id": 0, "xpos": 0, "ypos": 800 },
        { "id": 7, "xpos": 1725, "ypos": 790 },
        { "id": 7, "xpos": 5120, "ypos": 787 },
        { "id": 7, "xpos": 5983, "ypos": 787 },
        { "id": 7, "xpos": 1725, "ypos": 780 },
        { "id": 61, "xpos": 11866, "ypos": 765 },
        { "id": 7, "xpos": 11738, "ypos": 763 },
        { "id": 7, "xpos": 10111, "ypos": 761 },
        { "id": 7, "xpos": 10879, "ypos": 754 },
        { "id": 7, "xpos": 8286, "ypos": 752 },
        { "id": 7, "xpos": 8798, "ypos": 751 },
        { "id": 7, "xpos": 3122, "ypos": 734 },
        { "id": 7, "xpos": 4077, "ypos": 728 },
        { "id": 7, "xpos": 3566, "ypos": 728 },
        { "id": 61, "xpos": 11866, "ypos": 693 },
        { "id": 61, "xpos": 11946, "ypos": 693 },
        { "id": 7, "xpos": 5984, "ypos": 664 },
        { "id": 7, "xpos": 5119, "ypos": 659 },
        { "id": 7, "xpos": 1725, "ypos": 652 },
        { "id": 7, "xpos": 11738, "ypos": 635 },
        { "id": 7, "xpos": 10111, "ypos": 634 },
        { "id": 7, "xpos": 10879, "ypos": 626 },
        { "id": 7, "xpos": 8286, "ypos": 624 },
        { "id": 7, "xpos": 8798, "ypos": 623 },
        { "id": 61, "xpos": 11866, "ypos": 619 },
        { "id": 61, "xpos": 11946, "ypos": 619 },
        { "id": 61, "xpos": 12026, "ypos": 619 },
        { "id": 61, "xpos": 12106, "ypos": 619 },
        { "id": 61, "xpos": 12186, "ypos": 619 },
        { "id": 61, "xpos": 12266, "ypos": 619 },
        { "id": 61, "xpos": 12346, "ypos": 619 },
        { "id": 61, "xpos": 12426, "ypos": 619 },
        { "id": 61, "xpos": 12506, "ypos": 619 },
        { "id": 61, "xpos": 12586, "ypos": 619 },
        { "id": 61, "xpos": 12666, "ypos": 619 },
        { "id": 46, "xpos": 1356, "ypos": 614 },
        { "id": 46, "xpos": 1258, "ypos": 614 },
        { "id": 46, "xpos": 1157, "ypos": 614 },
        { "id": 7, "xpos": 3122, "ypos": 607 },
        { "id": 7, "xpos": 4077, "ypos": 600 },
        { "id": 7, "xpos": 3694, "ypos": 600 },
        { "id": 7, "xpos": 3566, "ypos": 600 },
        { "id": 7, "xpos": 3949, "ypos": 599 },
        { "id": 7, "xpos": 3822, "ypos": 599 },
        { "id": 47, "xpos": 1141, "ypos": 599 },
        { "id": 47, "xpos": 1468, "ypos": 598 },
        { "id": 0, "xpos": 1248, "ypos": 587 },
        { "id": 0, "xpos": 1141, "ypos": 587 },
        { "id": 0, "xpos": 1345, "ypos": 587 },
        { "id": 61, "xpos": 12266, "ypos": 545 },
        { "id": 61, "xpos": 12186, "ypos": 545 },
        { "id": 61, "xpos": 12106, "ypos": 545 },
        { "id": 61, "xpos": 12026, "ypos": 545 },
        { "id": 61, "xpos": 11946, "ypos": 545 },
        { "id": 61, "xpos": 11866, "ypos": 545 },
        { "id": 61, "xpos": 12346, "ypos": 545 },
        { "id": 61, "xpos": 12426, "ypos": 545 },
        { "id": 61, "xpos": 12506, "ypos": 545 },
        { "id": 61, "xpos": 12586, "ypos": 545 },
        { "id": 61, "xpos": 12666, "ypos": 545 },
        { "id": 61, "xpos": 11658, "ypos": 545 },
        { "id": 7, "xpos": 5984, "ypos": 536 },
        { "id": 61, "xpos": 4950, "ypos": 534 },
        { "id": 61, "xpos": 4886, "ypos": 534 },
        { "id": 7, "xpos": 5119, "ypos": 532 },
        { "id": 7, "xpos": 1725, "ypos": 524 },
        { "id": 0, "xpos": 12314, "ypos": 507 },
        { "id": 0, "xpos": 12219, "ypos": 507 },
        { "id": 0, "xpos": 12114, "ypos": 507 },
        { "id": 0, "xpos": 12009, "ypos": 507 },
        { "id": 7, "xpos": 11738, "ypos": 507 },
        { "id": 0, "xpos": 11866, "ypos": 507 },
        { "id": 0, "xpos": 12442, "ypos": 507 },
        { "id": 0, "xpos": 12585, "ypos": 507 },
        { "id": 0, "xpos": 12602, "ypos": 507 },
        { "id": 7, "xpos": 10111, "ypos": 506 },
        { "id": 0, "xpos": 11658, "ypos": 506 },
        { "id": 7, "xpos": 10879, "ypos": 499 },
        { "id": 7, "xpos": 8286, "ypos": 496 },
        { "id": 7, "xpos": 8798, "ypos": 495 },
        { "id": 0, "xpos": 4886, "ypos": 495 },
        { "id": 7, "xpos": 3122, "ypos": 479 },
        { "id": 7, "xpos": 4077, "ypos": 473 },
        { "id": 7, "xpos": 3694, "ypos": 472 },
        { "id": 2, "xpos": 12706, "ypos": 436 },
        { "id": 7, "xpos": 5984, "ypos": 408 },
        { "id": 7, "xpos": 1725, "ypos": 396 },
        { "id": 7, "xpos": 10111, "ypos": 379 },
        { "id": 7, "xpos": 10879, "ypos": 372 },
        { "id": 7, "xpos": 8798, "ypos": 368 },
        { "id": 7, "xpos": 8286, "ypos": 368 },
        { "id": 7, "xpos": 3122, "ypos": 351 },
        { "id": 7, "xpos": 4077, "ypos": 345 },
        { "id": 7, "xpos": 3566, "ypos": 344 },
        { "id": 7, "xpos": 3694, "ypos": 344 },
        { "id": 7, "xpos": 5984, "ypos": 280 },
        { "id": 7, "xpos": 5119, "ypos": 278 },
        { "id": 7, "xpos": 1725, "ypos": 268 },
        { "id": 7, "xpos": 10111, "ypos": 252 },
        { "id": 7, "xpos": 10879, "ypos": 244 },
        { "id": 7, "xpos": 8798, "ypos": 240 },
        { "id": 7, "xpos": 8286, "ypos": 240 },
        { "id": 7, "xpos": 3122, "ypos": 223 },
        { "id": 7, "xpos": 4077, "ypos": 217 },
        { "id": 7, "xpos": 3566, "ypos": 217 },
        { "id": 7, "xpos": 5984, "ypos": 152 },
        { "id": 7, "xpos": 4992, "ypos": 152 },
        { "id": 7, "xpos": 5119, "ypos": 151 },
        { "id": 7, "xpos": 1725, "ypos": 140 },
        { "id": 7, "xpos": 10111, "ypos": 125 },
        { "id": 7, "xpos": 10879, "ypos": 116 },
        { "id": 7, "xpos": 8286, "ypos": 113 },
        { "id": 7, "xpos": 8798, "ypos": 112 },
        { "id": 7, "xpos": 3122, "ypos": 95 },
        { "id": 7, "xpos": 3566, "ypos": 90 },
        { "id": 7, "xpos": 4077, "ypos": 89 },
        { "id": 7, "xpos": 5984, "ypos": 24 },
        { "id": 7, "xpos": 5119, "ypos": 23 },
        { "id": 7, "xpos": 1725, "ypos": 12 },
        { "id": 7, "xpos": 5984, "ypos": 0 },
        { "id": 7, "xpos": 8798, "ypos": 0 },
        { "id": 7, "xpos": 8286, "ypos": 0 },
        { "id": 7, "xpos": 4077, "ypos": 0 },
        { "id": 7, "xpos": 3122, "ypos": 0 },
        { "id": 7, "xpos": 3566, "ypos": 0 },
        { "id": 7, "xpos": 1725, "ypos": 0 },
        { "id": 7, "xpos": 5119, "ypos": 0 },
        { "id": 7, "xpos": 10111, "ypos": 0 },
        { "id": 7, "xpos": 10879, "ypos": 0 },
        { "id": 33, "xpos": 8452, "ypos": 2043 },
        { "id": 39, "xpos": 8547, "ypos": 2033 },
        { "id": 3, "xpos": 8266, "ypos": 2029 },
        { "id": 35, "xpos": 8502, "ypos": 2014 },
        { "id": 3, "xpos": 8179, "ypos": 1999 },
        { "id": 39, "xpos": 8547, "ypos": 1993 },
        { "id": 3, "xpos": 8093, "ypos": 1969 },
        { "id": 37, "xpos": 8531, "ypos": 1963 },
        { "id": 3, "xpos": 8006, "ypos": 1939 },
        { "id": 39, "xpos": 8547, "ypos": 1937 },
        { "id": 59, "xpos": 6724, "ypos": 1922 },
        { "id": 33, "xpos": 6852, "ypos": 1922 },
        { "id": 33, "xpos": 7666, "ypos": 1922 },
        { "id": 59, "xpos": 7445, "ypos": 1922 },
        { "id": 35, "xpos": 7715, "ypos": 1893 },
        { "id": 35, "xpos": 6903, "ypos": 1893 },
        { "id": 57, "xpos": 6697, "ypos": 1893 },
        { "id": 57, "xpos": 7416, "ypos": 1893 },
        { "id": 54, "xpos": 8447, "ypos": 1889 },
        { "id": 54, "xpos": 6646, "ypos": 1883 },
        { "id": 54, "xpos": 7364, "ypos": 1882 },
        { "id": 39, "xpos": 7760, "ypos": 1882 },
        { "id": 39, "xpos": 6948, "ypos": 1882 },
        { "id": 39, "xpos": 8547, "ypos": 1882 },
        { "id": 59, "xpos": 4526, "ypos": 1850 },
        { "id": 54, "xpos": 4447, "ypos": 1849 },
        { "id": 37, "xpos": 7744, "ypos": 1842 },
        { "id": 37, "xpos": 6932, "ypos": 1842 },
        { "id": 55, "xpos": 6682, "ypos": 1842 },
        { "id": 55, "xpos": 7400, "ypos": 1842 },
        { "id": 54, "xpos": 8447, "ypos": 1833 },
        { "id": 39, "xpos": 7760, "ypos": 1827 },
        { "id": 54, "xpos": 6646, "ypos": 1827 },
        { "id": 39, "xpos": 8547, "ypos": 1827 },
        { "id": 54, "xpos": 7364, "ypos": 1826 },
        { "id": 39, "xpos": 6948, "ypos": 1826 },
        { "id": 57, "xpos": 4498, "ypos": 1821 },
        { "id": 54, "xpos": 4447, "ypos": 1793 },
        { "id": 54, "xpos": 8447, "ypos": 1778 },
        { "id": 39, "xpos": 8547, "ypos": 1772 },
        { "id": 39, "xpos": 7760, "ypos": 1771 },
        { "id": 54, "xpos": 6646, "ypos": 1771 },
        { "id": 55, "xpos": 4483, "ypos": 1771 },
        { "id": 54, "xpos": 7364, "ypos": 1770 },
        { "id": 39, "xpos": 6948, "ypos": 1770 },
        { "id": 54, "xpos": 4447, "ypos": 1738 },
        { "id": 54, "xpos": 8447, "ypos": 1722 },
        { "id": 40, "xpos": 6932, "ypos": 1717 },
        { "id": 39, "xpos": 8547, "ypos": 1717 },
        { "id": 52, "xpos": 6682, "ypos": 1716 },
        { "id": 39, "xpos": 7760, "ypos": 1715 },
        { "id": 54, "xpos": 6646, "ypos": 1715 },
        { "id": 54, "xpos": 7364, "ypos": 1714 },
        { "id": 39, "xpos": 6948, "ypos": 1714 },
        { "id": 42, "xpos": 6903, "ypos": 1688 },
        { "id": 50, "xpos": 6698, "ypos": 1687 },
        { "id": 54, "xpos": 4447, "ypos": 1682 },
        { "id": 59, "xpos": 8367, "ypos": 1678 },
        { "id": 44, "xpos": 6853, "ypos": 1672 },
        { "id": 48, "xpos": 6727, "ypos": 1671 },
        { "id": 54, "xpos": 8286, "ypos": 1669 },
        { "id": 39, "xpos": 8547, "ypos": 1662 },
        { "id": 39, "xpos": 7760, "ypos": 1659 },
        { "id": 54, "xpos": 6646, "ypos": 1659 },
        { "id": 39, "xpos": 6948, "ypos": 1659 },
        { "id": 54, "xpos": 7364, "ypos": 1658 },
        { "id": 57, "xpos": 8338, "ypos": 1650 },
        { "id": 33, "xpos": 2898, "ypos": 1626 },
        { "id": 54, "xpos": 4447, "ypos": 1626 },
        { "id": 54, "xpos": 8286, "ypos": 1613 },
        { "id": 39, "xpos": 8547, "ypos": 1606 },
        { "id": 39, "xpos": 7760, "ypos": 1603 },
        { "id": 40, "xpos": 7744, "ypos": 1603 },
        { "id": 52, "xpos": 7400, "ypos": 1603 },
        { "id": 54, "xpos": 7364, "ypos": 1602 },
        { "id": 55, "xpos": 8322, "ypos": 1598 },
        { "id": 35, "xpos": 2948, "ypos": 1597 },
        { "id": 39, "xpos": 2992, "ypos": 1586 },
        { "id": 42, "xpos": 7715, "ypos": 1574 },
        { "id": 50, "xpos": 7416, "ypos": 1574 },
        { "id": 54, "xpos": 4447, "ypos": 1570 },
        { "id": 44, "xpos": 7664, "ypos": 1558 },
        { "id": 48, "xpos": 7444, "ypos": 1558 },
        { "id": 54, "xpos": 8286, "ypos": 1557 },
        { "id": 39, "xpos": 8547, "ypos": 1550 },
        { "id": 39, "xpos": 7760, "ypos": 1548 },
        { "id": 54, "xpos": 7364, "ypos": 1546 },
        { "id": 37, "xpos": 2976, "ypos": 1546 },
        { "id": 39, "xpos": 2992, "ypos": 1531 },
        { "id": 54, "xpos": 4447, "ypos": 1514 },
        { "id": 54, "xpos": 8286, "ypos": 1501 },
        { "id": 39, "xpos": 8547, "ypos": 1495 },
        { "id": 40, "xpos": 8531, "ypos": 1490 },
        { "id": 52, "xpos": 8322, "ypos": 1490 },
        { "id": 39, "xpos": 2992, "ypos": 1475 },
        { "id": 42, "xpos": 8501, "ypos": 1461 },
        { "id": 50, "xpos": 8338, "ypos": 1461 },
        { "id": 54, "xpos": 4447, "ypos": 1458 },
        { "id": 44, "xpos": 8451, "ypos": 1445 },
        { "id": 48, "xpos": 8367, "ypos": 1445 },
        { "id": 54, "xpos": 8286, "ypos": 1445 },
        { "id": 39, "xpos": 8547, "ypos": 1440 },
        { "id": 54, "xpos": 4447, "ypos": 1402 },
        { "id": 54, "xpos": 4447, "ypos": 1346 },
        { "id": 54, "xpos": 4447, "ypos": 1290 },
        { "id": 54, "xpos": 4447, "ypos": 1234 },
        { "id": 54, "xpos": 4447, "ypos": 1178 },
        { "id": 5, "xpos": 11082, "ypos": 1170 },
        { "id": 33, "xpos": 4647, "ypos": 1156 },
        { "id": 5, "xpos": 11168, "ypos": 1140 },
        { "id": 35, "xpos": 4698, "ypos": 1127 },
        { "id": 54, "xpos": 4447, "ypos": 1122 },
        { "id": 39, "xpos": 4742, "ypos": 1117 },
        { "id": 5, "xpos": 11253, "ypos": 1110 },
        { "id": 59, "xpos": 1222, "ypos": 1109 },
        { "id": 57, "xpos": 1193, "ypos": 1080 },
        { "id": 37, "xpos": 4727, "ypos": 1076 },
        { "id": 54, "xpos": 1141, "ypos": 1070 },
        { "id": 54, "xpos": 4447, "ypos": 1066 },
        { "id": 39, "xpos": 4742, "ypos": 1061 },
        { "id": 55, "xpos": 1177, "ypos": 1029 },
        { "id": 54, "xpos": 1141, "ypos": 1014 },
        { "id": 54, "xpos": 4447, "ypos": 1010 },
        { "id": 39, "xpos": 4742, "ypos": 1005 },
        { "id": 54, "xpos": 1141, "ypos": 958 },
        { "id": 40, "xpos": 4726, "ypos": 956 },
        { "id": 52, "xpos": 4483, "ypos": 956 },
        { "id": 54, "xpos": 4447, "ypos": 954 },
        { "id": 39, "xpos": 4742, "ypos": 949 },
        { "id": 42, "xpos": 4697, "ypos": 927 },
        { "id": 50, "xpos": 4499, "ypos": 927 },
        { "id": 44, "xpos": 4647, "ypos": 911 },
        { "id": 48, "xpos": 4528, "ypos": 911 },
        { "id": 54, "xpos": 1141, "ypos": 902 },
        { "id": 54, "xpos": 4447, "ypos": 898 },
        { "id": 39, "xpos": 4742, "ypos": 893 },
        { "id": 33, "xpos": 1360, "ypos": 876 },
        { "id": 3, "xpos": 883, "ypos": 862 },
        { "id": 39, "xpos": 1453, "ypos": 849 },
        { "id": 35, "xpos": 1409, "ypos": 848 },
        { "id": 54, "xpos": 1141, "ypos": 846 },
        { "id": 3, "xpos": 374, "ypos": 831 },
        { "id": 3, "xpos": 287, "ypos": 801 },
        { "id": 37, "xpos": 1437, "ypos": 797 },
        { "id": 39, "xpos": 1453, "ypos": 794 },
        { "id": 54, "xpos": 1141, "ypos": 791 },
        { "id": 39, "xpos": 1453, "ypos": 738 },
        { "id": 54, "xpos": 1141, "ypos": 736 },
        { "id": 40, "xpos": 1438, "ypos": 687 },
        { "id": 52, "xpos": 1177, "ypos": 686 },
        { "id": 39, "xpos": 1453, "ypos": 682 },
        { "id": 54, "xpos": 1141, "ypos": 681 },
        { "id": 42, "xpos": 1409, "ypos": 658 },
        { "id": 50, "xpos": 1192, "ypos": 658 },
        { "id": 44, "xpos": 1359, "ypos": 642 },
        { "id": 48, "xpos": 1219, "ypos": 642 },
        { "id": 54, "xpos": 1141, "ypos": 626 },
        { "id": 39, "xpos": 1453, "ypos": 626 },
        { "id": 66, "xpos": 5843, "ypos": 1937 },
        { "id": 65, "xpos": 5247, "ypos": 1866 },
        { "id": 65, "xpos": 3426, "ypos": 1436 },
        { "id": 68, "xpos": 3378, "ypos": 1172 },
        { "id": 67, "xpos": 3378, "ypos": 1172 },
        { "id": 65, "xpos": 1585, "ypos": 1125 },
        { "id": 32, "xpos": 11360, "ypos": 689 },
        { "id": 34, "xpos": 8503, "ypos": 2043 },
        { "id": 36, "xpos": 8531, "ypos": 2014 },
        { "id": 25, "xpos": 8356, "ypos": 1972 },
        { "id": 38, "xpos": 8453, "ypos": 1963 },
        { "id": 25, "xpos": 8232, "ypos": 1948 },
        { "id": 34, "xpos": 7716, "ypos": 1922 },
        { "id": 34, "xpos": 6903, "ypos": 1922 },
        { "id": 58, "xpos": 6705, "ypos": 1922 },
        { "id": 58, "xpos": 7426, "ypos": 1922 },
        { "id": 25, "xpos": 8131, "ypos": 1916 },
        { "id": 23, "xpos": 6150, "ypos": 1904 },
        { "id": 36, "xpos": 7744, "ypos": 1893 },
        { "id": 36, "xpos": 6932, "ypos": 1893 },
        { "id": 56, "xpos": 6683, "ypos": 1893 },
        { "id": 56, "xpos": 7402, "ypos": 1893 },
        { "id": 23, "xpos": 6172, "ypos": 1890 },
        { "id": 23, "xpos": 6285, "ypos": 1889 },
        { "id": 23, "xpos": 6317, "ypos": 1886 },
        { "id": 23, "xpos": 6190, "ypos": 1885 },
        { "id": 25, "xpos": 8043, "ypos": 1883 },
        { "id": 23, "xpos": 6238, "ypos": 1877 },
        { "id": 24, "xpos": 6021, "ypos": 1866 },
        { "id": 23, "xpos": 6261, "ypos": 1859 },
        { "id": 58, "xpos": 4507, "ypos": 1850 },
        { "id": 25, "xpos": 7141, "ypos": 1849 },
        { "id": 25, "xpos": 7901, "ypos": 1849 },
        { "id": 38, "xpos": 7666, "ypos": 1842 },
        { "id": 60, "xpos": 7400, "ypos": 1842 },
        { "id": 60, "xpos": 6679, "ypos": 1842 },
        { "id": 38, "xpos": 6854, "ypos": 1842 },
        { "id": 22, "xpos": 6368, "ypos": 1838 },
        { "id": 56, "xpos": 4485, "ypos": 1822 },
        { "id": 30, "xpos": 4900, "ypos": 1819 },
        { "id": 19, "xpos": 6005, "ypos": 1808 },
        { "id": 24, "xpos": 4746, "ypos": 1795 },
        { "id": 24, "xpos": 4916, "ypos": 1795 },
        { "id": 27, "xpos": 6478, "ypos": 1783 },
        { "id": 60, "xpos": 4483, "ypos": 1770 },
        { "id": 27, "xpos": 4628, "ypos": 1712 },
        { "id": 27, "xpos": 4808, "ypos": 1712 },
        { "id": 23, "xpos": 2676, "ypos": 1708 },
        { "id": 51, "xpos": 6684, "ypos": 1698 },
        { "id": 41, "xpos": 6932, "ypos": 1697 },
        { "id": 23, "xpos": 2328, "ypos": 1696 },
        { "id": 23, "xpos": 2288, "ypos": 1696 },
        { "id": 23, "xpos": 2368, "ypos": 1693 },
        { "id": 23, "xpos": 2400, "ypos": 1692 },
        { "id": 23, "xpos": 2439, "ypos": 1692 },
        { "id": 23, "xpos": 2474, "ypos": 1692 },
        { "id": 23, "xpos": 2514, "ypos": 1692 },
        { "id": 23, "xpos": 2549, "ypos": 1692 },
        { "id": 23, "xpos": 2574, "ypos": 1692 },
        { "id": 23, "xpos": 2599, "ypos": 1692 },
        { "id": 23, "xpos": 2619, "ypos": 1692 },
        { "id": 23, "xpos": 2654, "ypos": 1692 },
        { "id": 58, "xpos": 8348, "ypos": 1679 },
        { "id": 43, "xpos": 6904, "ypos": 1674 },
        { "id": 49, "xpos": 6708, "ypos": 1673 },
        { "id": 45, "xpos": 6852, "ypos": 1672 },
        { "id": 53, "xpos": 6682, "ypos": 1671 },
        { "id": 23, "xpos": 2286, "ypos": 1665 },
        { "id": 23, "xpos": 2328, "ypos": 1665 },
        { "id": 23, "xpos": 2368, "ypos": 1665 },
        { "id": 23, "xpos": 2413, "ypos": 1665 },
        { "id": 23, "xpos": 2459, "ypos": 1665 },
        { "id": 23, "xpos": 2500, "ypos": 1665 },
        { "id": 23, "xpos": 2540, "ypos": 1665 },
        { "id": 23, "xpos": 2595, "ypos": 1665 },
        { "id": 23, "xpos": 2640, "ypos": 1665 },
        { "id": 23, "xpos": 2670, "ypos": 1665 },
        { "id": 23, "xpos": 3456, "ypos": 1658 },
        { "id": 56, "xpos": 8324, "ypos": 1649 },
        { "id": 23, "xpos": 3481, "ypos": 1648 },
        { "id": 28, "xpos": 8841, "ypos": 1646 },
        { "id": 20, "xpos": 8738, "ypos": 1636 },
        { "id": 30, "xpos": 5052, "ypos": 1635 },
        { "id": 23, "xpos": 3508, "ypos": 1627 },
        { "id": 34, "xpos": 2949, "ypos": 1626 },
        { "id": 23, "xpos": 3556, "ypos": 1623 },
        { "id": 23, "xpos": 3644, "ypos": 1621 },
        { "id": 23, "xpos": 3602, "ypos": 1620 },
        { "id": 60, "xpos": 8322, "ypos": 1598 },
        { "id": 36, "xpos": 2977, "ypos": 1597 },
        { "id": 23, "xpos": 3632, "ypos": 1594 },
        { "id": 51, "xpos": 7402, "ypos": 1584 },
        { "id": 41, "xpos": 7744, "ypos": 1583 },
        { "id": 23, "xpos": 1562, "ypos": 1582 },
        { "id": 23, "xpos": 1870, "ypos": 1582 },
        { "id": 23, "xpos": 1920, "ypos": 1582 },
        { "id": 20, "xpos": 1744, "ypos": 1581 },
        { "id": 23, "xpos": 1647, "ypos": 1581 },
        { "id": 23, "xpos": 1965, "ypos": 1581 },
        { "id": 23, "xpos": 2120, "ypos": 1581 },
        { "id": 23, "xpos": 2155, "ypos": 1581 },
        { "id": 23, "xpos": 2190, "ypos": 1581 },
        { "id": 23, "xpos": 1602, "ypos": 1580 },
        { "id": 23, "xpos": 3654, "ypos": 1576 },
        { "id": 24, "xpos": 2046, "ypos": 1572 },
        { "id": 23, "xpos": 1627, "ypos": 1562 },
        { "id": 43, "xpos": 7715, "ypos": 1560 },
        { "id": 49, "xpos": 7425, "ypos": 1560 },
        { "id": 53, "xpos": 7400, "ypos": 1558 },
        { "id": 45, "xpos": 7664, "ypos": 1557 },
        { "id": 25, "xpos": 2257, "ypos": 1554 },
        { "id": 23, "xpos": 1588, "ypos": 1553 },
        { "id": 23, "xpos": 1552, "ypos": 1546 },
        { "id": 38, "xpos": 2898, "ypos": 1546 },
        { "id": 27, "xpos": 8828, "ypos": 1542 },
        { "id": 27, "xpos": 8614, "ypos": 1541 },
        { "id": 25, "xpos": 1885, "ypos": 1532 },
        { "id": 25, "xpos": 2145, "ypos": 1532 },
        { "id": 23, "xpos": 1560, "ypos": 1526 },
        { "id": 27, "xpos": 3442, "ypos": 1526 },
        { "id": 27, "xpos": 2697, "ypos": 1488 },
        { "id": 27, "xpos": 2814, "ypos": 1488 },
        { "id": 51, "xpos": 8324, "ypos": 1471 },
        { "id": 41, "xpos": 8530, "ypos": 1470 },
        { "id": 43, "xpos": 8502, "ypos": 1447 },
        { "id": 49, "xpos": 8348, "ypos": 1447 },
        { "id": 45, "xpos": 8451, "ypos": 1445 },
        { "id": 53, "xpos": 8322, "ypos": 1445 },
        { "id": 28, "xpos": 9840, "ypos": 1424 },
        { "id": 23, "xpos": 10057, "ypos": 1412 },
        { "id": 23, "xpos": 10012, "ypos": 1411 },
        { "id": 23, "xpos": 9558, "ypos": 1408 },
        { "id": 23, "xpos": 9643, "ypos": 1408 },
        { "id": 23, "xpos": 9604, "ypos": 1407 },
        { "id": 26, "xpos": 1597, "ypos": 1398 },
        { "id": 23, "xpos": 10034, "ypos": 1391 },
        { "id": 28, "xpos": 2991, "ypos": 1390 },
        { "id": 30, "xpos": 3389, "ypos": 1389 },
        { "id": 23, "xpos": 10080, "ypos": 1387 },
        { "id": 22, "xpos": 9961, "ypos": 1371 },
        { "id": 24, "xpos": 3257, "ypos": 1365 },
        { "id": 23, "xpos": 10063, "ypos": 1361 },
        { "id": 27, "xpos": 9526, "ypos": 1303 },
        { "id": 27, "xpos": 3294, "ypos": 1281 },
        { "id": 26, "xpos": 9720, "ypos": 1256 },
        { "id": 26, "xpos": 9880, "ypos": 1256 },
        { "id": 23, "xpos": 4033, "ypos": 1239 },
        { "id": 23, "xpos": 3997, "ypos": 1239 },
        { "id": 34, "xpos": 4698, "ypos": 1156 },
        { "id": 23, "xpos": 10388, "ypos": 1149 },
        { "id": 23, "xpos": 10588, "ypos": 1149 },
        { "id": 23, "xpos": 10808, "ypos": 1149 },
        { "id": 23, "xpos": 11033, "ypos": 1149 },
        { "id": 23, "xpos": 10121, "ypos": 1137 },
        { "id": 23, "xpos": 10150, "ypos": 1137 },
        { "id": 23, "xpos": 10165, "ypos": 1137 },
        { "id": 36, "xpos": 4727, "ypos": 1127 },
        { "id": 30, "xpos": 3741, "ypos": 1126 },
        { "id": 30, "xpos": 11170, "ypos": 1123 },
        { "id": 23, "xpos": 4230, "ypos": 1111 },
        { "id": 23, "xpos": 4261, "ypos": 1111 },
        { "id": 23, "xpos": 4297, "ypos": 1111 },
        { "id": 23, "xpos": 4327, "ypos": 1111 },
        { "id": 58, "xpos": 1203, "ypos": 1109 },
        { "id": 56, "xpos": 1179, "ypos": 1080 },
        { "id": 30, "xpos": 11295, "ypos": 1076 },
        { "id": 38, "xpos": 4649, "ypos": 1076 },
        { "id": 30, "xpos": 11698, "ypos": 1060 },
        { "id": 24, "xpos": 11331, "ypos": 1038 },
        { "id": 24, "xpos": 11469, "ypos": 1037 },
        { "id": 24, "xpos": 11599, "ypos": 1037 },
        { "id": 60, "xpos": 1177, "ypos": 1029 },
        { "id": 22, "xpos": 1358, "ypos": 1026 },
        { "id": 22, "xpos": 1453, "ypos": 1026 },
        { "id": 22, "xpos": 1540, "ypos": 1026 },
        { "id": 19, "xpos": 10130, "ypos": 1015 },
        { "id": 27, "xpos": 4266, "ypos": 998 },
        { "id": 51, "xpos": 4485, "ypos": 937 },
        { "id": 41, "xpos": 4726, "ypos": 936 },
        { "id": 43, "xpos": 4698, "ypos": 913 },
        { "id": 49, "xpos": 4509, "ypos": 913 },
        { "id": 45, "xpos": 4646, "ypos": 911 },
        { "id": 53, "xpos": 4483, "ypos": 911 },
        { "id": 26, "xpos": 11518, "ypos": 895 },
        { "id": 34, "xpos": 1411, "ypos": 876 },
        { "id": 36, "xpos": 1438, "ypos": 848 },
        { "id": 24, "xpos": 985, "ypos": 821 },
        { "id": 24, "xpos": 858, "ypos": 800 },
        { "id": 38, "xpos": 1359, "ypos": 797 },
        { "id": 24, "xpos": 499, "ypos": 790 },
        { "id": 24, "xpos": 629, "ypos": 790 },
        { "id": 24, "xpos": 734, "ypos": 790 },
        { "id": 27, "xpos": 1016, "ypos": 744 },
        { "id": 23, "xpos": 2, "ypos": 738 },
        { "id": 23, "xpos": 147, "ypos": 738 },
        { "id": 23, "xpos": 50, "ypos": 737 },
        { "id": 23, "xpos": 98, "ypos": 737 },
        { "id": 23, "xpos": 202, "ypos": 737 },
        { "id": 27, "xpos": 894, "ypos": 737 },
        { "id": 27, "xpos": 400, "ypos": 711 },
        { "id": 27, "xpos": 535, "ypos": 711 },
        { "id": 27, "xpos": 660, "ypos": 711 },
        { "id": 27, "xpos": 768, "ypos": 710 },
        { "id": 27, "xpos": 294, "ypos": 671 },
        { "id": 51, "xpos": 1178, "ypos": 668 },
        { "id": 41, "xpos": 1438, "ypos": 667 },
        { "id": 43, "xpos": 1410, "ypos": 644 },
        { "id": 49, "xpos": 1200, "ypos": 644 },
        { "id": 45, "xpos": 1358, "ypos": 642 },
        { "id": 53, "xpos": 1177, "ypos": 641 },
        { "id": 27, "xpos": 146, "ypos": 635 },
        { "id": 27, "xpos": 21, "ypos": 609 },
        { "id": 23, "xpos": 3647, "ypos": 537 },
        { "id": 23, "xpos": 3619, "ypos": 537 },
        { "id": 23, "xpos": 3587, "ypos": 537 },
        { "id": 19, "xpos": 3588, "ypos": 470 },
        { "id": 23, "xpos": 11669, "ypos": 445 },
        { "id": 24, "xpos": 11989, "ypos": 435 },
        { "id": 24, "xpos": 12159, "ypos": 435 },
        { "id": 24, "xpos": 12469, "ypos": 435 },
        { "id": 24, "xpos": 12614, "ypos": 435 },
        { "id": 23, "xpos": 4961, "ypos": 434 },
        { "id": 23, "xpos": 4888, "ypos": 433 },
        { "id": 23, "xpos": 4926, "ypos": 432 },
        { "id": 27, "xpos": 11889, "ypos": 354 },
        { "id": 27, "xpos": 12049, "ypos": 354 },
        { "id": 27, "xpos": 12214, "ypos": 354 },
        { "id": 27, "xpos": 12374, "ypos": 354 },
        { "id": 27, "xpos": 12529, "ypos": 354 },
        { "id": 27, "xpos": 4901, "ypos": 313 },
        { "id": 9, "xpos": 5123, "ypos": 1761 },
        { "id": 9, "xpos": 5008, "ypos": 1720 },
        { "id": 21, "xpos": 8751, "ypos": 1630 },
        { "id": 21, "xpos": 1758, "ypos": 1579 },
        { "id": 21, "xpos": 8751, "ypos": 1566 },
        { "id": 9, "xpos": 3574, "ypos": 1527 },
        { "id": 9, "xpos": 5008, "ypos": 1520 },
        { "id": 21, "xpos": 1758, "ypos": 1515 },
        { "id": 21, "xpos": 8751, "ypos": 1502 },
        { "id": 21, "xpos": 1758, "ypos": 1451 },
        { "id": 21, "xpos": 8751, "ypos": 1438 },
        { "id": 21, "xpos": 1758, "ypos": 1387 },
        { "id": 21, "xpos": 8751, "ypos": 1374 },
        { "id": 9, "xpos": 5008, "ypos": 1352 },
        { "id": 9, "xpos": 3125, "ypos": 1316 },
        { "id": 10, "xpos": 4054, "ypos": 1243 },
        { "id": 9, "xpos": 3934, "ypos": 1241 },
        { "id": 9, "xpos": 3811, "ypos": 1240 },
        { "id": 9, "xpos": 3691, "ypos": 1239 },
        { "id": 9, "xpos": 5008, "ypos": 1184 },
        { "id": 10, "xpos": 4055, "ypos": 1158 },
        { "id": 10, "xpos": 4055, "ypos": 1073 },
        { "id": 9, "xpos": 4080, "ypos": 1071 },
        { "id": 9, "xpos": 3934, "ypos": 1071 },
        { "id": 9, "xpos": 3812, "ypos": 1069 },
        { "id": 9, "xpos": 3691, "ypos": 1067 },
        { "id": 9, "xpos": 3568, "ypos": 1044 },
        { "id": 9, "xpos": 5008, "ypos": 1016 },
        { "id": 10, "xpos": 4055, "ypos": 987 },
        { "id": 10, "xpos": 4053, "ypos": 901 },
        { "id": 9, "xpos": 3934, "ypos": 899 },
        { "id": 9, "xpos": 3691, "ypos": 898 },
        { "id": 9, "xpos": 3812, "ypos": 897 },
        { "id": 9, "xpos": 3568, "ypos": 873 },
        { "id": 9, "xpos": 5008, "ypos": 848 },
        { "id": 10, "xpos": 4055, "ypos": 816 },
        { "id": 10, "xpos": 4056, "ypos": 813 },
        { "id": 9, "xpos": 3691, "ypos": 727 },
        { "id": 9, "xpos": 3812, "ypos": 727 },
        { "id": 9, "xpos": 3934, "ypos": 727 },
        { "id": 10, "xpos": 4055, "ypos": 727 },
        { "id": 9, "xpos": 5008, "ypos": 680 },
        { "id": 9, "xpos": 5008, "ypos": 512 },
        { "id": 9, "xpos": 5120, "ypos": 384 },
        { "id": 9, "xpos": 5008, "ypos": 344 },
        { "id": 9, "xpos": 5008, "ypos": 176 }
    ],
    "itemlist": [
       { "id": 19, "xpos": 1080, "ypos": 800 },
        { "id": 19, "xpos": 1080, "ypos": 704 },
        { "id": 19, "xpos": 1080, "ypos": 648 },
        { "id": 19, "xpos": 1080, "ypos": 552 },
        { "id": 19, "xpos": 1112, "ypos": 552 },
        { "id": 16, "xpos": 1112, "ypos": 648 },
        { "id": 16, "xpos": 1112, "ypos": 704 },
        { "id": 16, "xpos": 1112, "ypos": 800 },
        { "id": 0, "xpos": 3712, "ypos": 969 },
        { "id": 1, "xpos": 3714, "ypos": 830 },
        { "id": 5, "xpos": 3632, "ypos": 600 },
        { "id": 19, "xpos": 4570, "ypos": 1772 },
        { "id": 19, "xpos": 4570, "ypos": 1681 },
        { "id": 19, "xpos": 4570, "ypos": 1589 },
        { "id": 19, "xpos": 4571, "ypos": 1501 },
        { "id": 19, "xpos": 4571, "ypos": 1409 },
        { "id": 19, "xpos": 4571, "ypos": 1322 },
        { "id": 19, "xpos": 1291, "ypos": 1093 },
        { "id": 19, "xpos": 1291, "ypos": 1006 },
        { "id": 36, "xpos": 9172, "ypos": 1737 },
        { "id": 0, "xpos": 11568, "ypos": 481 },
        { "id": 0, "xpos": 11643, "ypos": 481 },
        { "id": 0, "xpos": 11718, "ypos": 481 },
        { "id": 6, "xpos": 4046, "ypos": 1300 },
        { "id": 27, "xpos": 9658, "ypos": 1473 },
        { "id": 25, "xpos": 9582, "ypos": 1469 },
        { "id": 36, "xpos": 9486, "ypos": 1491 },
        { "id": 36, "xpos": 9374, "ypos": 1626 },
        { "id": 36, "xpos": 9270, "ypos": 1502 },
        { "id": 36, "xpos": 9165, "ypos": 1647 },
        { "id": 21, "xpos": 9029, "ypos": 1729 },
        { "id": 19, "xpos": 8254, "ypos": 1348 },
        { "id": 19, "xpos": 7824, "ypos": 1665 },
        { "id": 19, "xpos": 7824, "ypos": 1571 },
        { "id": 19, "xpos": 7824, "ypos": 1476 },
        { "id": 19, "xpos": 7793, "ypos": 1475 },
        { "id": 19, "xpos": 7824, "ypos": 1755 },
        { "id": 19, "xpos": 7825, "ypos": 1849 },
        { "id": 19, "xpos": 7301, "ypos": 1860 },
        { "id": 19, "xpos": 7301, "ypos": 1795 },
        { "id": 19, "xpos": 7301, "ypos": 1720 },
        { "id": 19, "xpos": 7301, "ypos": 1640 },
        { "id": 19, "xpos": 7301, "ypos": 1565 },
        { "id": 19, "xpos": 7301, "ypos": 1485 },
        { "id": 19, "xpos": 7332, "ypos": 1485 },
        { "id": 17, "xpos": 7580, "ypos": 1554 },
        { "id": 17, "xpos": 6792, "ypos": 1669 },
        { "id": 19, "xpos": 6583, "ypos": 1859 },
        { "id": 19, "xpos": 6583, "ypos": 1819 },
        { "id": 19, "xpos": 6583, "ypos": 1744 },
        { "id": 19, "xpos": 6583, "ypos": 1649 },
        { "id": 19, "xpos": 6583, "ypos": 1569 },
        { "id": 19, "xpos": 6615, "ypos": 1569 },
        { "id": 19, "xpos": 6983, "ypos": 1571 },
        { "id": 19, "xpos": 7013, "ypos": 1570 },
        { "id": 19, "xpos": 7014, "ypos": 1663 },
        { "id": 19, "xpos": 7013, "ypos": 1759 },
        { "id": 19, "xpos": 7013, "ypos": 1849 },
        { "id": 18, "xpos": 6983, "ypos": 1853 },
        { "id": 18, "xpos": 6983, "ypos": 1758 },
        { "id": 18, "xpos": 6983, "ypos": 1663 },
        { "id": 18, "xpos": 7793, "ypos": 1567 },
        { "id": 18, "xpos": 7793, "ypos": 1659 },
        { "id": 18, "xpos": 7793, "ypos": 1752 },
        { "id": 18, "xpos": 7794, "ypos": 1843 },
        { "id": 34, "xpos": 8514, "ypos": 1823 },
        { "id": 34, "xpos": 8482, "ypos": 1823 },
        { "id": 33, "xpos": 8514, "ypos": 1792 },
        { "id": 33, "xpos": 8482, "ypos": 1792 },
        { "id": 35, "xpos": 8405, "ypos": 1443 },
        { "id": 19, "xpos": 8426, "ypos": 1720 },
        { "id": 19, "xpos": 8406, "ypos": 1721 },
        { "id": 19, "xpos": 8377, "ypos": 1719 },
        { "id": 19, "xpos": 8346, "ypos": 1719 },
        { "id": 19, "xpos": 8316, "ypos": 1718 },
        { "id": 19, "xpos": 8285, "ypos": 1719 },
        { "id": 19, "xpos": 8254, "ypos": 1718 },
        { "id": 19, "xpos": 8614, "ypos": 1617 },
        { "id": 19, "xpos": 8614, "ypos": 1552 },
        { "id": 19, "xpos": 8614, "ypos": 1502 },
        { "id": 19, "xpos": 8614, "ypos": 1447 },
        { "id": 19, "xpos": 8614, "ypos": 1377 },
        { "id": 19, "xpos": 8582, "ypos": 1361 },
        { "id": 18, "xpos": 8582, "ypos": 1443 },
        { "id": 18, "xpos": 8582, "ypos": 1518 },
        { "id": 18, "xpos": 8582, "ypos": 1598 },
        { "id": 21, "xpos": 8963, "ypos": 1729 },
        { "id": 21, "xpos": 8996, "ypos": 1729 },
        { "id": 21, "xpos": 8930, "ypos": 1729 },
        { "id": 19, "xpos": 8396, "ypos": 1858 },
        { "id": 19, "xpos": 8254, "ypos": 1631 },
        { "id": 19, "xpos": 8254, "ypos": 1601 },
        { "id": 19, "xpos": 8254, "ypos": 1526 },
        { "id": 19, "xpos": 8254, "ypos": 1441 },
        { "id": 19, "xpos": 8421, "ypos": 1847 },
        { "id": 19, "xpos": 8392, "ypos": 2037 },
        { "id": 19, "xpos": 8392, "ypos": 1942 },
        { "id": 16, "xpos": 7332, "ypos": 1580 },
        { "id": 16, "xpos": 7332, "ypos": 1670 },
        { "id": 16, "xpos": 7332, "ypos": 1750 },
        { "id": 16, "xpos": 7332, "ypos": 1844 },
        { "id": 16, "xpos": 6615, "ypos": 1661 },
        { "id": 16, "xpos": 6615, "ypos": 1746 },
        { "id": 16, "xpos": 6615, "ypos": 1842 },
        { "id": 22, "xpos": 6407, "ypos": 1921 },
        { "id": 29, "xpos": 6241, "ypos": 1937 },
        { "id": 28, "xpos": 4962, "ypos": 438 },
        { "id": 24, "xpos": 5098, "ypos": 790 },
        { "id": 24, "xpos": 5098, "ypos": 850 },
        { "id": 24, "xpos": 5098, "ypos": 905 },
        { "id": 24, "xpos": 5098, "ypos": 1130 },
        { "id": 24, "xpos": 5098, "ypos": 1200 },
        { "id": 24, "xpos": 5098, "ypos": 1270 },
        { "id": 24, "xpos": 4969, "ypos": 1729 },
        { "id": 24, "xpos": 5098, "ypos": 1546 },
        { "id": 24, "xpos": 5098, "ypos": 1606 },
        { "id": 24, "xpos": 5098, "ypos": 1656 },
        { "id": 24, "xpos": 5033, "ypos": 1656 },
        { "id": 24, "xpos": 4968, "ypos": 1656 },
        { "id": 24, "xpos": 4968, "ypos": 1796 },
        { "id": 38, "xpos": 3996, "ypos": 1300 },
        { "id": 38, "xpos": 3964, "ypos": 1300 },
        { "id": 38, "xpos": 3933, "ypos": 1302 },
        { "id": 38, "xpos": 3870, "ypos": 1301 },
        { "id": 38, "xpos": 3838, "ypos": 1301 },
        { "id": 38, "xpos": 3808, "ypos": 1299 },
        { "id": 38, "xpos": 3778, "ypos": 1299 },
        { "id": 38, "xpos": 3746, "ypos": 1299 },
        { "id": 38, "xpos": 3714, "ypos": 1299 },
        { "id": 35, "xpos": 1281, "ypos": 639 },
        { "id": 19, "xpos": 1483, "ypos": 563 },
        { "id": 19, "xpos": 1483, "ypos": 637 },
        { "id": 19, "xpos": 1483, "ypos": 712 },
        { "id": 19, "xpos": 1483, "ypos": 792 },
        { "id": 19, "xpos": 1483, "ypos": 857 },
        { "id": 33, "xpos": 1176, "ypos": 955 },
        { "id": 33, "xpos": 1206, "ypos": 956 },
        { "id": 33, "xpos": 1234, "ypos": 956 },
        { "id": 34, "xpos": 1175, "ypos": 985 },
        { "id": 34, "xpos": 1207, "ypos": 985 },
        { "id": 34, "xpos": 1237, "ypos": 984 },
        { "id": 34, "xpos": 1262, "ypos": 919 },
        { "id": 34, "xpos": 1261, "ypos": 948 },
        { "id": 34, "xpos": 1261, "ypos": 978 },
        { "id": 19, "xpos": 1292, "ypos": 915 },
        { "id": 19, "xpos": 1322, "ypos": 914 },
        { "id": 19, "xpos": 1321, "ypos": 1005 },
        { "id": 19, "xpos": 1323, "ypos": 1096 },
        { "id": 39, "xpos": 3186, "ypos": 1434 },
        { "id": 25, "xpos": 3668, "ypos": 1680 },
        { "id": 27, "xpos": 3597, "ypos": 1682 },
        { "id": 21, "xpos": 3449, "ypos": 1680 },
        { "id": 16, "xpos": 4417, "ypos": 1076 },
        { "id": 16, "xpos": 4417, "ypos": 981 },
        { "id": 16, "xpos": 4417, "ypos": 891 },
        { "id": 19, "xpos": 4386, "ypos": 891 },
        { "id": 19, "xpos": 4386, "ypos": 980 },
        { "id": 19, "xpos": 4386, "ypos": 1075 },
        { "id": 19, "xpos": 4418, "ypos": 796 },
        { "id": 19, "xpos": 4386, "ypos": 796 },
        { "id": 19, "xpos": 4778, "ypos": 808 },
        { "id": 19, "xpos": 4778, "ypos": 903 },
        { "id": 19, "xpos": 4778, "ypos": 968 },
        { "id": 19, "xpos": 4778, "ypos": 1018 },
        { "id": 19, "xpos": 4778, "ypos": 1088 },
        { "id": 19, "xpos": 1353, "ypos": 914 },
        { "id": 19, "xpos": 1380, "ypos": 913 },
        { "id": 19, "xpos": 1410, "ypos": 913 },
        { "id": 19, "xpos": 1435, "ypos": 913 },
        { "id": 19, "xpos": 1455, "ypos": 914 },
        { "id": 35, "xpos": 4584, "ypos": 909 },
        { "id": 33, "xpos": 4482, "ypos": 1261 },
        { "id": 33, "xpos": 4511, "ypos": 1261 },
        { "id": 33, "xpos": 4541, "ypos": 1261 },
        { "id": 34, "xpos": 4571, "ypos": 1197 },
        { "id": 34, "xpos": 4571, "ypos": 1229 },
        { "id": 34, "xpos": 4571, "ypos": 1261 },
        { "id": 34, "xpos": 4571, "ypos": 1293 },
        { "id": 34, "xpos": 4539, "ypos": 1293 },
        { "id": 34, "xpos": 4507, "ypos": 1293 },
        { "id": 34, "xpos": 4475, "ypos": 1293 },
        { "id": 19, "xpos": 4600, "ypos": 1197 },
        { "id": 19, "xpos": 4631, "ypos": 1197 },
        { "id": 19, "xpos": 4663, "ypos": 1196 },
        { "id": 19, "xpos": 4694, "ypos": 1192 },
        { "id": 19, "xpos": 4722, "ypos": 1198 },
        { "id": 19, "xpos": 4753, "ypos": 1195 },
        { "id": 19, "xpos": 4600, "ypos": 1292 },
        { "id": 19, "xpos": 4600, "ypos": 1382 },
        { "id": 19, "xpos": 4600, "ypos": 1467 },
        { "id": 19, "xpos": 4600, "ypos": 1552 },
        { "id": 19, "xpos": 4600, "ypos": 1622 },
        { "id": 19, "xpos": 4600, "ypos": 1707 },
        { "id": 19, "xpos": 4600, "ypos": 1787 },
        { "id": 19, "xpos": 4778, "ypos": 1181 },
        { "id": 21, "xpos": 10082, "ypos": 1470 },
        { "id": 26, "xpos": 10360, "ypos": 1135 },
        { "id": 26, "xpos": 10613, "ypos": 1136 },
        { "id": 39, "xpos": 10999, "ypos": 1198 },
        { "id": 30, "xpos": 11806, "ypos": 504 },
        { "id": 31, "xpos": 12339, "ypos": 505 },
        { "id": 2, "xpos": 11675, "ypos": 1108 },
        { "id": 21, "xpos": 11422, "ypos": 1107 },
        { "id": 1, "xpos": 12724, "ypos": 436 },
        { "id": 0, "xpos": 1629, "ypos": 1105 },
        { "id": 0, "xpos": 1692, "ypos": 1105 },
        { "id": 3, "xpos": 1319, "ypos": 588 },
        { "id": 0, "xpos": 4239, "ypos": 1152 },
        { "id": 0, "xpos": 4324, "ypos": 1152 },
        { "id": 0, "xpos": 4409, "ypos": 1152 },
        { "id": 0, "xpos": 4514, "ypos": 1152 },
        { "id": 0, "xpos": 4594, "ypos": 1152 },
        { "id": 0, "xpos": 4701, "ypos": 1127 },
        { "id": 0, "xpos": 4724, "ypos": 1046 },
        { "id": 0, "xpos": 4704, "ypos": 962 },
        { "id": 0, "xpos": 4624, "ypos": 932 },
        { "id": 0, "xpos": 4505, "ypos": 1028 },
        { "id": 0, "xpos": 4505, "ypos": 1248 },
        { "id": 0, "xpos": 4505, "ypos": 1328 },
        { "id": 0, "xpos": 4505, "ypos": 1408 },
        { "id": 0, "xpos": 4505, "ypos": 1498 },
        { "id": 0, "xpos": 4505, "ypos": 1588 },
        { "id": 0, "xpos": 4505, "ypos": 1678 },
        { "id": 0, "xpos": 4505, "ypos": 1773 },
        { "id": 0, "xpos": 4551, "ypos": 1829 },
        { "id": 0, "xpos": 4649, "ypos": 1851 },
        { "id": 0, "xpos": 4754, "ypos": 1851 },
        { "id": 0, "xpos": 4849, "ypos": 1851 },
        { "id": 0, "xpos": 4971, "ypos": 1849 },
        { "id": 0, "xpos": 4504, "ypos": 1090 },
        { "id": 0, "xpos": 6821, "ypos": 1920 },
        { "id": 0, "xpos": 6898, "ypos": 1887 },
        { "id": 0, "xpos": 6928, "ypos": 1813 },
        { "id": 0, "xpos": 6902, "ypos": 1729 },
        { "id": 0, "xpos": 6816, "ypos": 1691 },
        { "id": 0, "xpos": 6733, "ypos": 1717 },
        { "id": 0, "xpos": 6703, "ypos": 1798 },
        { "id": 0, "xpos": 6729, "ypos": 1887 },
        { "id": 0, "xpos": 7549, "ypos": 1920 },
        { "id": 0, "xpos": 7637, "ypos": 1918 },
        { "id": 0, "xpos": 7707, "ypos": 1897 },
        { "id": 0, "xpos": 7742, "ypos": 1798 },
        { "id": 0, "xpos": 7742, "ypos": 1698 },
        { "id": 0, "xpos": 7709, "ypos": 1604 },
        { "id": 0, "xpos": 7645, "ypos": 1576 },
        { "id": 0, "xpos": 7528, "ypos": 1576 },
        { "id": 0, "xpos": 7448, "ypos": 1607 },
        { "id": 0, "xpos": 7421, "ypos": 1679 },
        { "id": 0, "xpos": 7420, "ypos": 1784 },
        { "id": 0, "xpos": 7443, "ypos": 1880 },
        { "id": 0, "xpos": 8514, "ypos": 1502 },
        { "id": 0, "xpos": 8435, "ypos": 1465 },
        { "id": 0, "xpos": 8338, "ypos": 1579 },
        { "id": 0, "xpos": 8381, "ypos": 1651 },
        { "id": 0, "xpos": 11604, "ypos": 439 },
        { "id": 0, "xpos": 11683, "ypos": 439 },
        { "id": 6, "xpos": 6825, "ypos": 1618 },
        { "id": 26, "xpos": 3668, "ypos": 1108 },
        { "id": 25, "xpos": 3592, "ypos": 1171 },
        { "id": 25, "xpos": 4098, "ypos": 1171 },
        { "id": 26, "xpos": 4179, "ypos": 1107 },
        { "id": 25, "xpos": 10289, "ypos": 1198 },
        { "id": 25, "xpos": 10530, "ypos": 1198 },
        { "id": 19, "xpos": 8422, "ypos": 1940 },
        { "id": 19, "xpos": 8422, "ypos": 2030 },
        { "id": 0, "xpos": 1312, "ypos": 871 },
        { "id": 0, "xpos": 1404, "ypos": 848 },
        { "id": 0, "xpos": 1438, "ypos": 769 },
        { "id": 0, "xpos": 1415, "ypos": 694 },
        { "id": 0, "xpos": 1316, "ypos": 666 },
        { "id": 0, "xpos": 1223, "ypos": 686 },
        { "id": 0, "xpos": 1201, "ypos": 780 },
        { "id": 0, "xpos": 1203, "ypos": 872 },
        { "id": 0, "xpos": 1204, "ypos": 968 },
        { "id": 0, "xpos": 1227, "ypos": 1079 },
        { "id": 0, "xpos": 1319, "ypos": 1104 },
        { "id": 0, "xpos": 1414, "ypos": 1104 },
        { "id": 0, "xpos": 1518, "ypos": 1104 },
        { "id": 0, "xpos": 111, "ypos": 782 },
        { "id": 0, "xpos": 176, "ypos": 782 },
        { "id": 0, "xpos": 250, "ypos": 782 },
        { "id": 36, "xpos": 3933, "ypos": 1189 },
        { "id": 20, "xpos": 3795, "ypos": 1171 },
        { "id": 22, "xpos": 7186, "ypos": 1915 },
        { "id": 38, "xpos": 2320, "ypos": 1752 },
        { "id": 38, "xpos": 2352, "ypos": 1752 },
        { "id": 38, "xpos": 2384, "ypos": 1752 },
        { "id": 38, "xpos": 2416, "ypos": 1752 },
        { "id": 38, "xpos": 2448, "ypos": 1752 },
        { "id": 38, "xpos": 2480, "ypos": 1752 },
        { "id": 38, "xpos": 2512, "ypos": 1752 },
        { "id": 38, "xpos": 2544, "ypos": 1752 },
        { "id": 38, "xpos": 2576, "ypos": 1752 },
        { "id": 38, "xpos": 2608, "ypos": 1752 },
        { "id": 38, "xpos": 2640, "ypos": 1752 },
        { "id": 38, "xpos": 2672, "ypos": 1752 },
        { "id": 38, "xpos": 2704, "ypos": 1752 },
        { "id": 38, "xpos": 3902, "ypos": 1302 },
        { "id": 43, "xpos": 5248, "ypos": 1784 },
        { "id": 44, "xpos": 5984, "ypos": 1160 },
        { "id": 22, "xpos": 1584, "ypos": 1616 },
        { "id": 34, "xpos": 8352, "ypos": 1464 },
        { "id": 33, "xpos": 8488, "ypos": 1464 },
        { "id": 33, "xpos": 1218, "ypos": 650 },
        { "id": 34, "xpos": 1381, "ypos": 650 },
        { "id": 34, "xpos": 4672, "ypos": 920 },
        { "id": 33, "xpos": 4528, "ypos": 920 }
    ],
    "enemylist": [
        { "id": 1, "xpos": 1605, "ypos": 1269 },
        { "id": 1, "xpos": 1698, "ypos": 1403 },
        { "id": 2, "xpos": 2489, "ypos": 1601 },
        { "id": 6, "xpos": 8869, "ypos": 1426 },
        { "id": 6, "xpos": 11519, "ypos": 786 },
        { "id": 7, "xpos": 7453, "ypos": 1499 },
        { "id": 7, "xpos": 7693, "ypos": 1499 },
        { "id": 6, "xpos": 11130, "ypos": 534 },
        { "id": 2, "xpos": 9858, "ypos": 1429 }
    ]
}
