{
    "name":         "Exotic Paradise",
    "act":          1,
    "theme":        "data/themes/island.bricks.json",
    "bgtheme":      "data/themes/island.bg.json",
    "grouptheme":   "data/themes/island.group.json",
    "spawn_point":  { "x": 25, "y": 5900 },
    "music":        "data/music/luminous_vein.mp4",
    "dialogbox": [
        {
                    "xpos": 6483,
                    "ypos": 2996,
                    "width": 163,
                    "height": 86,
                    "title": "EP_1_TITLE_0",
                    "message": "EP_1_MSG_0"
        }
    ],
    "bricklist": [
        { "id": 61, "xpos": 3342, "ypos": 5975 },
        { "id": 61, "xpos": 3262, "ypos": 5975 },
        { "id": 61, "xpos": 0, "ypos": 5975 },
        { "id": 61, "xpos": 80, "ypos": 5975 },
        { "id": 61, "xpos": 160, "ypos": 5975 },
        { "id": 61, "xpos": 240, "ypos": 5975 },
        { "id": 61, "xpos": 320, "ypos": 5975 },
        { "id": 61, "xpos": 400, "ypos": 5975 },
        { "id": 61, "xpos": 480, "ypos": 5975 },
        { "id": 61, "xpos": 560, "ypos": 5975 },
        { "id": 61, "xpos": 640, "ypos": 5975 },
        { "id": 61, "xpos": 720, "ypos": 5975 },
        { "id": 61, "xpos": 800, "ypos": 5975 },
        { "id": 61, "xpos": 880, "ypos": 5975 },
        { "id": 61, "xpos": 894, "ypos": 5975 },
        { "id": 61, "xpos": 974, "ypos": 5975 },
        { "id": 61, "xpos": 1054, "ypos": 5975 },
        { "id": 61, "xpos": 1134, "ypos": 5975 },
        { "id": 61, "xpos": 1214, "ypos": 5975 },
        { "id": 61, "xpos": 1294, "ypos": 5975 },
        { "id": 61, "xpos": 1374, "ypos": 5975 },
        { "id": 61, "xpos": 1454, "ypos": 5975 },
        { "id": 61, "xpos": 1534, "ypos": 5975 },
        { "id": 61, "xpos": 1614, "ypos": 5975 },
        { "id": 61, "xpos": 1694, "ypos": 5975 },
        { "id": 61, "xpos": 1774, "ypos": 5975 },
        { "id": 61, "xpos": 1854, "ypos": 5975 },
        { "id": 61, "xpos": 1934, "ypos": 5975 },
        { "id": 61, "xpos": 2014, "ypos": 5975 },
        { "id": 61, "xpos": 2094, "ypos": 5975 },
        { "id": 61, "xpos": 2174, "ypos": 5975 },
        { "id": 61, "xpos": 2254, "ypos": 5975 },
        { "id": 61, "xpos": 2272, "ypos": 5975 },
        { "id": 61, "xpos": 887, "ypos": 5946 },
        { "id": 61, "xpos": 894, "ypos": 5945 },
        { "id": 6, "xpos": 800, "ypos": 5938 },
        { "id": 0, "xpos": 0, "ypos": 5936 },
        { "id": 0, "xpos": 144, "ypos": 5936 },
        { "id": 0, "xpos": 264, "ypos": 5936 },
        { "id": 0, "xpos": 359, "ypos": 5936 },
        { "id": 0, "xpos": 490, "ypos": 5936 },
        { "id": 0, "xpos": 624, "ypos": 5936 },
        { "id": 0, "xpos": 656, "ypos": 5936 },
        { "id": 61, "xpos": 1724, "ypos": 5931 },
        { "id": 7, "xpos": 3134, "ypos": 5921 },
        { "id": 7, "xpos": 3006, "ypos": 5921 },
        { "id": 7, "xpos": 2352, "ypos": 5921 },
        { "id": 7, "xpos": 5870, "ypos": 5921 },
        { "id": 7, "xpos": 6502, "ypos": 5921 },
        { "id": 61, "xpos": 974, "ypos": 5915 },
        { "id": 61, "xpos": 1054, "ypos": 5915 },
        { "id": 61, "xpos": 1134, "ypos": 5915 },
        { "id": 61, "xpos": 1214, "ypos": 5915 },
        { "id": 61, "xpos": 1294, "ypos": 5915 },
        { "id": 61, "xpos": 1325, "ypos": 5915 },
        { "id": 61, "xpos": 1405, "ypos": 5915 },
        { "id": 61, "xpos": 1485, "ypos": 5915 },
        { "id": 61, "xpos": 1565, "ypos": 5915 },
        { "id": 61, "xpos": 1645, "ypos": 5915 },
        { "id": 61, "xpos": 1766, "ypos": 5915 },
        { "id": 61, "xpos": 3822, "ypos": 5914 },
        { "id": 61, "xpos": 3742, "ypos": 5914 },
        { "id": 61, "xpos": 3662, "ypos": 5914 },
        { "id": 61, "xpos": 3582, "ypos": 5914 },
        { "id": 61, "xpos": 3502, "ypos": 5914 },
        { "id": 61, "xpos": 3422, "ypos": 5914 },
        { "id": 61, "xpos": 3342, "ypos": 5914 },
        { "id": 61, "xpos": 3262, "ypos": 5914 },
        { "id": 61, "xpos": 1816, "ypos": 5911 },
        { "id": 61, "xpos": 1896, "ypos": 5911 },
        { "id": 61, "xpos": 1976, "ypos": 5911 },
        { "id": 61, "xpos": 2056, "ypos": 5911 },
        { "id": 61, "xpos": 2136, "ypos": 5911 },
        { "id": 61, "xpos": 2216, "ypos": 5911 },
        { "id": 61, "xpos": 2272, "ypos": 5911 },
        { "id": 6, "xpos": 887, "ypos": 5908 },
        { "id": 7, "xpos": 3134, "ypos": 5893 },
        { "id": 62, "xpos": 3094, "ypos": 5881 },
        { "id": 0, "xpos": 974, "ypos": 5876 },
        { "id": 0, "xpos": 1118, "ypos": 5876 },
        { "id": 0, "xpos": 1261, "ypos": 5876 },
        { "id": 7, "xpos": 5870, "ypos": 5876 },
        { "id": 62, "xpos": 3094, "ypos": 5875 },
        { "id": 61, "xpos": 1405, "ypos": 5875 },
        { "id": 61, "xpos": 1485, "ypos": 5875 },
        { "id": 61, "xpos": 1565, "ypos": 5875 },
        { "id": 61, "xpos": 1645, "ypos": 5875 },
        { "id": 61, "xpos": 1725, "ypos": 5875 },
        { "id": 61, "xpos": 1736, "ypos": 5875 },
        { "id": 7, "xpos": 4029, "ypos": 5860 },
        { "id": 7, "xpos": 3902, "ypos": 5860 },
        { "id": 61, "xpos": 3822, "ypos": 5840 },
        { "id": 61, "xpos": 3742, "ypos": 5840 },
        { "id": 61, "xpos": 3662, "ypos": 5840 },
        { "id": 61, "xpos": 3582, "ypos": 5840 },
        { "id": 61, "xpos": 3502, "ypos": 5840 },
        { "id": 61, "xpos": 3422, "ypos": 5840 },
        { "id": 61, "xpos": 3342, "ypos": 5840 },
        { "id": 61, "xpos": 3262, "ypos": 5840 },
        { "id": 0, "xpos": 1547, "ypos": 5837 },
        { "id": 0, "xpos": 1672, "ypos": 5837 },
        { "id": 0, "xpos": 1405, "ypos": 5837 },
        { "id": 61, "xpos": 1816, "ypos": 5837 },
        { "id": 7, "xpos": 2352, "ypos": 5837 },
        { "id": 61, "xpos": 1896, "ypos": 5837 },
        { "id": 61, "xpos": 1976, "ypos": 5837 },
        { "id": 61, "xpos": 2056, "ypos": 5837 },
        { "id": 61, "xpos": 2136, "ypos": 5837 },
        { "id": 61, "xpos": 2216, "ypos": 5837 },
        { "id": 61, "xpos": 2272, "ypos": 5837 },
        { "id": 62, "xpos": 3094, "ypos": 5835 },
        { "id": 7, "xpos": 6502, "ypos": 5821 },
        { "id": 62, "xpos": 3349, "ypos": 5800 },
        { "id": 62, "xpos": 3342, "ypos": 5800 },
        { "id": 62, "xpos": 3302, "ypos": 5800 },
        { "id": 62, "xpos": 3262, "ypos": 5800 },
        { "id": 0, "xpos": 1815, "ypos": 5798 },
        { "id": 0, "xpos": 1930, "ypos": 5798 },
        { "id": 0, "xpos": 2069, "ypos": 5798 },
        { "id": 0, "xpos": 2208, "ypos": 5798 },
        { "id": 61, "xpos": 3822, "ypos": 5779 },
        { "id": 61, "xpos": 3789, "ypos": 5779 },
        { "id": 61, "xpos": 3709, "ypos": 5779 },
        { "id": 61, "xpos": 3629, "ypos": 5779 },
        { "id": 61, "xpos": 3549, "ypos": 5779 },
        { "id": 61, "xpos": 3469, "ypos": 5779 },
        { "id": 61, "xpos": 3389, "ypos": 5779 },
        { "id": 6, "xpos": 3302, "ypos": 5772 },
        { "id": 2, "xpos": 3262, "ypos": 5770 },
        { "id": 7, "xpos": 6502, "ypos": 5766 },
        { "id": 7, "xpos": 3134, "ypos": 5765 },
        { "id": 2, "xpos": 3094, "ypos": 5764 },
        { "id": 7, "xpos": 5870, "ypos": 5748 },
        { "id": 0, "xpos": 3758, "ypos": 5740 },
        { "id": 0, "xpos": 3677, "ypos": 5740 },
        { "id": 0, "xpos": 3533, "ypos": 5740 },
        { "id": 0, "xpos": 3389, "ypos": 5740 },
        { "id": 7, "xpos": 4029, "ypos": 5732 },
        { "id": 7, "xpos": 3902, "ypos": 5732 },
        { "id": 7, "xpos": 2352, "ypos": 5709 },
        { "id": 7, "xpos": 6502, "ypos": 5691 },
        { "id": 7, "xpos": 5870, "ypos": 5620 },
        { "id": 7, "xpos": 6502, "ypos": 5616 },
        { "id": 7, "xpos": 4029, "ypos": 5604 },
        { "id": 7, "xpos": 3902, "ypos": 5604 },
        { "id": 7, "xpos": 2352, "ypos": 5581 },
        { "id": 7, "xpos": 2120, "ypos": 5581 },
        { "id": 7, "xpos": 3006, "ypos": 5573 },
        { "id": 7, "xpos": 6502, "ypos": 5541 },
        { "id": 7, "xpos": 5870, "ypos": 5492 },
        { "id": 7, "xpos": 4029, "ypos": 5476 },
        { "id": 7, "xpos": 3902, "ypos": 5476 },
        { "id": 7, "xpos": 6502, "ypos": 5461 },
        { "id": 7, "xpos": 2352, "ypos": 5453 },
        { "id": 7, "xpos": 2120, "ypos": 5453 },
        { "id": 7, "xpos": 3006, "ypos": 5445 },
        { "id": 7, "xpos": 3134, "ypos": 5445 },
        { "id": 7, "xpos": 6502, "ypos": 5386 },
        { "id": 7, "xpos": 5870, "ypos": 5364 },
        { "id": 7, "xpos": 4029, "ypos": 5349 },
        { "id": 7, "xpos": 2120, "ypos": 5325 },
        { "id": 7, "xpos": 3006, "ypos": 5317 },
        { "id": 7, "xpos": 6502, "ypos": 5316 },
        { "id": 7, "xpos": 104, "ypos": 5245 },
        { "id": 7, "xpos": 5870, "ypos": 5236 },
        { "id": 7, "xpos": 6502, "ypos": 5231 },
        { "id": 7, "xpos": 4029, "ypos": 5222 },
        { "id": 7, "xpos": 3901, "ypos": 5222 },
        { "id": 7, "xpos": 1588, "ypos": 5207 },
        { "id": 7, "xpos": 3006, "ypos": 5197 },
        { "id": 7, "xpos": 2120, "ypos": 5197 },
        { "id": 7, "xpos": 2248, "ypos": 5197 },
        { "id": 2, "xpos": 3611, "ypos": 5190 },
        { "id": 2, "xpos": 3291, "ypos": 5190 },
        { "id": 7, "xpos": 6502, "ypos": 5151 },
        { "id": 61, "xpos": 4029, "ypos": 5149 },
        { "id": 61, "xpos": 4029, "ypos": 5141 },
        { "id": 7, "xpos": 5870, "ypos": 5108 },
        { "id": 7, "xpos": 3901, "ypos": 5094 },
        { "id": 7, "xpos": 6502, "ypos": 5076 },
        { "id": 1, "xpos": 0, "ypos": 5069 },
        { "id": 1, "xpos": 15, "ypos": 5069 },
        { "id": 1, "xpos": 145, "ypos": 5069 },
        { "id": 1, "xpos": 145, "ypos": 5069 },
        { "id": 1, "xpos": 150, "ypos": 5069 },
        { "id": 1, "xpos": 240, "ypos": 5069 },
        { "id": 1, "xpos": 320, "ypos": 5069 },
        { "id": 1, "xpos": 415, "ypos": 5069 },
        { "id": 1, "xpos": 495, "ypos": 5069 },
        { "id": 1, "xpos": 585, "ypos": 5069 },
        { "id": 1, "xpos": 665, "ypos": 5069 },
        { "id": 1, "xpos": 745, "ypos": 5069 },
        { "id": 1, "xpos": 825, "ypos": 5069 },
        { "id": 1, "xpos": 910, "ypos": 5069 },
        { "id": 1, "xpos": 985, "ypos": 5069 },
        { "id": 1, "xpos": 1075, "ypos": 5069 },
        { "id": 1, "xpos": 1150, "ypos": 5069 },
        { "id": 1, "xpos": 1230, "ypos": 5069 },
        { "id": 1, "xpos": 1315, "ypos": 5069 },
        { "id": 1, "xpos": 1400, "ypos": 5069 },
        { "id": 1, "xpos": 1480, "ypos": 5069 },
        { "id": 1, "xpos": 1560, "ypos": 5069 },
        { "id": 1, "xpos": 1640, "ypos": 5069 },
        { "id": 1, "xpos": 1710, "ypos": 5069 },
        { "id": 1, "xpos": 1790, "ypos": 5069 },
        { "id": 1, "xpos": 1875, "ypos": 5069 },
        { "id": 1, "xpos": 1955, "ypos": 5069 },
        { "id": 1, "xpos": 2035, "ypos": 5069 },
        { "id": 1, "xpos": 2105, "ypos": 5069 },
        { "id": 7, "xpos": 3006, "ypos": 5069 },
        { "id": 7, "xpos": 2888, "ypos": 5069 },
        { "id": 7, "xpos": 2760, "ypos": 5069 },
        { "id": 7, "xpos": 2632, "ypos": 5069 },
        { "id": 7, "xpos": 2504, "ypos": 5069 },
        { "id": 7, "xpos": 2376, "ypos": 5069 },
        { "id": 7, "xpos": 2248, "ypos": 5069 },
        { "id": 61, "xpos": 4029, "ypos": 5067 },
        { "id": 61, "xpos": 4029, "ypos": 4993 },
        { "id": 7, "xpos": 6502, "ypos": 4981 },
        { "id": 7, "xpos": 5870, "ypos": 4980 },
        { "id": 7, "xpos": 3901, "ypos": 4966 },
        { "id": 7, "xpos": 3262, "ypos": 4943 },
        { "id": 7, "xpos": 3134, "ypos": 4943 },
        { "id": 7, "xpos": 3006, "ypos": 4942 },
        { "id": 61, "xpos": 4029, "ypos": 4919 },
        { "id": 7, "xpos": 6502, "ypos": 4901 },
        { "id": 2, "xpos": 3223, "ypos": 4872 },
        { "id": 7, "xpos": 5870, "ypos": 4852 },
        { "id": 61, "xpos": 4029, "ypos": 4845 },
        { "id": 7, "xpos": 3901, "ypos": 4839 },
        { "id": 7, "xpos": 6502, "ypos": 4831 },
        { "id": 7, "xpos": 3263, "ypos": 4815 },
        { "id": 7, "xpos": 3773, "ypos": 4788 },
        { "id": 61, "xpos": 4029, "ypos": 4771 },
        { "id": 7, "xpos": 5742, "ypos": 4763 },
        { "id": 7, "xpos": 6502, "ypos": 4741 },
        { "id": 61, "xpos": 4636, "ypos": 4726 },
        { "id": 61, "xpos": 4716, "ypos": 4726 },
        { "id": 7, "xpos": 5870, "ypos": 4724 },
        { "id": 7, "xpos": 3901, "ypos": 4712 },
        { "id": 61, "xpos": 4029, "ypos": 4697 },
        { "id": 61, "xpos": 4109, "ypos": 4697 },
        { "id": 61, "xpos": 4189, "ypos": 4697 },
        { "id": 61, "xpos": 4269, "ypos": 4697 },
        { "id": 61, "xpos": 4349, "ypos": 4697 },
        { "id": 61, "xpos": 4429, "ypos": 4697 },
        { "id": 7, "xpos": 3263, "ypos": 4687 },
        { "id": 7, "xpos": 6502, "ypos": 4661 },
        { "id": 61, "xpos": 4636, "ypos": 4652 },
        { "id": 61, "xpos": 4716, "ypos": 4652 },
        { "id": 61, "xpos": 4796, "ypos": 4652 },
        { "id": 2, "xpos": 3079, "ypos": 4648 },
        { "id": 7, "xpos": 5742, "ypos": 4635 },
        { "id": 61, "xpos": 4029, "ypos": 4623 },
        { "id": 61, "xpos": 4109, "ypos": 4623 },
        { "id": 61, "xpos": 4189, "ypos": 4623 },
        { "id": 61, "xpos": 4269, "ypos": 4623 },
        { "id": 61, "xpos": 4349, "ypos": 4623 },
        { "id": 61, "xpos": 4429, "ypos": 4623 },
        { "id": 7, "xpos": 5870, "ypos": 4596 },
        { "id": 17, "xpos": 4509, "ypos": 4585 },
        { "id": 7, "xpos": 3901, "ypos": 4584 },
        { "id": 0, "xpos": 4029, "ypos": 4584 },
        { "id": 0, "xpos": 4303, "ypos": 4584 },
        { "id": 0, "xpos": 4169, "ypos": 4584 },
        { "id": 0, "xpos": 4365, "ypos": 4584 },
        { "id": 7, "xpos": 6502, "ypos": 4581 },
        { "id": 61, "xpos": 4636, "ypos": 4578 },
        { "id": 61, "xpos": 4716, "ypos": 4578 },
        { "id": 61, "xpos": 4796, "ypos": 4578 },
        { "id": 61, "xpos": 4876, "ypos": 4578 },
        { "id": 61, "xpos": 4956, "ypos": 4578 },
        { "id": 61, "xpos": 5036, "ypos": 4578 },
        { "id": 61, "xpos": 5116, "ypos": 4578 },
        { "id": 61, "xpos": 5196, "ypos": 4578 },
        { "id": 61, "xpos": 5276, "ypos": 4578 },
        { "id": 61, "xpos": 5356, "ypos": 4578 },
        { "id": 61, "xpos": 5370, "ypos": 4578 },
        { "id": 61, "xpos": 5450, "ypos": 4578 },
        { "id": 61, "xpos": 5530, "ypos": 4578 },
        { "id": 61, "xpos": 5609, "ypos": 4578 },
        { "id": 7, "xpos": 3263, "ypos": 4559 },
        { "id": 61, "xpos": 5449, "ypos": 4527 },
        { "id": 61, "xpos": 5529, "ypos": 4527 },
        { "id": 61, "xpos": 5609, "ypos": 4527 },
        { "id": 7, "xpos": 5742, "ypos": 4507 },
        { "id": 61, "xpos": 4636, "ypos": 4504 },
        { "id": 61, "xpos": 4716, "ypos": 4504 },
        { "id": 61, "xpos": 4796, "ypos": 4504 },
        { "id": 61, "xpos": 4876, "ypos": 4504 },
        { "id": 61, "xpos": 4956, "ypos": 4504 },
        { "id": 61, "xpos": 5036, "ypos": 4504 },
        { "id": 61, "xpos": 5116, "ypos": 4504 },
        { "id": 61, "xpos": 5196, "ypos": 4504 },
        { "id": 61, "xpos": 5276, "ypos": 4504 },
        { "id": 61, "xpos": 5356, "ypos": 4504 },
        { "id": 61, "xpos": 5370, "ypos": 4504 },
        { "id": 7, "xpos": 6502, "ypos": 4501 },
        { "id": 7, "xpos": 5870, "ypos": 4468 },
        { "id": 0, "xpos": 4636, "ypos": 4465 },
        { "id": 0, "xpos": 4721, "ypos": 4465 },
        { "id": 0, "xpos": 4811, "ypos": 4465 },
        { "id": 0, "xpos": 4891, "ypos": 4465 },
        { "id": 0, "xpos": 5034, "ypos": 4465 },
        { "id": 0, "xpos": 5163, "ypos": 4465 },
        { "id": 0, "xpos": 5292, "ypos": 4465 },
        { "id": 0, "xpos": 5306, "ypos": 4465 },
        { "id": 61, "xpos": 5449, "ypos": 4453 },
        { "id": 61, "xpos": 5529, "ypos": 4453 },
        { "id": 61, "xpos": 5609, "ypos": 4453 },
        { "id": 7, "xpos": 3263, "ypos": 4431 },
        { "id": 7, "xpos": 3645, "ypos": 4431 },
        { "id": 7, "xpos": 3517, "ypos": 4431 },
        { "id": 7, "xpos": 3389, "ypos": 4431 },
        { "id": 7, "xpos": 3902, "ypos": 4394 },
        { "id": 61, "xpos": 5449, "ypos": 4379 },
        { "id": 61, "xpos": 5529, "ypos": 4379 },
        { "id": 61, "xpos": 5609, "ypos": 4379 },
        { "id": 7, "xpos": 5742, "ypos": 4379 },
        { "id": 7, "xpos": 6502, "ypos": 4373 },
        { "id": 7, "xpos": 5870, "ypos": 4340 },
        { "id": 61, "xpos": 5449, "ypos": 4305 },
        { "id": 61, "xpos": 5529, "ypos": 4305 },
        { "id": 61, "xpos": 5609, "ypos": 4305 },
        { "id": 61, "xpos": 5689, "ypos": 4305 },
        { "id": 61, "xpos": 5769, "ypos": 4305 },
        { "id": 61, "xpos": 5790, "ypos": 4305 },
        { "id": 7, "xpos": 3517, "ypos": 4303 },
        { "id": 7, "xpos": 3645, "ypos": 4303 },
        { "id": 8, "xpos": 4648, "ypos": 4273 },
        { "id": 8, "xpos": 4776, "ypos": 4273 },
        { "id": 8, "xpos": 4904, "ypos": 4273 },
        { "id": 7, "xpos": 3902, "ypos": 4266 },
        { "id": 7, "xpos": 3774, "ypos": 4266 },
        { "id": 7, "xpos": 3773, "ypos": 4266 },
        { "id": 7, "xpos": 6502, "ypos": 4245 },
        { "id": 61, "xpos": 5413, "ypos": 4231 },
        { "id": 61, "xpos": 5493, "ypos": 4231 },
        { "id": 61, "xpos": 5573, "ypos": 4231 },
        { "id": 61, "xpos": 5653, "ypos": 4231 },
        { "id": 61, "xpos": 5733, "ypos": 4231 },
        { "id": 61, "xpos": 5790, "ypos": 4231 },
        { "id": 7, "xpos": 5870, "ypos": 4212 },
        { "id": 0, "xpos": 5413, "ypos": 4192 },
        { "id": 0, "xpos": 5546, "ypos": 4192 },
        { "id": 0, "xpos": 5636, "ypos": 4192 },
        { "id": 0, "xpos": 5726, "ypos": 4192 },
        { "id": 8, "xpos": 4648, "ypos": 4145 },
        { "id": 8, "xpos": 4776, "ypos": 4145 },
        { "id": 8, "xpos": 4904, "ypos": 4145 },
        { "id": 7, "xpos": 3773, "ypos": 4138 },
        { "id": 7, "xpos": 3901, "ypos": 4138 },
        { "id": 7, "xpos": 3903, "ypos": 4138 },
        { "id": 7, "xpos": 6502, "ypos": 4117 },
        { "id": 7, "xpos": 5870, "ypos": 4084 },
        { "id": 2, "xpos": 4031, "ypos": 4066 },
        { "id": 8, "xpos": 4648, "ypos": 4017 },
        { "id": 8, "xpos": 4776, "ypos": 4017 },
        { "id": 7, "xpos": 3903, "ypos": 4010 },
        { "id": 7, "xpos": 6502, "ypos": 3989 },
        { "id": 2, "xpos": 4992, "ypos": 3974 },
        { "id": 7, "xpos": 5870, "ypos": 3957 },
        { "id": 2, "xpos": 5718, "ypos": 3939 },
        { "id": 8, "xpos": 4648, "ypos": 3889 },
        { "id": 7, "xpos": 3903, "ypos": 3882 },
        { "id": 7, "xpos": 6502, "ypos": 3861 },
        { "id": 7, "xpos": 6502, "ypos": 3860 },
        { "id": 7, "xpos": 5870, "ypos": 3829 },
        { "id": 1, "xpos": 5998, "ypos": 3829 },
        { "id": 1, "xpos": 6058, "ypos": 3829 },
        { "id": 1, "xpos": 6133, "ypos": 3829 },
        { "id": 1, "xpos": 6213, "ypos": 3829 },
        { "id": 1, "xpos": 6283, "ypos": 3829 },
        { "id": 1, "xpos": 6358, "ypos": 3829 },
        { "id": 1, "xpos": 6433, "ypos": 3829 },
        { "id": 1, "xpos": 6518, "ypos": 3829 },
        { "id": 1, "xpos": 6603, "ypos": 3829 },
        { "id": 1, "xpos": 6609, "ypos": 3829 },
        { "id": 61, "xpos": 6788, "ypos": 3786 },
        { "id": 61, "xpos": 6816, "ypos": 3786 },
        { "id": 61, "xpos": 6788, "ypos": 3781 },
        { "id": 61, "xpos": 6816, "ypos": 3781 },
        { "id": 8, "xpos": 4648, "ypos": 3761 },
        { "id": 61, "xpos": 6788, "ypos": 3707 },
        { "id": 61, "xpos": 6816, "ypos": 3707 },
        { "id": 7, "xpos": 5870, "ypos": 3638 },
        { "id": 7, "xpos": 4648, "ypos": 3633 },
        { "id": 61, "xpos": 6788, "ypos": 3633 },
        { "id": 61, "xpos": 6816, "ypos": 3633 },
        { "id": 2, "xpos": 4879, "ypos": 3608 },
        { "id": 61, "xpos": 6788, "ypos": 3559 },
        { "id": 61, "xpos": 6816, "ypos": 3559 },
        { "id": 7, "xpos": 5870, "ypos": 3510 },
        { "id": 1, "xpos": 5998, "ypos": 3510 },
        { "id": 1, "xpos": 6068, "ypos": 3510 },
        { "id": 1, "xpos": 6148, "ypos": 3510 },
        { "id": 1, "xpos": 6233, "ypos": 3510 },
        { "id": 7, "xpos": 6502, "ypos": 3510 },
        { "id": 1, "xpos": 6359, "ypos": 3510 },
        { "id": 2, "xpos": 5830, "ypos": 3510 },
        { "id": 2, "xpos": 5792, "ypos": 3510 },
        { "id": 2, "xpos": 5752, "ypos": 3510 },
        { "id": 7, "xpos": 4648, "ypos": 3505 },
        { "id": 61, "xpos": 6788, "ypos": 3485 },
        { "id": 61, "xpos": 6816, "ypos": 3485 },
        { "id": 61, "xpos": 6788, "ypos": 3411 },
        { "id": 61, "xpos": 6816, "ypos": 3411 },
        { "id": 7, "xpos": 4648, "ypos": 3377 },
        { "id": 61, "xpos": 6788, "ypos": 3337 },
        { "id": 61, "xpos": 6816, "ypos": 3337 },
        { "id": 7, "xpos": 5870, "ypos": 3318 },
        { "id": 7, "xpos": 6502, "ypos": 3318 },
        { "id": 1, "xpos": 6359, "ypos": 3318 },
        { "id": 1, "xpos": 6309, "ypos": 3318 },
        { "id": 1, "xpos": 6229, "ypos": 3318 },
        { "id": 1, "xpos": 6144, "ypos": 3318 },
        { "id": 1, "xpos": 6064, "ypos": 3318 },
        { "id": 1, "xpos": 5998, "ypos": 3318 },
        { "id": 61, "xpos": 6788, "ypos": 3263 },
        { "id": 61, "xpos": 6816, "ypos": 3263 },
        { "id": 1, "xpos": 4776, "ypos": 3250 },
        { "id": 1, "xpos": 4842, "ypos": 3250 },
        { "id": 1, "xpos": 4927, "ypos": 3250 },
        { "id": 1, "xpos": 5003, "ypos": 3250 },
        { "id": 1, "xpos": 5078, "ypos": 3250 },
        { "id": 1, "xpos": 5164, "ypos": 3250 },
        { "id": 1, "xpos": 5244, "ypos": 3250 },
        { "id": 1, "xpos": 5329, "ypos": 3250 },
        { "id": 1, "xpos": 5429, "ypos": 3250 },
        { "id": 1, "xpos": 0, "ypos": 3249 },
        { "id": 1, "xpos": 26, "ypos": 3249 },
        { "id": 1, "xpos": 140, "ypos": 3249 },
        { "id": 1, "xpos": 175, "ypos": 3249 },
        { "id": 1, "xpos": 255, "ypos": 3249 },
        { "id": 1, "xpos": 345, "ypos": 3249 },
        { "id": 1, "xpos": 435, "ypos": 3249 },
        { "id": 1, "xpos": 530, "ypos": 3249 },
        { "id": 1, "xpos": 615, "ypos": 3249 },
        { "id": 1, "xpos": 700, "ypos": 3249 },
        { "id": 1, "xpos": 785, "ypos": 3249 },
        { "id": 1, "xpos": 880, "ypos": 3249 },
        { "id": 1, "xpos": 960, "ypos": 3249 },
        { "id": 1, "xpos": 1050, "ypos": 3249 },
        { "id": 1, "xpos": 1135, "ypos": 3249 },
        { "id": 1, "xpos": 1215, "ypos": 3249 },
        { "id": 1, "xpos": 1295, "ypos": 3249 },
        { "id": 1, "xpos": 1385, "ypos": 3249 },
        { "id": 1, "xpos": 1470, "ypos": 3249 },
        { "id": 1, "xpos": 1540, "ypos": 3249 },
        { "id": 1, "xpos": 1625, "ypos": 3249 },
        { "id": 1, "xpos": 1715, "ypos": 3249 },
        { "id": 1, "xpos": 1795, "ypos": 3249 },
        { "id": 1, "xpos": 1880, "ypos": 3249 },
        { "id": 1, "xpos": 1965, "ypos": 3249 },
        { "id": 1, "xpos": 2050, "ypos": 3249 },
        { "id": 1, "xpos": 2135, "ypos": 3249 },
        { "id": 1, "xpos": 2215, "ypos": 3249 },
        { "id": 1, "xpos": 2300, "ypos": 3249 },
        { "id": 1, "xpos": 2380, "ypos": 3249 },
        { "id": 1, "xpos": 2460, "ypos": 3249 },
        { "id": 1, "xpos": 2545, "ypos": 3249 },
        { "id": 1, "xpos": 2635, "ypos": 3249 },
        { "id": 1, "xpos": 2705, "ypos": 3249 },
        { "id": 1, "xpos": 2790, "ypos": 3249 },
        { "id": 1, "xpos": 2875, "ypos": 3249 },
        { "id": 1, "xpos": 2950, "ypos": 3249 },
        { "id": 1, "xpos": 3030, "ypos": 3249 },
        { "id": 1, "xpos": 3125, "ypos": 3249 },
        { "id": 1, "xpos": 3215, "ypos": 3249 },
        { "id": 1, "xpos": 3305, "ypos": 3249 },
        { "id": 1, "xpos": 3395, "ypos": 3249 },
        { "id": 1, "xpos": 3490, "ypos": 3249 },
        { "id": 1, "xpos": 3565, "ypos": 3249 },
        { "id": 1, "xpos": 3670, "ypos": 3249 },
        { "id": 1, "xpos": 3740, "ypos": 3249 },
        { "id": 1, "xpos": 3815, "ypos": 3249 },
        { "id": 1, "xpos": 3905, "ypos": 3249 },
        { "id": 1, "xpos": 3980, "ypos": 3249 },
        { "id": 1, "xpos": 4055, "ypos": 3249 },
        { "id": 1, "xpos": 4135, "ypos": 3249 },
        { "id": 1, "xpos": 4205, "ypos": 3249 },
        { "id": 1, "xpos": 4295, "ypos": 3249 },
        { "id": 1, "xpos": 4375, "ypos": 3249 },
        { "id": 1, "xpos": 4445, "ypos": 3249 },
        { "id": 1, "xpos": 4505, "ypos": 3249 },
        { "id": 7, "xpos": 4648, "ypos": 3249 },
        { "id": 1, "xpos": 5524, "ypos": 3249 },
        { "id": 1, "xpos": 5620, "ypos": 3249 },
        { "id": 1, "xpos": 5727, "ypos": 3249 },
        { "id": 61, "xpos": 6422, "ypos": 3249 },
        { "id": 61, "xpos": 6342, "ypos": 3249 },
        { "id": 61, "xpos": 6262, "ypos": 3249 },
        { "id": 61, "xpos": 6182, "ypos": 3249 },
        { "id": 61, "xpos": 6102, "ypos": 3249 },
        { "id": 61, "xpos": 6022, "ypos": 3249 },
        { "id": 61, "xpos": 5998, "ypos": 3249 },
        { "id": 7, "xpos": 5870, "ypos": 3190 },
        { "id": 7, "xpos": 6502, "ypos": 3190 },
        { "id": 61, "xpos": 6788, "ypos": 3189 },
        { "id": 61, "xpos": 6816, "ypos": 3189 },
        { "id": 62, "xpos": 6752, "ypos": 3188 },
        { "id": 61, "xpos": 6422, "ypos": 3175 },
        { "id": 61, "xpos": 6342, "ypos": 3175 },
        { "id": 61, "xpos": 6262, "ypos": 3175 },
        { "id": 61, "xpos": 6182, "ypos": 3175 },
        { "id": 61, "xpos": 6102, "ypos": 3175 },
        { "id": 61, "xpos": 6022, "ypos": 3175 },
        { "id": 61, "xpos": 5998, "ypos": 3175 },
        { "id": 0, "xpos": 6752, "ypos": 3150 },
        { "id": 61, "xpos": 6422, "ypos": 3101 },
        { "id": 61, "xpos": 6342, "ypos": 3101 },
        { "id": 61, "xpos": 6262, "ypos": 3101 },
        { "id": 61, "xpos": 6182, "ypos": 3101 },
        { "id": 61, "xpos": 6102, "ypos": 3101 },
        { "id": 61, "xpos": 6022, "ypos": 3101 },
        { "id": 61, "xpos": 5998, "ypos": 3101 },
        { "id": 7, "xpos": 5870, "ypos": 3062 },
        { "id": 7, "xpos": 6502, "ypos": 3062 },
        { "id": 0, "xpos": 6358, "ypos": 3062 },
        { "id": 0, "xpos": 6283, "ypos": 3062 },
        { "id": 0, "xpos": 6203, "ypos": 3062 },
        { "id": 0, "xpos": 6123, "ypos": 3062 },
        { "id": 0, "xpos": 6033, "ypos": 3062 },
        { "id": 0, "xpos": 5998, "ypos": 3062 },
        { "id": 64, "xpos": 6470, "ypos": 3006 },
        { "id": 64, "xpos": 6438, "ypos": 3006 },
        { "id": 64, "xpos": 6406, "ypos": 3006 },
        { "id": 64, "xpos": 6374, "ypos": 3006 },
        { "id": 7, "xpos": 6374, "ypos": 2878 },
        { "id": 7, "xpos": 6502, "ypos": 2878 },
        { "id": 7, "xpos": 6630, "ypos": 2878 },
        { "id": 7, "xpos": 6758, "ypos": 2878 },
        { "id": 7, "xpos": 6768, "ypos": 2878 },
        { "id": 1, "xpos": 5915, "ypos": 1048 },
        { "id": 1, "xpos": 6046, "ypos": 1048 },
        { "id": 1, "xpos": 4650, "ypos": 1048 },
        { "id": 1, "xpos": 4735, "ypos": 1048 },
        { "id": 1, "xpos": 4865, "ypos": 1048 },
        { "id": 1, "xpos": 4941, "ypos": 1048 },
        { "id": 1, "xpos": 5016, "ypos": 1048 },
        { "id": 1, "xpos": 5111, "ypos": 1048 },
        { "id": 1, "xpos": 5201, "ypos": 1048 },
        { "id": 1, "xpos": 5286, "ypos": 1048 },
        { "id": 1, "xpos": 5401, "ypos": 1048 },
        { "id": 1, "xpos": 5481, "ypos": 1048 },
        { "id": 1, "xpos": 5546, "ypos": 1048 },
        { "id": 1, "xpos": 5626, "ypos": 1048 },
        { "id": 1, "xpos": 5686, "ypos": 1048 },
        { "id": 1, "xpos": 5780, "ypos": 1048 },
        { "id": 1, "xpos": 6172, "ypos": 1048 },
        { "id": 61, "xpos": 2334, "ypos": 784 },
        { "id": 61, "xpos": 2412, "ypos": 784 },
        { "id": 61, "xpos": 2492, "ypos": 784 },
        { "id": 61, "xpos": 2572, "ypos": 784 },
        { "id": 61, "xpos": 2652, "ypos": 784 },
        { "id": 61, "xpos": 2732, "ypos": 784 },
        { "id": 61, "xpos": 2812, "ypos": 784 },
        { "id": 61, "xpos": 2892, "ypos": 784 },
        { "id": 61, "xpos": 2972, "ypos": 784 },
        { "id": 61, "xpos": 3052, "ypos": 784 },
        { "id": 61, "xpos": 3132, "ypos": 784 },
        { "id": 61, "xpos": 2335, "ypos": 710 },
        { "id": 61, "xpos": 2412, "ypos": 710 },
        { "id": 61, "xpos": 2492, "ypos": 710 },
        { "id": 61, "xpos": 2572, "ypos": 710 },
        { "id": 61, "xpos": 2652, "ypos": 710 },
        { "id": 61, "xpos": 2732, "ypos": 710 },
        { "id": 61, "xpos": 2812, "ypos": 710 },
        { "id": 61, "xpos": 2892, "ypos": 710 },
        { "id": 61, "xpos": 2972, "ypos": 710 },
        { "id": 61, "xpos": 3052, "ypos": 710 },
        { "id": 61, "xpos": 3132, "ypos": 710 },
        { "id": 61, "xpos": 2335, "ypos": 636 },
        { "id": 61, "xpos": 2412, "ypos": 636 },
        { "id": 61, "xpos": 2492, "ypos": 636 },
        { "id": 61, "xpos": 2572, "ypos": 636 },
        { "id": 61, "xpos": 2652, "ypos": 636 },
        { "id": 61, "xpos": 2732, "ypos": 636 },
        { "id": 61, "xpos": 2812, "ypos": 636 },
        { "id": 61, "xpos": 2892, "ypos": 636 },
        { "id": 61, "xpos": 2972, "ypos": 636 },
        { "id": 61, "xpos": 3052, "ypos": 636 },
        { "id": 61, "xpos": 3132, "ypos": 636 },
        { "id": 1, "xpos": 4430, "ypos": 632 },
        { "id": 1, "xpos": 4787, "ypos": 632 },
        { "id": 1, "xpos": 4702, "ypos": 632 },
        { "id": 1, "xpos": 4296, "ypos": 632 },
        { "id": 1, "xpos": 4201, "ypos": 632 },
        { "id": 1, "xpos": 4121, "ypos": 632 },
        { "id": 1, "xpos": 4031, "ypos": 632 },
        { "id": 1, "xpos": 3956, "ypos": 632 },
        { "id": 1, "xpos": 3871, "ypos": 632 },
        { "id": 1, "xpos": 3752, "ypos": 632 },
        { "id": 1, "xpos": 3677, "ypos": 632 },
        { "id": 1, "xpos": 3582, "ypos": 632 },
        { "id": 1, "xpos": 3492, "ypos": 632 },
        { "id": 1, "xpos": 3407, "ypos": 632 },
        { "id": 1, "xpos": 3317, "ypos": 632 },
        { "id": 1, "xpos": 3212, "ypos": 632 },
        { "id": 1, "xpos": 4562, "ypos": 632 },
        { "id": 46, "xpos": 6205, "ypos": 628 },
        { "id": 46, "xpos": 6191, "ypos": 628 },
        { "id": 46, "xpos": 6156, "ypos": 628 },
        { "id": 46, "xpos": 6126, "ypos": 628 },
        { "id": 46, "xpos": 6071, "ypos": 628 },
        { "id": 46, "xpos": 6016, "ypos": 628 },
        { "id": 46, "xpos": 5981, "ypos": 628 },
        { "id": 46, "xpos": 5964, "ypos": 628 },
        { "id": 47, "xpos": 6294, "ypos": 628 },
        { "id": 47, "xpos": 5962, "ypos": 628 },
        { "id": 46, "xpos": 6205, "ypos": 627 },
        { "id": 46, "xpos": 6130, "ypos": 627 },
        { "id": 46, "xpos": 6070, "ypos": 627 },
        { "id": 0, "xpos": 5963, "ypos": 601 },
        { "id": 0, "xpos": 6018, "ypos": 601 },
        { "id": 0, "xpos": 6093, "ypos": 601 },
        { "id": 0, "xpos": 6148, "ypos": 601 },
        { "id": 0, "xpos": 6158, "ypos": 601 },
        { "id": 0, "xpos": 6172, "ypos": 601 },
        { "id": 0, "xpos": 2463, "ypos": 597 },
        { "id": 0, "xpos": 2528, "ypos": 597 },
        { "id": 0, "xpos": 2608, "ypos": 597 },
        { "id": 0, "xpos": 2663, "ypos": 597 },
        { "id": 0, "xpos": 2733, "ypos": 597 },
        { "id": 0, "xpos": 2813, "ypos": 597 },
        { "id": 0, "xpos": 2898, "ypos": 597 },
        { "id": 0, "xpos": 2978, "ypos": 597 },
        { "id": 0, "xpos": 3068, "ypos": 597 },
        { "id": 7, "xpos": 2335, "ypos": 508 },
        { "id": 7, "xpos": 2335, "ypos": 380 },
        { "id": 47, "xpos": 4909, "ypos": 325 },
        { "id": 46, "xpos": 4628, "ypos": 324 },
        { "id": 47, "xpos": 4614, "ypos": 324 },
        { "id": 46, "xpos": 4724, "ypos": 324 },
        { "id": 46, "xpos": 4819, "ypos": 324 },
        { "id": 0, "xpos": 4666, "ypos": 306 },
        { "id": 0, "xpos": 4736, "ypos": 306 },
        { "id": 0, "xpos": 4786, "ypos": 306 },
        { "id": 0, "xpos": 4614, "ypos": 306 },
        { "id": 7, "xpos": 2335, "ypos": 252 },
        { "id": 7, "xpos": 2335, "ypos": 124 },
        { "id": 7, "xpos": 2335, "ypos": 0 },
        { "id": 5, "xpos": 800, "ypos": 5907 },
        { "id": 5, "xpos": 887, "ypos": 5877 },
        { "id": 5, "xpos": 3302, "ypos": 5741 },
        { "id": 16, "xpos": 4509, "ypos": 4466 },
        { "id": 33, "xpos": 5318, "ypos": 4449 },
        { "id": 35, "xpos": 5369, "ypos": 4420 },
        { "id": 39, "xpos": 5413, "ypos": 4417 },
        { "id": 37, "xpos": 5397, "ypos": 4369 },
        { "id": 39, "xpos": 5413, "ypos": 4361 },
        { "id": 39, "xpos": 5413, "ypos": 4305 },
        { "id": 33, "xpos": 6657, "ypos": 3813 },
        { "id": 39, "xpos": 6752, "ypos": 3804 },
        { "id": 39, "xpos": 6752, "ypos": 3788 },
        { "id": 35, "xpos": 6707, "ypos": 3784 },
        { "id": 37, "xpos": 6736, "ypos": 3733 },
        { "id": 39, "xpos": 6752, "ypos": 3732 },
        { "id": 39, "xpos": 6752, "ypos": 3676 },
        { "id": 39, "xpos": 6752, "ypos": 3620 },
        { "id": 39, "xpos": 6752, "ypos": 3564 },
        { "id": 39, "xpos": 6752, "ypos": 3508 },
        { "id": 39, "xpos": 6752, "ypos": 3452 },
        { "id": 39, "xpos": 6752, "ypos": 3396 },
        { "id": 39, "xpos": 6752, "ypos": 3340 },
        { "id": 39, "xpos": 6752, "ypos": 3284 },
        { "id": 39, "xpos": 6752, "ypos": 3228 },
        { "id": 59, "xpos": 6043, "ypos": 3046 },
        { "id": 57, "xpos": 6013, "ypos": 3017 },
        { "id": 54, "xpos": 5962, "ypos": 3006 },
        { "id": 55, "xpos": 5998, "ypos": 2966 },
        { "id": 54, "xpos": 5962, "ypos": 2950 },
        { "id": 54, "xpos": 5962, "ypos": 2894 },
        { "id": 54, "xpos": 5962, "ypos": 2838 },
        { "id": 54, "xpos": 5962, "ypos": 2782 },
        { "id": 54, "xpos": 5962, "ypos": 2726 },
        { "id": 54, "xpos": 5962, "ypos": 2670 },
        { "id": 54, "xpos": 5962, "ypos": 2614 },
        { "id": 54, "xpos": 5962, "ypos": 2558 },
        { "id": 54, "xpos": 5962, "ypos": 2502 },
        { "id": 54, "xpos": 5962, "ypos": 2446 },
        { "id": 54, "xpos": 5962, "ypos": 2390 },
        { "id": 54, "xpos": 5962, "ypos": 2334 },
        { "id": 54, "xpos": 5962, "ypos": 2279 },
        { "id": 54, "xpos": 5962, "ypos": 2223 },
        { "id": 54, "xpos": 5962, "ypos": 2167 },
        { "id": 54, "xpos": 5962, "ypos": 2111 },
        { "id": 54, "xpos": 5962, "ypos": 2055 },
        { "id": 54, "xpos": 5962, "ypos": 1999 },
        { "id": 54, "xpos": 5962, "ypos": 1943 },
        { "id": 54, "xpos": 5962, "ypos": 1887 },
        { "id": 54, "xpos": 5962, "ypos": 1831 },
        { "id": 54, "xpos": 5962, "ypos": 1776 },
        { "id": 54, "xpos": 5962, "ypos": 1720 },
        { "id": 54, "xpos": 5962, "ypos": 1664 },
        { "id": 54, "xpos": 5962, "ypos": 1608 },
        { "id": 54, "xpos": 5962, "ypos": 1552 },
        { "id": 54, "xpos": 5962, "ypos": 1496 },
        { "id": 54, "xpos": 5962, "ypos": 1440 },
        { "id": 54, "xpos": 5962, "ypos": 1384 },
        { "id": 54, "xpos": 5962, "ypos": 1328 },
        { "id": 54, "xpos": 5962, "ypos": 1272 },
        { "id": 54, "xpos": 5962, "ypos": 1216 },
        { "id": 54, "xpos": 5962, "ypos": 1160 },
        { "id": 54, "xpos": 5962, "ypos": 1104 },
        { "id": 54, "xpos": 5962, "ypos": 1048 },
        { "id": 33, "xpos": 6185, "ypos": 1032 },
        { "id": 59, "xpos": 4695, "ypos": 1032 },
        { "id": 54, "xpos": 4614, "ypos": 1023 },
        { "id": 35, "xpos": 6234, "ypos": 1003 },
        { "id": 57, "xpos": 4667, "ypos": 1003 },
        { "id": 54, "xpos": 5962, "ypos": 993 },
        { "id": 39, "xpos": 6279, "ypos": 992 },
        { "id": 54, "xpos": 5962, "ypos": 992 },
        { "id": 54, "xpos": 4614, "ypos": 967 },
        { "id": 37, "xpos": 6263, "ypos": 952 },
        { "id": 55, "xpos": 4650, "ypos": 951 },
        { "id": 39, "xpos": 6279, "ypos": 936 },
        { "id": 54, "xpos": 5962, "ypos": 936 },
        { "id": 54, "xpos": 4614, "ypos": 911 },
        { "id": 39, "xpos": 6279, "ypos": 880 },
        { "id": 54, "xpos": 5962, "ypos": 880 },
        { "id": 54, "xpos": 4614, "ypos": 855 },
        { "id": 39, "xpos": 6279, "ypos": 824 },
        { "id": 54, "xpos": 5962, "ypos": 824 },
        { "id": 54, "xpos": 4614, "ypos": 799 },
        { "id": 39, "xpos": 6279, "ypos": 768 },
        { "id": 54, "xpos": 5962, "ypos": 768 },
        { "id": 54, "xpos": 4614, "ypos": 744 },
        { "id": 39, "xpos": 6279, "ypos": 712 },
        { "id": 54, "xpos": 5962, "ypos": 712 },
        { "id": 52, "xpos": 5998, "ypos": 701 },
        { "id": 40, "xpos": 6263, "ypos": 700 },
        { "id": 54, "xpos": 4614, "ypos": 688 },
        { "id": 50, "xpos": 6014, "ypos": 672 },
        { "id": 42, "xpos": 6234, "ypos": 671 },
        { "id": 48, "xpos": 6042, "ypos": 656 },
        { "id": 39, "xpos": 6279, "ypos": 656 },
        { "id": 54, "xpos": 5962, "ypos": 656 },
        { "id": 44, "xpos": 6183, "ypos": 655 },
        { "id": 54, "xpos": 4614, "ypos": 632 },
        { "id": 33, "xpos": 4800, "ypos": 616 },
        { "id": 35, "xpos": 4849, "ypos": 587 },
        { "id": 54, "xpos": 4614, "ypos": 576 },
        { "id": 39, "xpos": 4894, "ypos": 576 },
        { "id": 37, "xpos": 4878, "ypos": 537 },
        { "id": 54, "xpos": 4614, "ypos": 520 },
        { "id": 39, "xpos": 4894, "ypos": 520 },
        { "id": 54, "xpos": 4614, "ypos": 464 },
        { "id": 39, "xpos": 4894, "ypos": 464 },
        { "id": 54, "xpos": 4614, "ypos": 408 },
        { "id": 39, "xpos": 4894, "ypos": 408 },
        { "id": 52, "xpos": 4650, "ypos": 397 },
        { "id": 40, "xpos": 4878, "ypos": 397 },
        { "id": 50, "xpos": 4666, "ypos": 368 },
        { "id": 42, "xpos": 4849, "ypos": 368 },
        { "id": 54, "xpos": 4614, "ypos": 352 },
        { "id": 39, "xpos": 4894, "ypos": 352 },
        { "id": 48, "xpos": 4695, "ypos": 352 },
        { "id": 44, "xpos": 4799, "ypos": 352 },
        { "id": 32, "xpos": 2700, "ypos": 5454 },
        { "id": 28, "xpos": 716, "ypos": 5888 },
        { "id": 20, "xpos": 114, "ypos": 5875 },
        { "id": 23, "xpos": 651, "ypos": 5874 },
        { "id": 23, "xpos": 810, "ypos": 5874 },
        { "id": 24, "xpos": 393, "ypos": 5865 },
        { "id": 24, "xpos": 308, "ypos": 5865 },
        { "id": 24, "xpos": 562, "ypos": 5865 },
        { "id": 24, "xpos": 956, "ypos": 5806 },
        { "id": 24, "xpos": 1264, "ypos": 5805 },
        { "id": 24, "xpos": 1184, "ypos": 5805 },
        { "id": 27, "xpos": 454, "ypos": 5782 },
        { "id": 27, "xpos": 194, "ypos": 5782 },
        { "id": 27, "xpos": 11, "ypos": 5781 },
        { "id": 20, "xpos": 1600, "ypos": 5779 },
        { "id": 23, "xpos": 1425, "ypos": 5775 },
        { "id": 27, "xpos": 832, "ypos": 5753 },
        { "id": 23, "xpos": 2017, "ypos": 5737 },
        { "id": 23, "xpos": 1822, "ypos": 5737 },
        { "id": 26, "xpos": 581, "ypos": 5724 },
        { "id": 27, "xpos": 1064, "ypos": 5722 },
        { "id": 30, "xpos": 3833, "ypos": 5695 },
        { "id": 27, "xpos": 1476, "ypos": 5682 },
        { "id": 26, "xpos": 1316, "ypos": 5661 },
        { "id": 27, "xpos": 1886, "ypos": 5644 },
        { "id": 22, "xpos": 3493, "ypos": 5642 },
        { "id": 26, "xpos": 1693, "ypos": 5622 },
        { "id": 27, "xpos": 3727, "ypos": 5585 },
        { "id": 29, "xpos": 3924, "ypos": 5428 },
        { "id": 28, "xpos": 2439, "ypos": 5406 },
        { "id": 24, "xpos": 3967, "ypos": 5404 },
        { "id": 30, "xpos": 3216, "ypos": 5397 },
        { "id": 23, "xpos": 3135, "ypos": 5382 },
        { "id": 19, "xpos": 3923, "ypos": 5349 },
        { "id": 30, "xpos": 3620, "ypos": 5142 },
        { "id": 28, "xpos": 3297, "ypos": 5142 },
        { "id": 19, "xpos": 3134, "ypos": 5070 },
        { "id": 19, "xpos": 3229, "ypos": 5070 },
        { "id": 19, "xpos": 3294, "ypos": 5070 },
        { "id": 29, "xpos": 2324, "ypos": 5021 },
        { "id": 29, "xpos": 2484, "ypos": 5021 },
        { "id": 29, "xpos": 2639, "ypos": 5021 },
        { "id": 29, "xpos": 2779, "ypos": 5021 },
        { "id": 29, "xpos": 2914, "ypos": 5021 },
        { "id": 23, "xpos": 67, "ypos": 5007 },
        { "id": 23, "xpos": 30, "ypos": 5007 },
        { "id": 23, "xpos": 0, "ypos": 5007 },
        { "id": 23, "xpos": 422, "ypos": 5006 },
        { "id": 23, "xpos": 373, "ypos": 5006 },
        { "id": 23, "xpos": 338, "ypos": 5006 },
        { "id": 23, "xpos": 288, "ypos": 5006 },
        { "id": 23, "xpos": 125, "ypos": 5005 },
        { "id": 23, "xpos": 86, "ypos": 5005 },
        { "id": 24, "xpos": 2094, "ypos": 4997 },
        { "id": 24, "xpos": 1949, "ypos": 4997 },
        { "id": 24, "xpos": 1789, "ypos": 4997 },
        { "id": 24, "xpos": 1644, "ypos": 4997 },
        { "id": 24, "xpos": 1449, "ypos": 4997 },
        { "id": 24, "xpos": 1294, "ypos": 4997 },
        { "id": 24, "xpos": 1109, "ypos": 4997 },
        { "id": 24, "xpos": 914, "ypos": 4997 },
        { "id": 24, "xpos": 744, "ypos": 4997 },
        { "id": 24, "xpos": 559, "ypos": 4997 },
        { "id": 23, "xpos": 375, "ypos": 4985 },
        { "id": 23, "xpos": 346, "ypos": 4982 },
        { "id": 23, "xpos": 319, "ypos": 4979 },
        { "id": 23, "xpos": 97, "ypos": 4973 },
        { "id": 23, "xpos": 66, "ypos": 4973 },
        { "id": 23, "xpos": 21, "ypos": 4969 },
        { "id": 23, "xpos": 398, "ypos": 4969 },
        { "id": 23, "xpos": 332, "ypos": 4953 },
        { "id": 23, "xpos": 53, "ypos": 4948 },
        { "id": 19, "xpos": 3792, "ypos": 4915 },
        { "id": 27, "xpos": 449, "ypos": 4913 },
        { "id": 27, "xpos": 624, "ypos": 4913 },
        { "id": 27, "xpos": 809, "ypos": 4913 },
        { "id": 27, "xpos": 994, "ypos": 4913 },
        { "id": 27, "xpos": 1164, "ypos": 4913 },
        { "id": 27, "xpos": 1349, "ypos": 4913 },
        { "id": 27, "xpos": 1514, "ypos": 4913 },
        { "id": 27, "xpos": 1684, "ypos": 4913 },
        { "id": 27, "xpos": 1849, "ypos": 4913 },
        { "id": 27, "xpos": 1994, "ypos": 4913 },
        { "id": 27, "xpos": 2134, "ypos": 4913 },
        { "id": 23, "xpos": 3141, "ypos": 4880 },
        { "id": 23, "xpos": 3165, "ypos": 4880 },
        { "id": 23, "xpos": 3168, "ypos": 4868 },
        { "id": 26, "xpos": 169, "ypos": 4868 },
        { "id": 23, "xpos": 3191, "ypos": 4833 },
        { "id": 23, "xpos": 3220, "ypos": 4810 },
        { "id": 23, "xpos": 3867, "ypos": 4725 },
        { "id": 23, "xpos": 3776, "ypos": 4725 },
        { "id": 23, "xpos": 3824, "ypos": 4725 },
        { "id": 23, "xpos": 3800, "ypos": 4703 },
        { "id": 23, "xpos": 3852, "ypos": 4696 },
        { "id": 27, "xpos": 3795, "ypos": 4613 },
        { "id": 24, "xpos": 3070, "ypos": 4576 },
        { "id": 19, "xpos": 3676, "ypos": 4558 },
        { "id": 19, "xpos": 3395, "ypos": 4557 },
        { "id": 19, "xpos": 3465, "ypos": 4557 },
        { "id": 19, "xpos": 3540, "ypos": 4557 },
        { "id": 19, "xpos": 3610, "ypos": 4557 },
        { "id": 19, "xpos": 3650, "ypos": 4557 },
        { "id": 28, "xpos": 4064, "ypos": 4537 },
        { "id": 24, "xpos": 4170, "ypos": 4512 },
        { "id": 27, "xpos": 4320, "ypos": 4452 },
        { "id": 34, "xpos": 5369, "ypos": 4449 },
        { "id": 27, "xpos": 4072, "ypos": 4429 },
        { "id": 27, "xpos": 4202, "ypos": 4429 },
        { "id": 36, "xpos": 5397, "ypos": 4420 },
        { "id": 23, "xpos": 4862, "ypos": 4402 },
        { "id": 23, "xpos": 4737, "ypos": 4402 },
        { "id": 19, "xpos": 3777, "ypos": 4393 },
        { "id": 19, "xpos": 3807, "ypos": 4393 },
        { "id": 26, "xpos": 4431, "ypos": 4393 },
        { "id": 23, "xpos": 3471, "ypos": 4369 },
        { "id": 38, "xpos": 5319, "ypos": 4369 },
        { "id": 23, "xpos": 3269, "ypos": 4368 },
        { "id": 23, "xpos": 3349, "ypos": 4368 },
        { "id": 23, "xpos": 3430, "ypos": 4368 },
        { "id": 22, "xpos": 5059, "ypos": 4365 },
        { "id": 22, "xpos": 5203, "ypos": 4364 },
        { "id": 23, "xpos": 3445, "ypos": 4345 },
        { "id": 23, "xpos": 3484, "ypos": 4337 },
        { "id": 27, "xpos": 5111, "ypos": 4308 },
        { "id": 26, "xpos": 5299, "ypos": 4251 },
        { "id": 23, "xpos": 3516, "ypos": 4241 },
        { "id": 23, "xpos": 3600, "ypos": 4241 },
        { "id": 23, "xpos": 3740, "ypos": 4240 },
        { "id": 23, "xpos": 3696, "ypos": 4240 },
        { "id": 23, "xpos": 3721, "ypos": 4214 },
        { "id": 29, "xpos": 5425, "ypos": 4144 },
        { "id": 22, "xpos": 5478, "ypos": 4091 },
        { "id": 22, "xpos": 5643, "ypos": 4091 },
        { "id": 22, "xpos": 5773, "ypos": 4091 },
        { "id": 23, "xpos": 3880, "ypos": 4075 },
        { "id": 23, "xpos": 3832, "ypos": 4075 },
        { "id": 23, "xpos": 3785, "ypos": 4075 },
        { "id": 23, "xpos": 3819, "ypos": 4055 },
        { "id": 23, "xpos": 3860, "ypos": 4052 },
        { "id": 23, "xpos": 4006, "ypos": 4003 },
        { "id": 26, "xpos": 5548, "ypos": 3978 },
        { "id": 27, "xpos": 3793, "ypos": 3974 },
        { "id": 27, "xpos": 3995, "ypos": 3908 },
        { "id": 24, "xpos": 4981, "ypos": 3902 },
        { "id": 24, "xpos": 5707, "ypos": 3867 },
        { "id": 23, "xpos": 3932, "ypos": 3819 },
        { "id": 34, "xpos": 6708, "ypos": 3813 },
        { "id": 36, "xpos": 6736, "ypos": 3784 },
        { "id": 24, "xpos": 6139, "ypos": 3757 },
        { "id": 24, "xpos": 6349, "ypos": 3757 },
        { "id": 24, "xpos": 6514, "ypos": 3757 },
        { "id": 25, "xpos": 6034, "ypos": 3739 },
        { "id": 25, "xpos": 6244, "ypos": 3739 },
        { "id": 25, "xpos": 6429, "ypos": 3739 },
        { "id": 25, "xpos": 6569, "ypos": 3739 },
        { "id": 38, "xpos": 6658, "ypos": 3733 },
        { "id": 24, "xpos": 4868, "ypos": 3536 },
        { "id": 23, "xpos": 6423, "ypos": 3447 },
        { "id": 23, "xpos": 6383, "ypos": 3447 },
        { "id": 23, "xpos": 6343, "ypos": 3447 },
        { "id": 23, "xpos": 6303, "ypos": 3447 },
        { "id": 23, "xpos": 6273, "ypos": 3447 },
        { "id": 23, "xpos": 6233, "ypos": 3447 },
        { "id": 23, "xpos": 6198, "ypos": 3447 },
        { "id": 23, "xpos": 6168, "ypos": 3447 },
        { "id": 23, "xpos": 6138, "ypos": 3447 },
        { "id": 23, "xpos": 6098, "ypos": 3447 },
        { "id": 23, "xpos": 6068, "ypos": 3447 },
        { "id": 23, "xpos": 6028, "ypos": 3447 },
        { "id": 23, "xpos": 6023, "ypos": 3447 },
        { "id": 24, "xpos": 5778, "ypos": 3438 },
        { "id": 23, "xpos": 6041, "ypos": 3418 },
        { "id": 23, "xpos": 6091, "ypos": 3418 },
        { "id": 23, "xpos": 6126, "ypos": 3418 },
        { "id": 23, "xpos": 6161, "ypos": 3418 },
        { "id": 23, "xpos": 6196, "ypos": 3418 },
        { "id": 23, "xpos": 6241, "ypos": 3418 },
        { "id": 23, "xpos": 6291, "ypos": 3418 },
        { "id": 23, "xpos": 6326, "ypos": 3418 },
        { "id": 23, "xpos": 6366, "ypos": 3418 },
        { "id": 23, "xpos": 6396, "ypos": 3418 },
        { "id": 23, "xpos": 6071, "ypos": 3390 },
        { "id": 23, "xpos": 6127, "ypos": 3390 },
        { "id": 23, "xpos": 6172, "ypos": 3390 },
        { "id": 23, "xpos": 6202, "ypos": 3390 },
        { "id": 23, "xpos": 6252, "ypos": 3390 },
        { "id": 23, "xpos": 6292, "ypos": 3390 },
        { "id": 23, "xpos": 6332, "ypos": 3390 },
        { "id": 23, "xpos": 6362, "ypos": 3390 },
        { "id": 23, "xpos": 6753, "ypos": 3088 },
        { "id": 23, "xpos": 6819, "ypos": 3087 },
        { "id": 23, "xpos": 6787, "ypos": 3087 },
        { "id": 58, "xpos": 6024, "ypos": 3046 },
        { "id": 56, "xpos": 5999, "ypos": 3017 },
        { "id": 29, "xpos": 6552, "ypos": 3014 },
        { "id": 26, "xpos": 6747, "ypos": 3001 },
        { "id": 60, "xpos": 5998, "ypos": 2966 },
        { "id": 22, "xpos": 6134, "ypos": 2963 },
        { "id": 27, "xpos": 6257, "ypos": 2905 },
        { "id": 26, "xpos": 6173, "ypos": 2847 },
        { "id": 23, "xpos": 6739, "ypos": 2815 },
        { "id": 23, "xpos": 6783, "ypos": 2815 },
        { "id": 23, "xpos": 6686, "ypos": 2815 },
        { "id": 23, "xpos": 6572, "ypos": 2815 },
        { "id": 23, "xpos": 6537, "ypos": 2815 },
        { "id": 23, "xpos": 6457, "ypos": 2815 },
        { "id": 23, "xpos": 6821, "ypos": 2815 },
        { "id": 23, "xpos": 6757, "ypos": 2785 },
        { "id": 23, "xpos": 6802, "ypos": 2785 },
        { "id": 22, "xpos": 6637, "ypos": 2776 },
        { "id": 34, "xpos": 6236, "ypos": 1032 },
        { "id": 58, "xpos": 4676, "ypos": 1032 },
        { "id": 36, "xpos": 6263, "ypos": 1003 },
        { "id": 56, "xpos": 4653, "ypos": 1002 },
        { "id": 60, "xpos": 4650, "ypos": 952 },
        { "id": 38, "xpos": 6185, "ypos": 952 },
        { "id": 22, "xpos": 5738, "ypos": 947 },
        { "id": 22, "xpos": 5893, "ypos": 947 },
        { "id": 22, "xpos": 5258, "ypos": 947 },
        { "id": 22, "xpos": 4818, "ypos": 947 },
        { "id": 22, "xpos": 4958, "ypos": 946 },
        { "id": 22, "xpos": 5103, "ypos": 946 },
        { "id": 22, "xpos": 5418, "ypos": 946 },
        { "id": 22, "xpos": 5593, "ypos": 946 },
        { "id": 27, "xpos": 5779, "ypos": 891 },
        { "id": 27, "xpos": 5644, "ypos": 891 },
        { "id": 27, "xpos": 5484, "ypos": 891 },
        { "id": 27, "xpos": 5314, "ypos": 891 },
        { "id": 27, "xpos": 5164, "ypos": 891 },
        { "id": 27, "xpos": 5014, "ypos": 891 },
        { "id": 27, "xpos": 4854, "ypos": 891 },
        { "id": 27, "xpos": 4714, "ypos": 891 },
        { "id": 51, "xpos": 6000, "ypos": 682 },
        { "id": 41, "xpos": 6263, "ypos": 680 },
        { "id": 49, "xpos": 6023, "ypos": 658 },
        { "id": 43, "xpos": 6234, "ypos": 657 },
        { "id": 53, "xpos": 5998, "ypos": 656 },
        { "id": 45, "xpos": 6183, "ypos": 655 },
        { "id": 34, "xpos": 4851, "ypos": 616 },
        { "id": 36, "xpos": 4878, "ypos": 587 },
        { "id": 25, "xpos": 4470, "ypos": 542 },
        { "id": 25, "xpos": 4330, "ypos": 542 },
        { "id": 25, "xpos": 4195, "ypos": 542 },
        { "id": 25, "xpos": 4070, "ypos": 542 },
        { "id": 25, "xpos": 3955, "ypos": 542 },
        { "id": 25, "xpos": 3830, "ypos": 542 },
        { "id": 25, "xpos": 3715, "ypos": 542 },
        { "id": 25, "xpos": 3590, "ypos": 542 },
        { "id": 25, "xpos": 3460, "ypos": 542 },
        { "id": 25, "xpos": 3290, "ypos": 542 },
        { "id": 25, "xpos": 3190, "ypos": 542 },
        { "id": 38, "xpos": 4800, "ypos": 536 },
        { "id": 24, "xpos": 3044, "ypos": 525 },
        { "id": 24, "xpos": 2759, "ypos": 525 },
        { "id": 24, "xpos": 2594, "ypos": 525 },
        { "id": 27, "xpos": 3084, "ypos": 441 },
        { "id": 27, "xpos": 2924, "ypos": 441 },
        { "id": 27, "xpos": 2799, "ypos": 441 },
        { "id": 27, "xpos": 2644, "ypos": 441 },
        { "id": 27, "xpos": 2504, "ypos": 441 },
        { "id": 51, "xpos": 4652, "ypos": 378 },
        { "id": 41, "xpos": 4878, "ypos": 377 },
        { "id": 49, "xpos": 4676, "ypos": 354 },
        { "id": 43, "xpos": 4850, "ypos": 354 },
        { "id": 53, "xpos": 4650, "ypos": 352 },
        { "id": 45, "xpos": 4798, "ypos": 352 },
        { "id": 21, "xpos": 2632, "ypos": 5985 },
        { "id": 21, "xpos": 2942, "ypos": 5985 },
        { "id": 21, "xpos": 2888, "ypos": 5985 },
        { "id": 21, "xpos": 2824, "ypos": 5985 },
        { "id": 21, "xpos": 2760, "ypos": 5985 },
        { "id": 21, "xpos": 2696, "ypos": 5985 },
        { "id": 21, "xpos": 2568, "ypos": 5985 },
        { "id": 21, "xpos": 2504, "ypos": 5985 },
        { "id": 21, "xpos": 2440, "ypos": 5985 },
        { "id": 21, "xpos": 2942, "ypos": 5965 },
        { "id": 21, "xpos": 2888, "ypos": 5965 },
        { "id": 21, "xpos": 2824, "ypos": 5965 },
        { "id": 21, "xpos": 2760, "ypos": 5965 },
        { "id": 21, "xpos": 2696, "ypos": 5965 },
        { "id": 21, "xpos": 2632, "ypos": 5965 },
        { "id": 21, "xpos": 2568, "ypos": 5965 },
        { "id": 21, "xpos": 2504, "ypos": 5965 },
        { "id": 21, "xpos": 2440, "ypos": 5965 },
        { "id": 21, "xpos": 2942, "ypos": 5901 },
        { "id": 21, "xpos": 2888, "ypos": 5901 },
        { "id": 21, "xpos": 2824, "ypos": 5901 },
        { "id": 21, "xpos": 2760, "ypos": 5901 },
        { "id": 21, "xpos": 2696, "ypos": 5901 },
        { "id": 21, "xpos": 2632, "ypos": 5901 },
        { "id": 21, "xpos": 2568, "ypos": 5901 },
        { "id": 21, "xpos": 2504, "ypos": 5901 },
        { "id": 21, "xpos": 2440, "ypos": 5901 },
        { "id": 21, "xpos": 135, "ypos": 5873 },
        { "id": 9, "xpos": 3007, "ypos": 5866 },
        { "id": 21, "xpos": 2942, "ypos": 5837 },
        { "id": 21, "xpos": 2888, "ypos": 5837 },
        { "id": 21, "xpos": 2824, "ypos": 5837 },
        { "id": 21, "xpos": 2760, "ypos": 5837 },
        { "id": 21, "xpos": 2696, "ypos": 5837 },
        { "id": 21, "xpos": 2632, "ypos": 5837 },
        { "id": 21, "xpos": 2568, "ypos": 5837 },
        { "id": 21, "xpos": 2504, "ypos": 5837 },
        { "id": 21, "xpos": 2440, "ypos": 5837 },
        { "id": 21, "xpos": 135, "ypos": 5810 },
        { "id": 10, "xpos": 3299, "ypos": 5776 },
        { "id": 21, "xpos": 1617, "ypos": 5774 },
        { "id": 21, "xpos": 2942, "ypos": 5773 },
        { "id": 21, "xpos": 2888, "ypos": 5773 },
        { "id": 21, "xpos": 2824, "ypos": 5773 },
        { "id": 21, "xpos": 2760, "ypos": 5773 },
        { "id": 21, "xpos": 2696, "ypos": 5773 },
        { "id": 21, "xpos": 2632, "ypos": 5773 },
        { "id": 21, "xpos": 2568, "ypos": 5773 },
        { "id": 21, "xpos": 2504, "ypos": 5773 },
        { "id": 21, "xpos": 2440, "ypos": 5773 },
        { "id": 21, "xpos": 2290, "ypos": 5773 },
        { "id": 21, "xpos": 2248, "ypos": 5773 },
        { "id": 21, "xpos": 2184, "ypos": 5773 },
        { "id": 21, "xpos": 135, "ypos": 5747 },
        { "id": 21, "xpos": 1617, "ypos": 5712 },
        { "id": 21, "xpos": 2942, "ypos": 5709 },
        { "id": 21, "xpos": 2888, "ypos": 5709 },
        { "id": 21, "xpos": 2824, "ypos": 5709 },
        { "id": 21, "xpos": 2760, "ypos": 5709 },
        { "id": 21, "xpos": 2696, "ypos": 5709 },
        { "id": 21, "xpos": 2632, "ypos": 5709 },
        { "id": 21, "xpos": 2568, "ypos": 5709 },
        { "id": 21, "xpos": 2504, "ypos": 5709 },
        { "id": 21, "xpos": 2440, "ypos": 5709 },
        { "id": 21, "xpos": 2290, "ypos": 5709 },
        { "id": 21, "xpos": 2248, "ypos": 5709 },
        { "id": 21, "xpos": 2184, "ypos": 5709 },
        { "id": 21, "xpos": 3199, "ypos": 5701 },
        { "id": 21, "xpos": 3135, "ypos": 5701 },
        { "id": 9, "xpos": 3007, "ypos": 5694 },
        { "id": 10, "xpos": 3297, "ypos": 5690 },
        { "id": 10, "xpos": 3618, "ypos": 5690 },
        { "id": 21, "xpos": 135, "ypos": 5684 },
        { "id": 21, "xpos": 1617, "ypos": 5649 },
        { "id": 21, "xpos": 2888, "ypos": 5645 },
        { "id": 21, "xpos": 2824, "ypos": 5645 },
        { "id": 21, "xpos": 2760, "ypos": 5645 },
        { "id": 21, "xpos": 2696, "ypos": 5645 },
        { "id": 21, "xpos": 2632, "ypos": 5645 },
        { "id": 21, "xpos": 2568, "ypos": 5645 },
        { "id": 21, "xpos": 2504, "ypos": 5645 },
        { "id": 21, "xpos": 2440, "ypos": 5645 },
        { "id": 21, "xpos": 2290, "ypos": 5645 },
        { "id": 21, "xpos": 2248, "ypos": 5645 },
        { "id": 21, "xpos": 2942, "ypos": 5645 },
        { "id": 21, "xpos": 3199, "ypos": 5637 },
        { "id": 21, "xpos": 3135, "ypos": 5637 },
        { "id": 21, "xpos": 135, "ypos": 5622 },
        { "id": 10, "xpos": 3618, "ypos": 5605 },
        { "id": 10, "xpos": 3297, "ypos": 5604 },
        { "id": 21, "xpos": 1617, "ypos": 5586 },
        { "id": 21, "xpos": 2952, "ypos": 5581 },
        { "id": 21, "xpos": 2888, "ypos": 5581 },
        { "id": 21, "xpos": 2824, "ypos": 5581 },
        { "id": 21, "xpos": 2760, "ypos": 5581 },
        { "id": 21, "xpos": 2696, "ypos": 5581 },
        { "id": 21, "xpos": 2632, "ypos": 5581 },
        { "id": 21, "xpos": 2568, "ypos": 5581 },
        { "id": 21, "xpos": 2504, "ypos": 5581 },
        { "id": 21, "xpos": 2440, "ypos": 5581 },
        { "id": 21, "xpos": 2290, "ypos": 5581 },
        { "id": 21, "xpos": 2246, "ypos": 5581 },
        { "id": 21, "xpos": 3199, "ypos": 5573 },
        { "id": 21, "xpos": 3135, "ypos": 5573 },
        { "id": 21, "xpos": 135, "ypos": 5560 },
        { "id": 21, "xpos": 1617, "ypos": 5523 },
        { "id": 10, "xpos": 3297, "ypos": 5519 },
        { "id": 10, "xpos": 3618, "ypos": 5519 },
        { "id": 21, "xpos": 2952, "ypos": 5517 },
        { "id": 21, "xpos": 2888, "ypos": 5517 },
        { "id": 21, "xpos": 2824, "ypos": 5517 },
        { "id": 21, "xpos": 2760, "ypos": 5517 },
        { "id": 21, "xpos": 2696, "ypos": 5517 },
        { "id": 21, "xpos": 2632, "ypos": 5517 },
        { "id": 21, "xpos": 2568, "ypos": 5517 },
        { "id": 21, "xpos": 2504, "ypos": 5517 },
        { "id": 21, "xpos": 2440, "ypos": 5517 },
        { "id": 21, "xpos": 2290, "ypos": 5517 },
        { "id": 21, "xpos": 2248, "ypos": 5517 },
        { "id": 21, "xpos": 135, "ypos": 5497 },
        { "id": 21, "xpos": 1617, "ypos": 5460 },
        { "id": 21, "xpos": 2952, "ypos": 5453 },
        { "id": 21, "xpos": 2888, "ypos": 5453 },
        { "id": 21, "xpos": 2824, "ypos": 5453 },
        { "id": 21, "xpos": 2760, "ypos": 5453 },
        { "id": 21, "xpos": 2696, "ypos": 5453 },
        { "id": 21, "xpos": 2632, "ypos": 5453 },
        { "id": 21, "xpos": 2568, "ypos": 5453 },
        { "id": 21, "xpos": 2504, "ypos": 5453 },
        { "id": 21, "xpos": 2440, "ypos": 5453 },
        { "id": 21, "xpos": 2290, "ypos": 5453 },
        { "id": 21, "xpos": 2248, "ypos": 5453 },
        { "id": 21, "xpos": 2354, "ypos": 5452 },
        { "id": 21, "xpos": 2376, "ypos": 5451 },
        { "id": 21, "xpos": 135, "ypos": 5434 },
        { "id": 10, "xpos": 3297, "ypos": 5433 },
        { "id": 10, "xpos": 3618, "ypos": 5433 },
        { "id": 21, "xpos": 1617, "ypos": 5397 },
        { "id": 21, "xpos": 2952, "ypos": 5389 },
        { "id": 21, "xpos": 2888, "ypos": 5389 },
        { "id": 21, "xpos": 2824, "ypos": 5389 },
        { "id": 21, "xpos": 2760, "ypos": 5389 },
        { "id": 21, "xpos": 2696, "ypos": 5389 },
        { "id": 21, "xpos": 2632, "ypos": 5389 },
        { "id": 21, "xpos": 2568, "ypos": 5389 },
        { "id": 21, "xpos": 2504, "ypos": 5389 },
        { "id": 21, "xpos": 2440, "ypos": 5389 },
        { "id": 21, "xpos": 2290, "ypos": 5389 },
        { "id": 21, "xpos": 2248, "ypos": 5389 },
        { "id": 21, "xpos": 2354, "ypos": 5388 },
        { "id": 21, "xpos": 2378, "ypos": 5388 },
        { "id": 21, "xpos": 135, "ypos": 5372 },
        { "id": 10, "xpos": 3297, "ypos": 5347 },
        { "id": 10, "xpos": 3618, "ypos": 5347 },
        { "id": 21, "xpos": 1617, "ypos": 5334 },
        { "id": 21, "xpos": 2952, "ypos": 5325 },
        { "id": 21, "xpos": 2888, "ypos": 5325 },
        { "id": 21, "xpos": 2824, "ypos": 5325 },
        { "id": 21, "xpos": 2760, "ypos": 5325 },
        { "id": 21, "xpos": 2696, "ypos": 5325 },
        { "id": 21, "xpos": 2632, "ypos": 5325 },
        { "id": 21, "xpos": 2568, "ypos": 5325 },
        { "id": 21, "xpos": 2504, "ypos": 5325 },
        { "id": 21, "xpos": 2440, "ypos": 5325 },
        { "id": 21, "xpos": 2290, "ypos": 5325 },
        { "id": 21, "xpos": 2248, "ypos": 5325 },
        { "id": 21, "xpos": 2354, "ypos": 5324 },
        { "id": 21, "xpos": 2376, "ypos": 5324 },
        { "id": 10, "xpos": 3297, "ypos": 5261 },
        { "id": 10, "xpos": 3618, "ypos": 5261 },
        { "id": 21, "xpos": 2952, "ypos": 5261 },
        { "id": 21, "xpos": 2888, "ypos": 5261 },
        { "id": 21, "xpos": 2824, "ypos": 5261 },
        { "id": 21, "xpos": 2760, "ypos": 5261 },
        { "id": 21, "xpos": 2696, "ypos": 5261 },
        { "id": 21, "xpos": 2568, "ypos": 5261 },
        { "id": 21, "xpos": 2632, "ypos": 5261 },
        { "id": 21, "xpos": 2504, "ypos": 5261 },
        { "id": 21, "xpos": 2440, "ypos": 5261 },
        { "id": 21, "xpos": 2376, "ypos": 5260 },
        { "id": 21, "xpos": 2942, "ypos": 5197 },
        { "id": 21, "xpos": 2888, "ypos": 5197 },
        { "id": 21, "xpos": 2824, "ypos": 5197 },
        { "id": 21, "xpos": 2760, "ypos": 5197 },
        { "id": 21, "xpos": 2696, "ypos": 5197 },
        { "id": 21, "xpos": 2632, "ypos": 5197 },
        { "id": 21, "xpos": 2568, "ypos": 5197 },
        { "id": 21, "xpos": 2504, "ypos": 5197 },
        { "id": 21, "xpos": 2440, "ypos": 5197 },
        { "id": 21, "xpos": 2376, "ypos": 5197 },
        { "id": 9, "xpos": 2125, "ypos": 5080 },
        { "id": 10, "xpos": 3086, "ypos": 4890 },
        { "id": 10, "xpos": 3086, "ypos": 4805 },
        { "id": 10, "xpos": 3086, "ypos": 4719 },
        { "id": 9, "xpos": 3905, "ypos": 4450 },
        { "id": 9, "xpos": 4908, "ypos": 4309 },
        { "id": 9, "xpos": 4652, "ypos": 4293 },
        { "id": 9, "xpos": 4762, "ypos": 4293 },
        { "id": 9, "xpos": 4885, "ypos": 4293 },
        { "id": 10, "xpos": 5726, "ypos": 4182 },
        { "id": 9, "xpos": 4904, "ypos": 4159 },
        { "id": 10, "xpos": 4997, "ypos": 4131 },
        { "id": 9, "xpos": 4659, "ypos": 4117 },
        { "id": 9, "xpos": 4776, "ypos": 4104 },
        { "id": 10, "xpos": 5725, "ypos": 4096 },
        { "id": 10, "xpos": 4995, "ypos": 4045 },
        { "id": 9, "xpos": 4776, "ypos": 4024 },
        { "id": 10, "xpos": 5725, "ypos": 4010 },
        { "id": 9, "xpos": 4651, "ypos": 3996 },
        { "id": 9, "xpos": 4651, "ypos": 3886 },
        { "id": 9, "xpos": 4651, "ypos": 3776 }
    ],
    "itemlist": [
       { "id": 20, "xpos": 6876, "ypos": 3149 },
        { "id": 2, "xpos": 3773, "ypos": 5741 },
        { "id": 55, "xpos": 6438, "ypos": 2877 },
        { "id": 65, "xpos": 3892, "ypos": 5727 },
        { "id": 69, "xpos": 4023, "ypos": 5462 },
        { "id": 66, "xpos": 5014, "ypos": 3981 },
        { "id": 33, "xpos": 6073, "ypos": 655 },
        { "id": 34, "xpos": 6172, "ypos": 655 },
        { "id": 26, "xpos": 5971, "ypos": 3444 },
        { "id": 26, "xpos": 5972, "ypos": 3764 },
        { "id": 25, "xpos": 4926, "ypos": 4144 },
        { "id": 24, "xpos": 4631, "ypos": 4081 },
        { "id": 24, "xpos": 4631, "ypos": 4241 },
        { "id": 24, "xpos": 4631, "ypos": 4161 },
        { "id": 0, "xpos": 3869, "ypos": 4773 },
        { "id": 0, "xpos": 3809, "ypos": 4773 },
        { "id": 0, "xpos": 3445, "ypos": 5722 },
        { "id": 0, "xpos": 3371, "ypos": 5722 },
        { "id": 0, "xpos": 4248, "ypos": 612 },
        { "id": 0, "xpos": 4343, "ypos": 612 },
        { "id": 0, "xpos": 4423, "ypos": 612 },
        { "id": 0, "xpos": 4508, "ypos": 612 },
        { "id": 0, "xpos": 4588, "ypos": 612 },
        { "id": 0, "xpos": 4713, "ypos": 612 },
        { "id": 0, "xpos": 4781, "ypos": 612 },
        { "id": 0, "xpos": 4846, "ypos": 586 },
        { "id": 0, "xpos": 4872, "ypos": 536 },
        { "id": 0, "xpos": 4869, "ypos": 462 },
        { "id": 0, "xpos": 4851, "ypos": 402 },
        { "id": 0, "xpos": 4772, "ypos": 376 },
        { "id": 0, "xpos": 4696, "ypos": 401 },
        { "id": 0, "xpos": 4662, "ypos": 472 },
        { "id": 0, "xpos": 5664, "ypos": 1027 },
        { "id": 0, "xpos": 5764, "ypos": 1027 },
        { "id": 0, "xpos": 5849, "ypos": 1027 },
        { "id": 0, "xpos": 5924, "ypos": 1027 },
        { "id": 0, "xpos": 6069, "ypos": 1027 },
        { "id": 0, "xpos": 6138, "ypos": 1026 },
        { "id": 0, "xpos": 6226, "ypos": 993 },
        { "id": 0, "xpos": 6250, "ypos": 912 },
        { "id": 0, "xpos": 6253, "ypos": 838 },
        { "id": 0, "xpos": 6252, "ypos": 769 },
        { "id": 0, "xpos": 6222, "ypos": 710 },
        { "id": 0, "xpos": 6057, "ypos": 710 },
        { "id": 0, "xpos": 6142, "ypos": 684 },
        { "id": 0, "xpos": 6022, "ypos": 776 },
        { "id": 0, "xpos": 6016, "ypos": 1476 },
        { "id": 0, "xpos": 6016, "ypos": 1561 },
        { "id": 0, "xpos": 6016, "ypos": 1636 },
        { "id": 0, "xpos": 6016, "ypos": 2066 },
        { "id": 0, "xpos": 6016, "ypos": 2146 },
        { "id": 0, "xpos": 6016, "ypos": 2226 },
        { "id": 0, "xpos": 6016, "ypos": 2486 },
        { "id": 0, "xpos": 6016, "ypos": 2566 },
        { "id": 0, "xpos": 6016, "ypos": 2636 },
        { "id": 0, "xpos": 6732, "ypos": 3201 },
        { "id": 0, "xpos": 6736, "ypos": 3104 },
        { "id": 0, "xpos": 6545, "ypos": 3813 },
        { "id": 0, "xpos": 6734, "ypos": 3281 },
        { "id": 0, "xpos": 6734, "ypos": 3386 },
        { "id": 0, "xpos": 6732, "ypos": 3490 },
        { "id": 0, "xpos": 6732, "ypos": 3600 },
        { "id": 0, "xpos": 6702, "ypos": 3777 },
        { "id": 0, "xpos": 6731, "ypos": 3698 },
        { "id": 0, "xpos": 6618, "ypos": 3813 },
        { "id": 0, "xpos": 5393, "ypos": 4245 },
        { "id": 0, "xpos": 5393, "ypos": 4146 },
        { "id": 0, "xpos": 5393, "ypos": 4351 },
        { "id": 0, "xpos": 5358, "ypos": 4429 },
        { "id": 0, "xpos": 5283, "ypos": 4452 },
        { "id": 0, "xpos": 4586, "ypos": 4475 },
        { "id": 0, "xpos": 4525, "ypos": 4528 },
        { "id": 0, "xpos": 4448, "ypos": 4564 },
        { "id": 0, "xpos": 4368, "ypos": 4564 },
        { "id": 0, "xpos": 4298, "ypos": 4564 },
        { "id": 0, "xpos": 3327, "ypos": 5430 },
        { "id": 0, "xpos": 3422, "ypos": 5430 },
        { "id": 0, "xpos": 3502, "ypos": 5430 },
        { "id": 0, "xpos": 3602, "ypos": 5430 },
        { "id": 0, "xpos": 3702, "ypos": 5430 },
        { "id": 0, "xpos": 3792, "ypos": 5430 },
        { "id": 0, "xpos": 3872, "ypos": 5430 },
        { "id": 0, "xpos": 3307, "ypos": 5753 },
        { "id": 0, "xpos": 2437, "ypos": 5435 },
        { "id": 0, "xpos": 2377, "ypos": 5435 },
        { "id": 0, "xpos": 750, "ypos": 5919 },
        { "id": 0, "xpos": 665, "ypos": 5919 },
        { "id": 0, "xpos": 575, "ypos": 5919 },
        { "id": 0, "xpos": 490, "ypos": 5919 },
        { "id": 0, "xpos": 415, "ypos": 5919 },
        { "id": 0, "xpos": 355, "ypos": 5919 },
        { "id": 0, "xpos": 285, "ypos": 5919 },
        { "id": 0, "xpos": 230, "ypos": 5919 },
        { "id": 0, "xpos": 160, "ypos": 5919 },
        { "id": 2, "xpos": 6828, "ypos": 2878 },
        { "id": 28, "xpos": 6255, "ypos": 3426 },
        { "id": 21, "xpos": 3100, "ypos": 4647 },
        { "id": 21, "xpos": 3244, "ypos": 4871 },
        { "id": 19, "xpos": 4553, "ypos": 621 },
        { "id": 16, "xpos": 4584, "ypos": 606 },
        { "id": 19, "xpos": 4793, "ypos": 952 },
        { "id": 19, "xpos": 5939, "ypos": 506 },
        { "id": 19, "xpos": 4927, "ypos": 213 },
        { "id": 19, "xpos": 4904, "ypos": 213 },
        { "id": 19, "xpos": 4873, "ypos": 211 },
        { "id": 19, "xpos": 4842, "ypos": 212 },
        { "id": 19, "xpos": 4812, "ypos": 213 },
        { "id": 19, "xpos": 4783, "ypos": 210 },
        { "id": 19, "xpos": 4753, "ypos": 210 },
        { "id": 19, "xpos": 4723, "ypos": 211 },
        { "id": 19, "xpos": 4695, "ypos": 212 },
        { "id": 19, "xpos": 4667, "ypos": 211 },
        { "id": 19, "xpos": 4636, "ypos": 210 },
        { "id": 19, "xpos": 6305, "ypos": 516 },
        { "id": 19, "xpos": 6277, "ypos": 505 },
        { "id": 19, "xpos": 6249, "ypos": 506 },
        { "id": 19, "xpos": 6221, "ypos": 506 },
        { "id": 19, "xpos": 6190, "ypos": 506 },
        { "id": 19, "xpos": 6161, "ypos": 506 },
        { "id": 19, "xpos": 6134, "ypos": 505 },
        { "id": 19, "xpos": 6105, "ypos": 505 },
        { "id": 19, "xpos": 6075, "ypos": 508 },
        { "id": 19, "xpos": 6045, "ypos": 509 },
        { "id": 19, "xpos": 6016, "ypos": 507 },
        { "id": 19, "xpos": 5987, "ypos": 509 },
        { "id": 19, "xpos": 5956, "ypos": 509 },
        { "id": 19, "xpos": 6317, "ypos": 1069 },
        { "id": 19, "xpos": 6301, "ypos": 1069 },
        { "id": 19, "xpos": 6272, "ypos": 1069 },
        { "id": 19, "xpos": 6242, "ypos": 1069 },
        { "id": 19, "xpos": 6212, "ypos": 1068 },
        { "id": 19, "xpos": 6180, "ypos": 1070 },
        { "id": 19, "xpos": 6150, "ypos": 1071 },
        { "id": 19, "xpos": 6121, "ypos": 1069 },
        { "id": 34, "xpos": 6092, "ypos": 1095 },
        { "id": 34, "xpos": 6091, "ypos": 1069 },
        { "id": 34, "xpos": 6092, "ypos": 1110 },
        { "id": 34, "xpos": 6093, "ypos": 1139 },
        { "id": 33, "xpos": 6062, "ypos": 1140 },
        { "id": 33, "xpos": 6030, "ypos": 1138 },
        { "id": 33, "xpos": 5998, "ypos": 1138 },
        { "id": 19, "xpos": 4929, "ypos": 650 },
        { "id": 19, "xpos": 4911, "ypos": 649 },
        { "id": 19, "xpos": 4883, "ypos": 653 },
        { "id": 19, "xpos": 4851, "ypos": 653 },
        { "id": 19, "xpos": 4822, "ypos": 651 },
        { "id": 30, "xpos": 3401, "ypos": 630 },
        { "id": 31, "xpos": 2948, "ypos": 595 },
        { "id": 16, "xpos": 5932, "ypos": 955 },
        { "id": 19, "xpos": 5931, "ypos": 1073 },
        { "id": 16, "xpos": 5932, "ypos": 643 },
        { "id": 16, "xpos": 5932, "ypos": 663 },
        { "id": 16, "xpos": 5932, "ypos": 733 },
        { "id": 16, "xpos": 5932, "ypos": 788 },
        { "id": 16, "xpos": 5932, "ypos": 843 },
        { "id": 16, "xpos": 5932, "ypos": 898 },
        { "id": 19, "xpos": 5915, "ypos": 500 },
        { "id": 19, "xpos": 5901, "ypos": 953 },
        { "id": 19, "xpos": 5901, "ypos": 893 },
        { "id": 19, "xpos": 5901, "ypos": 848 },
        { "id": 19, "xpos": 5901, "ypos": 788 },
        { "id": 19, "xpos": 5901, "ypos": 728 },
        { "id": 19, "xpos": 5901, "ypos": 643 },
        { "id": 19, "xpos": 5901, "ypos": 588 },
        { "id": 20, "xpos": 2992, "ypos": 6047 },
        { "id": 25, "xpos": 3058, "ypos": 5921 },
        { "id": 2, "xpos": 2187, "ypos": 5198 },
        { "id": 26, "xpos": 3108, "ypos": 5699 },
        { "id": 21, "xpos": 2328, "ypos": 5798 },
        { "id": 25, "xpos": 3926, "ypos": 4584 },
        { "id": 26, "xpos": 4001, "ypos": 4519 },
        { "id": 5, "xpos": 2495, "ypos": 6048 },
        { "id": 20, "xpos": 3483, "ypos": 4431 },
        { "id": 6, "xpos": 31, "ypos": 5070 },
        { "id": 4, "xpos": 66, "ypos": 5071 },
        { "id": 3, "xpos": 101, "ypos": 5071 },
        { "id": 2, "xpos": 134, "ypos": 5071 },
        { "id": 22, "xpos": 229, "ypos": 5052 },
        { "id": 23, "xpos": 3006, "ypos": 5049 },
        { "id": 21, "xpos": 3751, "ypos": 4302 },
        { "id": 21, "xpos": 3888, "ypos": 4137 },
        { "id": 27, "xpos": 4841, "ypos": 4022 },
        { "id": 21, "xpos": 5835, "ypos": 4192 },
        { "id": 20, "xpos": 5739, "ypos": 3940 },
        { "id": 29, "xpos": 4150, "ypos": 4582 },
        { "id": 21, "xpos": 6012, "ypos": 6048 },
        { "id": 21, "xpos": 6040, "ypos": 6048 },
        { "id": 21, "xpos": 6068, "ypos": 6048 },
        { "id": 21, "xpos": 6096, "ypos": 6048 },
        { "id": 21, "xpos": 6124, "ypos": 6048 },
        { "id": 21, "xpos": 6152, "ypos": 6048 },
        { "id": 21, "xpos": 6180, "ypos": 6048 },
        { "id": 21, "xpos": 6208, "ypos": 6048 },
        { "id": 21, "xpos": 6236, "ypos": 6048 },
        { "id": 21, "xpos": 6264, "ypos": 6048 },
        { "id": 21, "xpos": 6292, "ypos": 6048 },
        { "id": 21, "xpos": 6320, "ypos": 6048 },
        { "id": 21, "xpos": 6348, "ypos": 6048 },
        { "id": 21, "xpos": 6376, "ypos": 6048 },
        { "id": 21, "xpos": 6404, "ypos": 6048 },
        { "id": 21, "xpos": 6432, "ypos": 6048 },
        { "id": 21, "xpos": 6460, "ypos": 6048 },
        { "id": 21, "xpos": 6488, "ypos": 6048 },
        { "id": 19, "xpos": 5931, "ypos": 553 },
        { "id": 19, "xpos": 4793, "ypos": 658 },
        { "id": 19, "xpos": 4793, "ypos": 708 },
        { "id": 19, "xpos": 4793, "ypos": 778 },
        { "id": 19, "xpos": 4793, "ypos": 858 },
        { "id": 16, "xpos": 4583, "ypos": 541 },
        { "id": 16, "xpos": 4583, "ypos": 476 },
        { "id": 16, "xpos": 4583, "ypos": 406 },
        { "id": 19, "xpos": 4555, "ypos": 272 },
        { "id": 19, "xpos": 4555, "ypos": 347 },
        { "id": 19, "xpos": 4555, "ypos": 407 },
        { "id": 19, "xpos": 4555, "ypos": 457 },
        { "id": 19, "xpos": 4555, "ypos": 502 },
        { "id": 19, "xpos": 4555, "ypos": 542 },
        { "id": 16, "xpos": 4583, "ypos": 316 },
        { "id": 19, "xpos": 4584, "ypos": 232 },
        { "id": 19, "xpos": 5932, "ypos": 1152 },
        { "id": 19, "xpos": 5932, "ypos": 1197 },
        { "id": 19, "xpos": 5932, "ypos": 1277 },
        { "id": 19, "xpos": 5932, "ypos": 1347 },
        { "id": 19, "xpos": 5932, "ypos": 1432 },
        { "id": 19, "xpos": 5932, "ypos": 1532 },
        { "id": 19, "xpos": 5932, "ypos": 1607 },
        { "id": 19, "xpos": 5932, "ypos": 1692 },
        { "id": 19, "xpos": 5932, "ypos": 1782 },
        { "id": 19, "xpos": 5932, "ypos": 1872 },
        { "id": 19, "xpos": 5932, "ypos": 1952 },
        { "id": 19, "xpos": 5932, "ypos": 2042 },
        { "id": 19, "xpos": 5932, "ypos": 2127 },
        { "id": 19, "xpos": 5932, "ypos": 2217 },
        { "id": 19, "xpos": 5932, "ypos": 2302 },
        { "id": 19, "xpos": 5932, "ypos": 2402 },
        { "id": 19, "xpos": 5932, "ypos": 2482 },
        { "id": 19, "xpos": 5932, "ypos": 2567 },
        { "id": 19, "xpos": 5932, "ypos": 2647 },
        { "id": 19, "xpos": 5932, "ypos": 2742 },
        { "id": 19, "xpos": 5932, "ypos": 2822 },
        { "id": 19, "xpos": 5932, "ypos": 2917 },
        { "id": 19, "xpos": 5932, "ypos": 3002 },
        { "id": 19, "xpos": 5932, "ypos": 2351 },
        { "id": 19, "xpos": 5932, "ypos": 1471 },
        { "id": 19, "xpos": 6315, "ypos": 629 },
        { "id": 19, "xpos": 6315, "ypos": 674 },
        { "id": 19, "xpos": 6315, "ypos": 734 },
        { "id": 19, "xpos": 6315, "ypos": 789 },
        { "id": 19, "xpos": 6315, "ypos": 849 },
        { "id": 19, "xpos": 6315, "ypos": 914 },
        { "id": 19, "xpos": 6315, "ypos": 984 },
        { "id": 19, "xpos": 6314, "ypos": 604 },
        { "id": 19, "xpos": 4583, "ypos": 984 },
        { "id": 19, "xpos": 4583, "ypos": 939 },
        { "id": 19, "xpos": 4583, "ypos": 864 },
        { "id": 19, "xpos": 4583, "ypos": 769 },
        { "id": 19, "xpos": 4583, "ypos": 684 },
        { "id": 19, "xpos": 4928, "ypos": 300 },
        { "id": 19, "xpos": 4928, "ypos": 365 },
        { "id": 19, "xpos": 4928, "ypos": 425 },
        { "id": 19, "xpos": 4928, "ypos": 485 },
        { "id": 19, "xpos": 4928, "ypos": 530 },
        { "id": 19, "xpos": 4928, "ypos": 570 },
        { "id": 23, "xpos": 6897, "ypos": 3026 },
        { "id": 33, "xpos": 4651, "ypos": 714 },
        { "id": 33, "xpos": 4682, "ypos": 716 },
        { "id": 33, "xpos": 4713, "ypos": 714 },
        { "id": 34, "xpos": 4744, "ypos": 714 },
        { "id": 34, "xpos": 4743, "ypos": 684 },
        { "id": 34, "xpos": 4742, "ypos": 655 },
        { "id": 19, "xpos": 4768, "ypos": 654 },
        { "id": 19, "xpos": 6121, "ypos": 1160 },
        { "id": 19, "xpos": 6121, "ypos": 1235 },
        { "id": 19, "xpos": 6121, "ypos": 1315 },
        { "id": 19, "xpos": 6121, "ypos": 1375 },
        { "id": 19, "xpos": 6121, "ypos": 1435 },
        { "id": 19, "xpos": 6121, "ypos": 1620 },
        { "id": 19, "xpos": 6122, "ypos": 1527 },
        { "id": 19, "xpos": 6122, "ypos": 1709 },
        { "id": 19, "xpos": 6122, "ypos": 1794 },
        { "id": 19, "xpos": 6122, "ypos": 1874 },
        { "id": 19, "xpos": 6122, "ypos": 1944 },
        { "id": 19, "xpos": 6122, "ypos": 2029 },
        { "id": 19, "xpos": 6122, "ypos": 2109 },
        { "id": 19, "xpos": 6122, "ypos": 2184 },
        { "id": 19, "xpos": 6122, "ypos": 2254 },
        { "id": 19, "xpos": 6122, "ypos": 2329 },
        { "id": 19, "xpos": 6122, "ypos": 2414 },
        { "id": 19, "xpos": 6122, "ypos": 2509 },
        { "id": 19, "xpos": 6122, "ypos": 2599 },
        { "id": 19, "xpos": 6122, "ypos": 2679 },
        { "id": 19, "xpos": 6122, "ypos": 2769 },
        { "id": 19, "xpos": 6122, "ypos": 2844 },
        { "id": 19, "xpos": 6122, "ypos": 2924 },
        { "id": 19, "xpos": 6122, "ypos": 2999 },
        { "id": 19, "xpos": 4609, "ypos": 228 },
        { "id": 34, "xpos": 4649, "ypos": 744 },
        { "id": 34, "xpos": 4681, "ypos": 745 },
        { "id": 34, "xpos": 4711, "ypos": 746 },
        { "id": 34, "xpos": 4741, "ypos": 746 },
        { "id": 34, "xpos": 5998, "ypos": 1170 },
        { "id": 34, "xpos": 6030, "ypos": 1170 },
        { "id": 34, "xpos": 6061, "ypos": 1170 },
        { "id": 34, "xpos": 6090, "ypos": 1170 },
        { "id": 35, "xpos": 6107, "ypos": 655 },
        { "id": 35, "xpos": 4743, "ypos": 351 },
        { "id": 33, "xpos": 4710, "ypos": 348 },
        { "id": 34, "xpos": 4806, "ypos": 350 },
        { "id": 24, "xpos": 3799, "ypos": 4498 },
        { "id": 24, "xpos": 3796, "ypos": 4409 },
        { "id": 24, "xpos": 3842, "ypos": 4410 },
        { "id": 24, "xpos": 3890, "ypos": 4409 },
        { "id": 24, "xpos": 3798, "ypos": 4452 },
        { "id": 24, "xpos": 3844, "ypos": 4452 },
        { "id": 24, "xpos": 3890, "ypos": 4450 },
        { "id": 24, "xpos": 3889, "ypos": 4497 },
        { "id": 24, "xpos": 3845, "ypos": 4498 },
        { "id": 24, "xpos": 4051, "ypos": 4505 },
        { "id": 24, "xpos": 4051, "ypos": 4440 },
        { "id": 24, "xpos": 4051, "ypos": 4370 },
        { "id": 24, "xpos": 4051, "ypos": 4295 },
        { "id": 24, "xpos": 4052, "ypos": 4225 },
        { "id": 24, "xpos": 4052, "ypos": 4160 },
        { "id": 6, "xpos": 3151, "ypos": 5444 },
        { "id": 25, "xpos": 5892, "ypos": 3828 },
        { "id": 25, "xpos": 5887, "ypos": 3509 },
        { "id": 26, "xpos": 6606, "ypos": 3444 },
        { "id": 25, "xpos": 6519, "ypos": 3509 },
        { "id": 22, "xpos": 6288, "ypos": 3808 }
    ],
    "enemylist": [
        { "id": 5, "xpos": 3845, "ypos": 5724 },
        { "id": 7, "xpos": 1771, "ypos": 5835 },
        { "id": 7, "xpos": 1556, "ypos": 5835 },
        { "id": 6, "xpos": 3587, "ypos": 4869 },
        { "id": 8, "xpos": 5740, "ypos": 4182 },
        { "id": 0, "xpos": 5525, "ypos": 4180 },
        { "id": 2, "xpos": 3780, "ypos": 4700 },
        { "id": 6, "xpos": 5311, "ypos": 3493 },
        { "id": 2, "xpos": 6752, "ypos": 2814 },
        { "id": 6, "xpos": 5379, "ypos": 3317 },
        { "id": 6, "xpos": 5559, "ypos": 3432 },
        { "id": 8, "xpos": 1901, "ypos": 5061 },
        { "id": 8, "xpos": 2396, "ypos": 5061 },
        { "id": 0, "xpos": 1171, "ypos": 5061 },
        { "id": 0, "xpos": 861, "ypos": 5061 },
        { "id": 6, "xpos": 3494, "ypos": 4726 }
    ]
}
