{
    "name":         "Prototype",
    "act":          1,
    "theme":        "data/themes/prototype.bricks.json",
    "bgtheme":      "data/themes/prototype.bg.json",    
    "Xspawn_point":  { "x": 31, "y": 270 },
    "1spawn_point":  { "x": 214, "y": 415 },
    "2spawn_point":  { "x": 714, "y": 415 },
    "spawn_point":  { "x": 1500, "y": 415 },
    "dialogbox": [
        {
                    "xpos": 300,
                    "ypos": 0,
                    "width": 200,
                    "height": 450,
                    "title": "PROTOTYPE_1_TITLE_0",
                    "message": "PROTOTYPE_1_MSG_0"
        }
    ],
    "bricklist": [
        { "id": 0, "xpos": 2528, "ypos": 416 },
        { "id": 0, "xpos": 2464, "ypos": 416 },
        { "id": 0, "xpos": 2400, "ypos": 416 },
        { "id": 0, "xpos": 2336, "ypos": 416 },
        { "id": 0, "xpos": 2272, "ypos": 416 },
        { "id": 0, "xpos": 2208, "ypos": 416 },
        { "id": 0, "xpos": 2144, "ypos": 416 },
        { "id": 0, "xpos": 2080, "ypos": 416 },
        { "id": 0, "xpos": 2016, "ypos": 416 },
        { "id": 11, "xpos": 1088, "ypos": 416 },
        { "id": 11, "xpos": 0, "ypos": 416 },
        { "id": 0, "xpos": 1952, "ypos": 416 },
        { "id": 0, "xpos": 1472, "ypos": 416 },
        { "id": 0, "xpos": 64, "ypos": 416 },
        { "id": 0, "xpos": 128, "ypos": 416 },
        { "id": 0, "xpos": 192, "ypos": 416 },
        { "id": 0, "xpos": 256, "ypos": 416 },
        { "id": 0, "xpos": 320, "ypos": 416 },
        { "id": 0, "xpos": 384, "ypos": 416 },
        { "id": 0, "xpos": 448, "ypos": 416 },
        { "id": 0, "xpos": 512, "ypos": 416 },
        { "id": 0, "xpos": 576, "ypos": 416 },
        { "id": 0, "xpos": 640, "ypos": 416 },
        { "id": 0, "xpos": 704, "ypos": 416 },
        { "id": 0, "xpos": 768, "ypos": 416 },
        { "id": 0, "xpos": 832, "ypos": 416 },
        { "id": 0, "xpos": 896, "ypos": 416 },
        { "id": 0, "xpos": 960, "ypos": 416 },
        { "id": 0, "xpos": 1024, "ypos": 416 },
        { "id": 0, "xpos": 576, "ypos": 416 },
        { "id": 0, "xpos": 1248, "ypos": 416 },
        { "id": 0, "xpos": 1408, "ypos": 416 },
        { "id": 0, "xpos": 1344, "ypos": 416 },
        { "id": 0, "xpos": 1312, "ypos": 416 },
        { "id": 0, "xpos": 1216, "ypos": 416 },
        { "id": 9, "xpos": 1696, "ypos": 400 },
        { "id": 0, "xpos": 0, "ypos": 352 },
        { "id": 0, "xpos": 1152, "ypos": 288 },
        { "id": 0, "xpos": 1280, "ypos": 288 },
        { "id": 0, "xpos": 1344, "ypos": 288 },
        { "id": 10, "xpos": 1664, "ypos": 240 },
        { "id": 11, "xpos": 256, "ypos": 160 },
        { "id": 11, "xpos": 1088, "ypos": 128 },
        { "id": 11, "xpos": 576, "ypos": 128 },
        { "id": 11, "xpos": 320, "ypos": 128 },
        { "id": 7, "xpos": 384, "ypos": 128 },
        { "id": 7, "xpos": 512, "ypos": 128 },
        { "id": 7, "xpos": 448, "ypos": 128 },
        { "id": 11, "xpos": 319, "ypos": 96 },
        { "id": 11, "xpos": 383, "ypos": 96 },
        { "id": 11, "xpos": 447, "ypos": 96 },
        { "id": 11, "xpos": 509, "ypos": 96 },
        { "id": 11, "xpos": 572, "ypos": 96 },
        { "id": 11, "xpos": 576, "ypos": 96 },
        { "id": 7, "xpos": 896, "ypos": 64 },
        { "id": 11, "xpos": 1088, "ypos": 64 },
        { "id": 7, "xpos": 960, "ypos": 64 },
        { "id": 7, "xpos": 1024, "ypos": 64 },
        { "id": 11, "xpos": 1408, "ypos": 32 },
        { "id": 11, "xpos": 896, "ypos": 0 },
        { "id": 7, "xpos": 1840, "ypos": 0 },
        { "id": 7, "xpos": 1904, "ypos": 0 },
        { "id": 7, "xpos": 1968, "ypos": 0 },
        { "id": 7, "xpos": 2032, "ypos": 0 },
        { "id": 7, "xpos": 2096, "ypos": 0 },
        { "id": 7, "xpos": 2160, "ypos": 0 },
        { "id": 7, "xpos": 2224, "ypos": 0 },
        { "id": 7, "xpos": 2288, "ypos": 0 },
        { "id": 7, "xpos": 2352, "ypos": 0 },
        { "id": 7, "xpos": 2416, "ypos": 0 },
        { "id": 7, "xpos": 2528, "ypos": 0 },
        { "id": 7, "xpos": 2464, "ypos": 0 },
        { "id": 11, "xpos": 1408, "ypos": 0 },
        { "id": 11, "xpos": 1024, "ypos": 0 },
        { "id": 11, "xpos": 960, "ypos": 0 },
        { "id": 11, "xpos": 1088, "ypos": 0 },
        { "id": 8, "xpos": 1152, "ypos": 416 },
        { "id": 6, "xpos": 576, "ypos": 384 },
        { "id": 1, "xpos": 512, "ypos": 353 },
        { "id": 2, "xpos": 384, "ypos": 352 },
        { "id": 8, "xpos": 320, "ypos": 352 },
        { "id": 6, "xpos": 2592, "ypos": 352 },
        { "id": 1, "xpos": 2528, "ypos": 352 },
        { "id": 1, "xpos": 1024, "ypos": 352 },
        { "id": 6, "xpos": 1088, "ypos": 352 },
        { "id": 8, "xpos": 1152, "ypos": 352 },
        { "id": 8, "xpos": 320, "ypos": 320 },
        { "id": 6, "xpos": 576, "ypos": 320 },
        { "id": 6, "xpos": 2592, "ypos": 288 },
        { "id": 6, "xpos": 1408, "ypos": 288 },
        { "id": 1, "xpos": 1088, "ypos": 288 },
        { "id": 6, "xpos": 576, "ypos": 256 },
        { "id": 8, "xpos": 320, "ypos": 256 },
        { "id": 6, "xpos": 2592, "ypos": 224 },
        { "id": 6, "xpos": 1408, "ypos": 224 },
        { "id": 8, "xpos": 320, "ypos": 192 },
        { "id": 6, "xpos": 576, "ypos": 192 },
        { "id": 4, "xpos": 512, "ypos": 192 },
        { "id": 5, "xpos": 384, "ypos": 192 },
        { "id": 6, "xpos": 2592, "ypos": 160 },
        { "id": 6, "xpos": 1408, "ypos": 160 },
        { "id": 4, "xpos": 1024, "ypos": 128 },
        { "id": 6, "xpos": 2592, "ypos": 96 },
        { "id": 6, "xpos": 1408, "ypos": 96 },
        { "id": 4, "xpos": 2528, "ypos": 64 },
        { "id": 6, "xpos": 2592, "ypos": 32 },
        { "id": 14, "xpos": 739, "ypos": 355 },
        { "id": 13, "xpos": 2036, "ypos": 354 },
        { "id": 13, "xpos": 2160, "ypos": 354 },
        { "id": 13, "xpos": 2098, "ypos": 353 },
        { "id": 13, "xpos": 64, "ypos": 352 },
        { "id": 13, "xpos": 2040, "ypos": 291 },
        { "id": 13, "xpos": 2100, "ypos": 291 },
        { "id": 13, "xpos": 2163, "ypos": 290 },
        { "id": 13, "xpos": 0, "ypos": 288 },
        { "id": 13, "xpos": 64, "ypos": 288 },
        { "id": 14, "xpos": 740, "ypos": 284 },
        { "id": 13, "xpos": 2163, "ypos": 231 },
        { "id": 13, "xpos": 2103, "ypos": 230 },
        { "id": 13, "xpos": 2041, "ypos": 230 },
        { "id": 14, "xpos": 740, "ypos": 208 },
        { "id": 13, "xpos": 2164, "ypos": 171 },
        { "id": 13, "xpos": 2103, "ypos": 171 },
        { "id": 13, "xpos": 2040, "ypos": 171 },
        { "id": 14, "xpos": 740, "ypos": 126 },
        { "id": 3, "xpos": 2592, "ypos": 416 },
        { "id": 3, "xpos": 2240, "ypos": 352 },
        { "id": 3, "xpos": 2304, "ypos": 352 },
        { "id": 3, "xpos": 2240, "ypos": 288 },
        { "id": 3, "xpos": 2304, "ypos": 288 },
        { "id": 3, "xpos": 2368, "ypos": 224 },
        { "id": 3, "xpos": 2304, "ypos": 224 },
        { "id": 3, "xpos": 2368, "ypos": 160 },
        { "id": 3, "xpos": 2304, "ypos": 160 },
        { "id": 3, "xpos": 2304, "ypos": 128 },
        { "id": 3, "xpos": 2240, "ypos": 64 },
        { "id": 3, "xpos": 2304, "ypos": 64 },
        { "id": 3, "xpos": 2592, "ypos": 0 }
    ],
    "itemlist": [
        { "id": 2, "xpos": 954, "ypos": 416 },
        { "id": 3, "xpos": 925, "ypos": 416 },
        { "id": 3, "xpos": 895, "ypos": 416 },
        { "id": 22, "xpos": 63, "ypos": 388 },
        { "id": 0, "xpos": 1104, "ypos": 299 },
        { "id": 0, "xpos": 1073, "ypos": 339 },
        { "id": 0, "xpos": 1040, "ypos": 374 },
        { "id": 0, "xpos": 436, "ypos": 364 },
        { "id": 0, "xpos": 402, "ypos": 306 },
        { "id": 0, "xpos": 431, "ypos": 242 },
        { "id": 0, "xpos": 482, "ypos": 214 },
        { "id": 0, "xpos": 530, "ypos": 241 },
        { "id": 0, "xpos": 559, "ypos": 307 },
        { "id": 0, "xpos": 532, "ypos": 367 },
        { "id": 0, "xpos": 482, "ypos": 404 },
        { "id": 3, "xpos": 865, "ypos": 416 },
        { "id": 19, "xpos": 288, "ypos": 35 },
        { "id": 19, "xpos": 256, "ypos": 34 },
        { "id": 19, "xpos": 672, "ypos": 320 },
        { "id": 19, "xpos": 672, "ypos": 224 },
        { "id": 19, "xpos": 672, "ypos": 128 },
        { "id": 19, "xpos": 256, "ypos": 128 },
        { "id": 19, "xpos": 256, "ypos": 224 },
        { "id": 19, "xpos": 256, "ypos": 320 },
        { "id": 18, "xpos": 640, "ypos": 128 },
        { "id": 18, "xpos": 640, "ypos": 224 },
        { "id": 18, "xpos": 640, "ypos": 320 },
        { "id": 16, "xpos": 288, "ypos": 128 },
        { "id": 16, "xpos": 288, "ypos": 224 },
        { "id": 16, "xpos": 288, "ypos": 320 },
        { "id": 0, "xpos": 1056, "ypos": 192 },
        { "id": 0, "xpos": 1024, "ypos": 160 },
        { "id": 0, "xpos": 976, "ypos": 144 },
        { "id": 0, "xpos": 928, "ypos": 144 },
        { "id": 4, "xpos": 2032, "ypos": 416 },
        { "id": 17, "xpos": 464, "ypos": 192 },
        { "id": 19, "xpos": 640, "ypos": 35 },
        { "id": 19, "xpos": 672, "ypos": 35 },
        { "id": 31, "xpos": 489, "ypos": 94 },
        { "id": 1, "xpos": 2133, "ypos": 171 },
        { "id": 5, "xpos": 27, "ypos": 352 }
    ],
    "enemylist": [
        { "id": 0, "xpos": 1351, "ypos": 281 },
        { "id": 9, "xpos": 2131, "ypos": 350 },
        { "id": 7, "xpos": 2084, "ypos": 283 },
        { "id": 8, "xpos": 2137, "ypos": 406 },
        { "id": 8, "xpos": 2188, "ypos": 283 },
        { "id": 9, "xpos": 2064, "ypos": 345 },
        { "id": 0, "xpos": 2102, "ypos": 224 }
    ]
}
