{
    "name":         "Template",
    "act":          1,
    "theme":        "data/themes/template.bricks.json",
    "bgtheme":      "data/themes/template.bg.json",
    "grouptheme":   "data/themes/template.group.json",
    "spawn_point":  { "x": 36, "y": 410 },
    "dialogbox": [
        
    ],
    "bricklist": [
        { "id": 101, "xpos": 6917, "ypos": 1316 },
        { "id": 101, "xpos": 7113, "ypos": 1315 },
        { "id": 101, "xpos": 4940, "ypos": 646 },
        { "id": 101, "xpos": 271, "ypos": 392 },
        { "id": 101, "xpos": 171, "ypos": 392 },
        { "id": 0, "xpos": 3406, "ypos": 2777 },
        { "id": 0, "xpos": 3502, "ypos": 2777 },
        { "id": 0, "xpos": 3598, "ypos": 2777 },
        { "id": 0, "xpos": 3694, "ypos": 2777 },
        { "id": 0, "xpos": 3790, "ypos": 2777 },
        { "id": 0, "xpos": 3886, "ypos": 2777 },
        { "id": 0, "xpos": 3982, "ypos": 2777 },
        { "id": 0, "xpos": 4078, "ypos": 2777 },
        { "id": 0, "xpos": 4174, "ypos": 2777 },
        { "id": 0, "xpos": 4270, "ypos": 2777 },
        { "id": 0, "xpos": 4366, "ypos": 2777 },
        { "id": 0, "xpos": 4462, "ypos": 2777 },
        { "id": 0, "xpos": 4558, "ypos": 2777 },
        { "id": 0, "xpos": 4654, "ypos": 2777 },
        { "id": 0, "xpos": 4750, "ypos": 2777 },
        { "id": 0, "xpos": 4846, "ypos": 2777 },
        { "id": 0, "xpos": 4942, "ypos": 2777 },
        { "id": 0, "xpos": 3310, "ypos": 2777 },
        { "id": 0, "xpos": 3310, "ypos": 2737 },
        { "id": 0, "xpos": 4942, "ypos": 2729 },
        { "id": 0, "xpos": 3310, "ypos": 2689 },
        { "id": 0, "xpos": 3310, "ypos": 2641 },
        { "id": 0, "xpos": 3310, "ypos": 2593 },
        { "id": 0, "xpos": 3310, "ypos": 2545 },
        { "id": 0, "xpos": 3310, "ypos": 2497 },
        { "id": 0, "xpos": 3310, "ypos": 2449 },
        { "id": 1016, "xpos": 4867, "ypos": 2438 },
        { "id": 1016, "xpos": 4772, "ypos": 2438 },
        { "id": 1016, "xpos": 4700, "ypos": 2438 },
        { "id": 1016, "xpos": 4652, "ypos": 2438 },
        { "id": 1016, "xpos": 4558, "ypos": 2438 },
        { "id": 1016, "xpos": 4464, "ypos": 2438 },
        { "id": 1016, "xpos": 4368, "ypos": 2438 },
        { "id": 1016, "xpos": 4296, "ypos": 2438 },
        { "id": 1016, "xpos": 4212, "ypos": 2438 },
        { "id": 1016, "xpos": 4174, "ypos": 2438 },
        { "id": 0, "xpos": 3310, "ypos": 2401 },
        { "id": 0, "xpos": 3310, "ypos": 2353 },
        { "id": 0, "xpos": 4558, "ypos": 2306 },
        { "id": 0, "xpos": 4462, "ypos": 2306 },
        { "id": 0, "xpos": 4366, "ypos": 2306 },
        { "id": 0, "xpos": 4270, "ypos": 2306 },
        { "id": 0, "xpos": 4174, "ypos": 2306 },
        { "id": 0, "xpos": 4078, "ypos": 2306 },
        { "id": 0, "xpos": 3982, "ypos": 2306 },
        { "id": 0, "xpos": 3886, "ypos": 2306 },
        { "id": 0, "xpos": 3790, "ypos": 2306 },
        { "id": 0, "xpos": 3694, "ypos": 2306 },
        { "id": 0, "xpos": 3598, "ypos": 2306 },
        { "id": 0, "xpos": 3502, "ypos": 2306 },
        { "id": 0, "xpos": 3406, "ypos": 2306 },
        { "id": 0, "xpos": 3310, "ypos": 2306 },
        { "id": 0, "xpos": 4558, "ypos": 2258 },
        { "id": 0, "xpos": 4558, "ypos": 2210 },
        { "id": 0, "xpos": 4558, "ypos": 2162 },
        { "id": 0, "xpos": 4558, "ypos": 2114 },
        { "id": 0, "xpos": 4558, "ypos": 2066 },
        { "id": 1016, "xpos": 4899, "ypos": 2030 },
        { "id": 1016, "xpos": 4803, "ypos": 2030 },
        { "id": 1016, "xpos": 4707, "ypos": 2030 },
        { "id": 1016, "xpos": 4994, "ypos": 2030 },
        { "id": 1016, "xpos": 5058, "ypos": 2030 },
        { "id": 1016, "xpos": 5082, "ypos": 2030 },
        { "id": 1016, "xpos": 5142, "ypos": 2030 },
        { "id": 1016, "xpos": 5166, "ypos": 2030 },
        { "id": 1016, "xpos": 5214, "ypos": 2030 },
        { "id": 1016, "xpos": 5250, "ypos": 2030 },
        { "id": 1016, "xpos": 5322, "ypos": 2030 },
        { "id": 0, "xpos": 4558, "ypos": 2018 },
        { "id": 0, "xpos": 4558, "ypos": 1970 },
        { "id": 0, "xpos": 4558, "ypos": 1922 },
        { "id": 0, "xpos": 4558, "ypos": 1874 },
        { "id": 0, "xpos": 4558, "ypos": 1826 },
        { "id": 1019, "xpos": 4734, "ypos": 1812 },
        { "id": 1018, "xpos": 4934, "ypos": 1798 },
        { "id": 1020, "xpos": 4734, "ypos": 1798 },
        { "id": 1021, "xpos": 4707, "ypos": 1798 },
        { "id": 0, "xpos": 4558, "ypos": 1778 },
        { "id": 0, "xpos": 4558, "ypos": 1730 },
        { "id": 0, "xpos": 4558, "ypos": 1682 },
        { "id": 0, "xpos": 4558, "ypos": 1634 },
        { "id": 1016, "xpos": 5354, "ypos": 1622 },
        { "id": 1016, "xpos": 5258, "ypos": 1622 },
        { "id": 1016, "xpos": 5162, "ypos": 1622 },
        { "id": 0, "xpos": 5449, "ypos": 1622 },
        { "id": 0, "xpos": 5545, "ypos": 1622 },
        { "id": 0, "xpos": 5641, "ypos": 1622 },
        { "id": 0, "xpos": 4558, "ypos": 1586 },
        { "id": 0, "xpos": 4558, "ypos": 1538 },
        { "id": 0, "xpos": 4558, "ypos": 1490 },
        { "id": 0, "xpos": 5545, "ypos": 1489 },
        { "id": 0, "xpos": 4558, "ypos": 1442 },
        { "id": 0, "xpos": 5545, "ypos": 1441 },
        { "id": 1019, "xpos": 5189, "ypos": 1404 },
        { "id": 0, "xpos": 4558, "ypos": 1394 },
        { "id": 0, "xpos": 5545, "ypos": 1393 },
        { "id": 1018, "xpos": 5389, "ypos": 1390 },
        { "id": 1020, "xpos": 5189, "ypos": 1390 },
        { "id": 1021, "xpos": 5162, "ypos": 1390 },
        { "id": 0, "xpos": 7173, "ypos": 1370 },
        { "id": 0, "xpos": 7077, "ypos": 1370 },
        { "id": 0, "xpos": 6981, "ypos": 1370 },
        { "id": 0, "xpos": 6885, "ypos": 1370 },
        { "id": 0, "xpos": 6789, "ypos": 1370 },
        { "id": 0, "xpos": 4558, "ypos": 1346 },
        { "id": 0, "xpos": 5545, "ypos": 1345 },
        { "id": 0, "xpos": 4558, "ypos": 1298 },
        { "id": 0, "xpos": 5545, "ypos": 1297 },
        { "id": 0, "xpos": 4558, "ypos": 1250 },
        { "id": 0, "xpos": 5545, "ypos": 1249 },
        { "id": 0, "xpos": 6979, "ypos": 1230 },
        { "id": 0, "xpos": 4558, "ypos": 1202 },
        { "id": 0, "xpos": 5545, "ypos": 1201 },
        { "id": 0, "xpos": 5449, "ypos": 1201 },
        { "id": 0, "xpos": 5391, "ypos": 1201 },
        { "id": 0, "xpos": 5343, "ypos": 1201 },
        { "id": 0, "xpos": 5259, "ypos": 1201 },
        { "id": 0, "xpos": 5199, "ypos": 1201 },
        { "id": 0, "xpos": 5151, "ypos": 1201 },
        { "id": 0, "xpos": 5091, "ypos": 1201 },
        { "id": 0, "xpos": 5067, "ypos": 1201 },
        { "id": 0, "xpos": 5031, "ypos": 1201 },
        { "id": 0, "xpos": 4959, "ypos": 1201 },
        { "id": 0, "xpos": 4911, "ypos": 1201 },
        { "id": 0, "xpos": 4851, "ypos": 1201 },
        { "id": 0, "xpos": 4791, "ypos": 1201 },
        { "id": 0, "xpos": 4743, "ypos": 1201 },
        { "id": 0, "xpos": 4695, "ypos": 1201 },
        { "id": 0, "xpos": 4654, "ypos": 1201 },
        { "id": 0, "xpos": 6979, "ypos": 1183 },
        { "id": 0, "xpos": 5545, "ypos": 1153 },
        { "id": 0, "xpos": 6979, "ypos": 1135 },
        { "id": 0, "xpos": 5545, "ypos": 1105 },
        { "id": 0, "xpos": 6979, "ypos": 1087 },
        { "id": 0, "xpos": 5096, "ypos": 1068 },
        { "id": 0, "xpos": 5545, "ypos": 1057 },
        { "id": 0, "xpos": 6979, "ypos": 1039 },
        { "id": 0, "xpos": 5096, "ypos": 1021 },
        { "id": 0, "xpos": 5000, "ypos": 1021 },
        { "id": 0, "xpos": 4904, "ypos": 1021 },
        { "id": 0, "xpos": 4809, "ypos": 1021 },
        { "id": 0, "xpos": 5545, "ypos": 1009 },
        { "id": 0, "xpos": 6979, "ypos": 991 },
        { "id": 0, "xpos": 5545, "ypos": 961 },
        { "id": 0, "xpos": 6979, "ypos": 943 },
        { "id": 0, "xpos": 5545, "ypos": 913 },
        { "id": 0, "xpos": 5545, "ypos": 911 },
        { "id": 0, "xpos": 5000, "ypos": 893 },
        { "id": 0, "xpos": 5192, "ypos": 863 },
        { "id": 0, "xpos": 5767, "ypos": 863 },
        { "id": 0, "xpos": 5671, "ypos": 863 },
        { "id": 0, "xpos": 5575, "ypos": 863 },
        { "id": 0, "xpos": 5479, "ypos": 863 },
        { "id": 0, "xpos": 5383, "ypos": 863 },
        { "id": 0, "xpos": 5287, "ypos": 863 },
        { "id": 0, "xpos": 5000, "ypos": 845 },
        { "id": 0, "xpos": 6979, "ypos": 801 },
        { "id": 0, "xpos": 5000, "ypos": 797 },
        { "id": 0, "xpos": 3785, "ypos": 790 },
        { "id": 0, "xpos": 3689, "ypos": 790 },
        { "id": 0, "xpos": 3593, "ypos": 790 },
        { "id": 0, "xpos": 3209, "ypos": 790 },
        { "id": 0, "xpos": 3305, "ypos": 790 },
        { "id": 0, "xpos": 3401, "ypos": 790 },
        { "id": 0, "xpos": 3497, "ypos": 790 },
        { "id": 0, "xpos": 4105, "ypos": 765 },
        { "id": 0, "xpos": 4201, "ypos": 765 },
        { "id": 0, "xpos": 4233, "ypos": 765 },
        { "id": 0, "xpos": 6979, "ypos": 753 },
        { "id": 0, "xpos": 5000, "ypos": 749 },
        { "id": 0, "xpos": 5767, "ypos": 719 },
        { "id": 0, "xpos": 4105, "ypos": 717 },
        { "id": 0, "xpos": 7171, "ypos": 705 },
        { "id": 0, "xpos": 7075, "ypos": 705 },
        { "id": 0, "xpos": 6979, "ypos": 705 },
        { "id": 400, "xpos": 4488, "ypos": 701 },
        { "id": 400, "xpos": 4456, "ypos": 701 },
        { "id": 400, "xpos": 4424, "ypos": 701 },
        { "id": 400, "xpos": 4392, "ypos": 701 },
        { "id": 400, "xpos": 4360, "ypos": 701 },
        { "id": 400, "xpos": 4328, "ypos": 701 },
        { "id": 400, "xpos": 4296, "ypos": 701 },
        { "id": 400, "xpos": 4264, "ypos": 701 },
        { "id": 0, "xpos": 4808, "ypos": 701 },
        { "id": 0, "xpos": 4904, "ypos": 701 },
        { "id": 0, "xpos": 4712, "ypos": 701 },
        { "id": 0, "xpos": 5000, "ypos": 701 },
        { "id": 0, "xpos": 4616, "ypos": 701 },
        { "id": 0, "xpos": 4520, "ypos": 701 },
        { "id": 0, "xpos": 5767, "ypos": 672 },
        { "id": 0, "xpos": 4105, "ypos": 669 },
        { "id": 0, "xpos": 5000, "ypos": 653 },
        { "id": 1019, "xpos": 5474, "ypos": 645 },
        { "id": 1021, "xpos": 5447, "ypos": 631 },
        { "id": 1020, "xpos": 5474, "ypos": 631 },
        { "id": 1018, "xpos": 5674, "ypos": 631 },
        { "id": 0, "xpos": 5767, "ypos": 624 },
        { "id": 0, "xpos": 4105, "ypos": 621 },
        { "id": 0, "xpos": 5000, "ypos": 605 },
        { "id": 0, "xpos": 5767, "ypos": 576 },
        { "id": 0, "xpos": 4105, "ypos": 573 },
        { "id": 0, "xpos": 5000, "ypos": 557 },
        { "id": 0, "xpos": 5767, "ypos": 528 },
        { "id": 0, "xpos": 4105, "ypos": 525 },
        { "id": 0, "xpos": 5000, "ypos": 509 },
        { "id": 0, "xpos": 5767, "ypos": 480 },
        { "id": 0, "xpos": 4105, "ypos": 477 },
        { "id": 0, "xpos": 5000, "ypos": 461 },
        { "id": 0, "xpos": 0, "ypos": 446 },
        { "id": 0, "xpos": 96, "ypos": 446 },
        { "id": 0, "xpos": 192, "ypos": 446 },
        { "id": 0, "xpos": 288, "ypos": 446 },
        { "id": 0, "xpos": 5767, "ypos": 432 },
        { "id": 0, "xpos": 4105, "ypos": 430 },
        { "id": 0, "xpos": 5000, "ypos": 413 },
        { "id": 0, "xpos": 5767, "ypos": 384 },
        { "id": 0, "xpos": 666, "ypos": 383 },
        { "id": 0, "xpos": 570, "ypos": 383 },
        { "id": 0, "xpos": 474, "ypos": 383 },
        { "id": 0, "xpos": 762, "ypos": 383 },
        { "id": 0, "xpos": 857, "ypos": 383 },
        { "id": 0, "xpos": 953, "ypos": 383 },
        { "id": 0, "xpos": 1497, "ypos": 383 },
        { "id": 0, "xpos": 1593, "ypos": 383 },
        { "id": 0, "xpos": 1689, "ypos": 383 },
        { "id": 1016, "xpos": 3817, "ypos": 382 },
        { "id": 1016, "xpos": 3721, "ypos": 382 },
        { "id": 1016, "xpos": 3625, "ypos": 382 },
        { "id": 1016, "xpos": 3369, "ypos": 382 },
        { "id": 1016, "xpos": 3273, "ypos": 382 },
        { "id": 1016, "xpos": 3177, "ypos": 382 },
        { "id": 0, "xpos": 4105, "ypos": 382 },
        { "id": 0, "xpos": 4009, "ypos": 382 },
        { "id": 0, "xpos": 3913, "ypos": 382 },
        { "id": 0, "xpos": 2889, "ypos": 382 },
        { "id": 0, "xpos": 2793, "ypos": 382 },
        { "id": 0, "xpos": 1929, "ypos": 382 },
        { "id": 0, "xpos": 2025, "ypos": 382 },
        { "id": 0, "xpos": 2121, "ypos": 382 },
        { "id": 0, "xpos": 2217, "ypos": 382 },
        { "id": 0, "xpos": 2313, "ypos": 382 },
        { "id": 0, "xpos": 2985, "ypos": 382 },
        { "id": 0, "xpos": 3081, "ypos": 382 },
        { "id": 0, "xpos": 2409, "ypos": 382 },
        { "id": 0, "xpos": 2505, "ypos": 382 },
        { "id": 0, "xpos": 2601, "ypos": 382 },
        { "id": 0, "xpos": 2697, "ypos": 382 },
        { "id": 0, "xpos": 5000, "ypos": 365 },
        { "id": 0, "xpos": 5767, "ypos": 336 },
        { "id": 0, "xpos": 1689, "ypos": 335 },
        { "id": 0, "xpos": 1929, "ypos": 334 },
        { "id": 0, "xpos": 1094, "ypos": 322 },
        { "id": 0, "xpos": 1190, "ypos": 322 },
        { "id": 0, "xpos": 1286, "ypos": 322 },
        { "id": 0, "xpos": 1382, "ypos": 322 },
        { "id": 0, "xpos": 5000, "ypos": 317 },
        { "id": 300, "xpos": 1254, "ypos": 290 },
        { "id": 300, "xpos": 1222, "ypos": 290 },
        { "id": 300, "xpos": 1190, "ypos": 290 },
        { "id": 0, "xpos": 5767, "ypos": 288 },
        { "id": 0, "xpos": 1929, "ypos": 287 },
        { "id": 0, "xpos": 1689, "ypos": 287 },
        { "id": 0, "xpos": 5000, "ypos": 270 },
        { "id": 300, "xpos": 1254, "ypos": 258 },
        { "id": 300, "xpos": 1222, "ypos": 258 },
        { "id": 300, "xpos": 1190, "ypos": 258 },
        { "id": 0, "xpos": 5767, "ypos": 241 },
        { "id": 400, "xpos": 1897, "ypos": 239 },
        { "id": 400, "xpos": 1881, "ypos": 239 },
        { "id": 400, "xpos": 1849, "ypos": 239 },
        { "id": 400, "xpos": 1817, "ypos": 239 },
        { "id": 400, "xpos": 1785, "ypos": 239 },
        { "id": 0, "xpos": 1689, "ypos": 239 },
        { "id": 0, "xpos": 1929, "ypos": 239 },
        { "id": 0, "xpos": 4105, "ypos": 238 },
        { "id": 0, "xpos": 5000, "ypos": 222 },
        { "id": 0, "xpos": 1190, "ypos": 210 },
        { "id": 0, "xpos": 5767, "ypos": 193 },
        { "id": 0, "xpos": 4105, "ypos": 190 },
        { "id": 0, "xpos": 5000, "ypos": 174 },
        { "id": 1019, "xpos": 3652, "ypos": 164 },
        { "id": 1019, "xpos": 3236, "ypos": 164 },
        { "id": 1019, "xpos": 2468, "ypos": 164 },
        { "id": 1018, "xpos": 3852, "ypos": 150 },
        { "id": 1020, "xpos": 3652, "ypos": 150 },
        { "id": 1021, "xpos": 3625, "ypos": 150 },
        { "id": 1021, "xpos": 3209, "ypos": 150 },
        { "id": 1020, "xpos": 3236, "ypos": 150 },
        { "id": 1018, "xpos": 3436, "ypos": 150 },
        { "id": 1018, "xpos": 2668, "ypos": 150 },
        { "id": 1020, "xpos": 2468, "ypos": 150 },
        { "id": 1021, "xpos": 2441, "ypos": 150 },
        { "id": 0, "xpos": 5767, "ypos": 146 },
        { "id": 0, "xpos": 4105, "ypos": 142 },
        { "id": 0, "xpos": 5000, "ypos": 126 },
        { "id": 0, "xpos": 5767, "ypos": 98 },
        { "id": 0, "xpos": 4105, "ypos": 94 },
        { "id": 0, "xpos": 5000, "ypos": 78 },
        { "id": 0, "xpos": 5767, "ypos": 51 },
        { "id": 0, "xpos": 4105, "ypos": 46 },
        { "id": 0, "xpos": 5000, "ypos": 30 },
        { "id": 0, "xpos": 5767, "ypos": 4 },
        { "id": 0, "xpos": 5767, "ypos": 0 },
        { "id": 0, "xpos": 4105, "ypos": 0 },
        { "id": 0, "xpos": 5000, "ypos": 0 },
        { "id": 1, "xpos": 3517, "ypos": 2769 },
        { "id": 1, "xpos": 3537, "ypos": 2759 },
        { "id": 1, "xpos": 3568, "ypos": 2743 },
        { "id": 1, "xpos": 3600, "ypos": 2726 },
        { "id": 1, "xpos": 3632, "ypos": 2709 },
        { "id": 1, "xpos": 3664, "ypos": 2692 },
        { "id": 1, "xpos": 3696, "ypos": 2675 },
        { "id": 1, "xpos": 3728, "ypos": 2658 },
        { "id": 1, "xpos": 3760, "ypos": 2641 },
        { "id": 1, "xpos": 3792, "ypos": 2624 },
        { "id": 1, "xpos": 3824, "ypos": 2607 },
        { "id": 1, "xpos": 3855, "ypos": 2591 },
        { "id": 1, "xpos": 3887, "ypos": 2574 },
        { "id": 1, "xpos": 3919, "ypos": 2557 },
        { "id": 1, "xpos": 3951, "ypos": 2540 },
        { "id": 1, "xpos": 3983, "ypos": 2523 },
        { "id": 1, "xpos": 4015, "ypos": 2506 },
        { "id": 1, "xpos": 4047, "ypos": 2489 },
        { "id": 1, "xpos": 4079, "ypos": 2472 },
        { "id": 1, "xpos": 4111, "ypos": 2455 },
        { "id": 1, "xpos": 4143, "ypos": 2438 },
        { "id": 1000, "xpos": 4881, "ypos": 2403 },
        { "id": 1001, "xpos": 4916, "ypos": 2352 },
        { "id": 1017, "xpos": 4934, "ypos": 2234 },
        { "id": 1017, "xpos": 4934, "ypos": 2030 },
        { "id": 1009, "xpos": 4752, "ypos": 1995 },
        { "id": 1000, "xpos": 5336, "ypos": 1995 },
        { "id": 1008, "xpos": 4734, "ypos": 1944 },
        { "id": 1001, "xpos": 5371, "ypos": 1944 },
        { "id": 1007, "xpos": 4734, "ypos": 1871 },
        { "id": 1002, "xpos": 4916, "ypos": 1871 },
        { "id": 1006, "xpos": 4752, "ypos": 1842 },
        { "id": 1003, "xpos": 4887, "ypos": 1842 },
        { "id": 1005, "xpos": 4781, "ypos": 1826 },
        { "id": 1004, "xpos": 4844, "ypos": 1826 },
        { "id": 1017, "xpos": 4934, "ypos": 1826 },
        { "id": 1022, "xpos": 4707, "ypos": 1826 },
        { "id": 1017, "xpos": 5389, "ypos": 1826 },
        { "id": 1017, "xpos": 5389, "ypos": 1622 },
        { "id": 1, "xpos": 5686, "ypos": 1613 },
        { "id": 1, "xpos": 5705, "ypos": 1607 },
        { "id": 1, "xpos": 5705, "ypos": 1603 },
        { "id": 1009, "xpos": 5207, "ypos": 1587 },
        { "id": 1, "xpos": 5737, "ypos": 1586 },
        { "id": 1, "xpos": 5769, "ypos": 1569 },
        { "id": 1, "xpos": 5801, "ypos": 1552 },
        { "id": 1008, "xpos": 5189, "ypos": 1536 },
        { "id": 1, "xpos": 5833, "ypos": 1535 },
        { "id": 1, "xpos": 5865, "ypos": 1518 },
        { "id": 1, "xpos": 5897, "ypos": 1501 },
        { "id": 1, "xpos": 5929, "ypos": 1484 },
        { "id": 1, "xpos": 5961, "ypos": 1467 },
        { "id": 1007, "xpos": 5189, "ypos": 1463 },
        { "id": 1002, "xpos": 5371, "ypos": 1463 },
        { "id": 1, "xpos": 5993, "ypos": 1450 },
        { "id": 1, "xpos": 6023, "ypos": 1435 },
        { "id": 1006, "xpos": 5207, "ypos": 1434 },
        { "id": 1003, "xpos": 5342, "ypos": 1434 },
        { "id": 1005, "xpos": 5236, "ypos": 1418 },
        { "id": 1004, "xpos": 5299, "ypos": 1418 },
        { "id": 1017, "xpos": 5389, "ypos": 1418 },
        { "id": 1022, "xpos": 5162, "ypos": 1418 },
        { "id": 1, "xpos": 6055, "ypos": 1418 },
        { "id": 1, "xpos": 6087, "ypos": 1401 },
        { "id": 1, "xpos": 6119, "ypos": 1384 },
        { "id": 1, "xpos": 6151, "ypos": 1367 },
        { "id": 4, "xpos": 6797, "ypos": 1356 },
        { "id": 4, "xpos": 6789, "ypos": 1352 },
        { "id": 1, "xpos": 6183, "ypos": 1350 },
        { "id": 4, "xpos": 6757, "ypos": 1335 },
        { "id": 1, "xpos": 6215, "ypos": 1333 },
        { "id": 4, "xpos": 6725, "ypos": 1318 },
        { "id": 1, "xpos": 6247, "ypos": 1316 },
        { "id": 4, "xpos": 6693, "ypos": 1301 },
        { "id": 1, "xpos": 6279, "ypos": 1299 },
        { "id": 4, "xpos": 6661, "ypos": 1284 },
        { "id": 1, "xpos": 6311, "ypos": 1282 },
        { "id": 4, "xpos": 6629, "ypos": 1267 },
        { "id": 1, "xpos": 6342, "ypos": 1266 },
        { "id": 4, "xpos": 6597, "ypos": 1250 },
        { "id": 1, "xpos": 6374, "ypos": 1249 },
        { "id": 4, "xpos": 6565, "ypos": 1233 },
        { "id": 1, "xpos": 6406, "ypos": 1232 },
        { "id": 4, "xpos": 6533, "ypos": 1216 },
        { "id": 1, "xpos": 6438, "ypos": 1215 },
        { "id": 4, "xpos": 6501, "ypos": 1199 },
        { "id": 1, "xpos": 6470, "ypos": 1198 },
        { "id": 1, "xpos": 6482, "ypos": 1192 },
        { "id": 4, "xpos": 6485, "ypos": 1192 },
        { "id": 4, "xpos": 6471, "ypos": 1185 },
        { "id": 1, "xpos": 6502, "ypos": 1181 },
        { "id": 4, "xpos": 6439, "ypos": 1168 },
        { "id": 1, "xpos": 6534, "ypos": 1164 },
        { "id": 4, "xpos": 6407, "ypos": 1151 },
        { "id": 1, "xpos": 6566, "ypos": 1147 },
        { "id": 4, "xpos": 6375, "ypos": 1134 },
        { "id": 1, "xpos": 6598, "ypos": 1130 },
        { "id": 4, "xpos": 6343, "ypos": 1117 },
        { "id": 1, "xpos": 6630, "ypos": 1113 },
        { "id": 4, "xpos": 6311, "ypos": 1100 },
        { "id": 1, "xpos": 6661, "ypos": 1097 },
        { "id": 4, "xpos": 6279, "ypos": 1083 },
        { "id": 1, "xpos": 6693, "ypos": 1080 },
        { "id": 4, "xpos": 6247, "ypos": 1066 },
        { "id": 1, "xpos": 6725, "ypos": 1063 },
        { "id": 4, "xpos": 6215, "ypos": 1049 },
        { "id": 1, "xpos": 6757, "ypos": 1046 },
        { "id": 4, "xpos": 6183, "ypos": 1032 },
        { "id": 1, "xpos": 6789, "ypos": 1029 },
        { "id": 4, "xpos": 6151, "ypos": 1016 },
        { "id": 1, "xpos": 6821, "ypos": 1012 },
        { "id": 4, "xpos": 4809, "ypos": 1005 },
        { "id": 4, "xpos": 6119, "ypos": 999 },
        { "id": 1, "xpos": 6853, "ypos": 995 },
        { "id": 4, "xpos": 4777, "ypos": 989 },
        { "id": 1000, "xpos": 5139, "ypos": 986 },
        { "id": 4, "xpos": 6087, "ypos": 982 },
        { "id": 1, "xpos": 6885, "ypos": 978 },
        { "id": 4, "xpos": 4745, "ypos": 973 },
        { "id": 4, "xpos": 6055, "ypos": 965 },
        { "id": 1, "xpos": 6917, "ypos": 961 },
        { "id": 4, "xpos": 4713, "ypos": 957 },
        { "id": 4, "xpos": 6023, "ypos": 948 },
        { "id": 1, "xpos": 6949, "ypos": 944 },
        { "id": 4, "xpos": 4681, "ypos": 941 },
        { "id": 1001, "xpos": 5174, "ypos": 935 },
        { "id": 4, "xpos": 5991, "ypos": 931 },
        { "id": 4, "xpos": 4649, "ypos": 925 },
        { "id": 4, "xpos": 5959, "ypos": 914 },
        { "id": 1017, "xpos": 5192, "ypos": 911 },
        { "id": 4, "xpos": 4617, "ypos": 909 },
        { "id": 4, "xpos": 5927, "ypos": 897 },
        { "id": 4, "xpos": 4585, "ypos": 893 },
        { "id": 4, "xpos": 5895, "ypos": 880 },
        { "id": 4, "xpos": 4553, "ypos": 877 },
        { "id": 4, "xpos": 5863, "ypos": 863 },
        { "id": 4, "xpos": 4521, "ypos": 861 },
        { "id": 4, "xpos": 4489, "ypos": 846 },
        { "id": 4, "xpos": 4457, "ypos": 830 },
        { "id": 1000, "xpos": 5621, "ypos": 828 },
        { "id": 1009, "xpos": 5492, "ypos": 828 },
        { "id": 4, "xpos": 4425, "ypos": 814 },
        { "id": 4, "xpos": 4393, "ypos": 798 },
        { "id": 4, "xpos": 4361, "ypos": 782 },
        { "id": 1008, "xpos": 5474, "ypos": 778 },
        { "id": 1001, "xpos": 5656, "ypos": 777 },
        { "id": 4, "xpos": 4329, "ypos": 766 },
        { "id": 1000, "xpos": 3799, "ypos": 755 },
        { "id": 1009, "xpos": 3254, "ypos": 755 },
        { "id": 1008, "xpos": 3236, "ypos": 705 },
        { "id": 1001, "xpos": 3834, "ypos": 704 },
        { "id": 1002, "xpos": 5656, "ypos": 704 },
        { "id": 1007, "xpos": 5474, "ypos": 704 },
        { "id": 4, "xpos": 4808, "ypos": 685 },
        { "id": 1003, "xpos": 5627, "ypos": 675 },
        { "id": 1006, "xpos": 5492, "ypos": 675 },
        { "id": 4, "xpos": 4776, "ypos": 669 },
        { "id": 1022, "xpos": 5447, "ypos": 659 },
        { "id": 1017, "xpos": 5674, "ypos": 659 },
        { "id": 1004, "xpos": 5584, "ypos": 659 },
        { "id": 1005, "xpos": 5521, "ypos": 659 },
        { "id": 4, "xpos": 4744, "ypos": 653 },
        { "id": 4, "xpos": 4712, "ypos": 637 },
        { "id": 4, "xpos": 4680, "ypos": 621 },
        { "id": 4, "xpos": 4648, "ypos": 605 },
        { "id": 4, "xpos": 4616, "ypos": 589 },
        { "id": 1017, "xpos": 3852, "ypos": 586 },
        { "id": 1022, "xpos": 3209, "ypos": 586 },
        { "id": 4, "xpos": 4584, "ypos": 573 },
        { "id": 4, "xpos": 4552, "ypos": 557 },
        { "id": 4, "xpos": 4520, "ypos": 541 },
        { "id": 4, "xpos": 4488, "ypos": 526 },
        { "id": 4, "xpos": 4456, "ypos": 510 },
        { "id": 4, "xpos": 4424, "ypos": 494 },
        { "id": 4, "xpos": 4392, "ypos": 478 },
        { "id": 4, "xpos": 4360, "ypos": 462 },
        { "id": 4, "xpos": 4328, "ypos": 446 },
        { "id": 1, "xpos": 345, "ypos": 431 },
        { "id": 4, "xpos": 4296, "ypos": 430 },
        { "id": 1, "xpos": 352, "ypos": 428 },
        { "id": 4, "xpos": 4264, "ypos": 414 },
        { "id": 1, "xpos": 382, "ypos": 413 },
        { "id": 1, "xpos": 412, "ypos": 398 },
        { "id": 4, "xpos": 4232, "ypos": 398 },
        { "id": 1, "xpos": 442, "ypos": 383 },
        { "id": 1017, "xpos": 3852, "ypos": 382 },
        { "id": 1022, "xpos": 3209, "ypos": 382 },
        { "id": 4, "xpos": 4200, "ypos": 382 },
        { "id": 5, "xpos": 2158, "ypos": 373 },
        { "id": 2, "xpos": 1033, "ypos": 367 },
        { "id": 6, "xpos": 1497, "ypos": 362 },
        { "id": 5, "xpos": 2144, "ypos": 359 },
        { "id": 2, "xpos": 1048, "ypos": 352 },
        { "id": 1009, "xpos": 3670, "ypos": 347 },
        { "id": 1000, "xpos": 3383, "ypos": 347 },
        { "id": 1009, "xpos": 2486, "ypos": 347 },
        { "id": 1000, "xpos": 2615, "ypos": 347 },
        { "id": 5, "xpos": 2129, "ypos": 344 },
        { "id": 6, "xpos": 1487, "ypos": 342 },
        { "id": 2, "xpos": 1063, "ypos": 337 },
        { "id": 5, "xpos": 2115, "ypos": 330 },
        { "id": 2, "xpos": 1078, "ypos": 322 },
        { "id": 6, "xpos": 1477, "ypos": 322 },
        { "id": 5, "xpos": 2100, "ypos": 315 },
        { "id": 5, "xpos": 2085, "ypos": 300 },
        { "id": 1008, "xpos": 2468, "ypos": 297 },
        { "id": 1008, "xpos": 3652, "ypos": 296 },
        { "id": 1001, "xpos": 3418, "ypos": 296 },
        { "id": 1001, "xpos": 2650, "ypos": 296 },
        { "id": 5, "xpos": 2070, "ypos": 285 },
        { "id": 5, "xpos": 2055, "ypos": 270 },
        { "id": 5, "xpos": 2040, "ypos": 255 },
        { "id": 5, "xpos": 2025, "ypos": 240 },
        { "id": 1007, "xpos": 3652, "ypos": 223 },
        { "id": 1002, "xpos": 3834, "ypos": 223 },
        { "id": 1002, "xpos": 3418, "ypos": 223 },
        { "id": 1007, "xpos": 3236, "ypos": 223 },
        { "id": 1007, "xpos": 2468, "ypos": 223 },
        { "id": 1002, "xpos": 2650, "ypos": 223 },
        { "id": 1006, "xpos": 3670, "ypos": 194 },
        { "id": 1003, "xpos": 3805, "ypos": 194 },
        { "id": 1003, "xpos": 3389, "ypos": 194 },
        { "id": 1006, "xpos": 3254, "ypos": 194 },
        { "id": 1006, "xpos": 2486, "ypos": 194 },
        { "id": 1003, "xpos": 2621, "ypos": 194 },
        { "id": 1005, "xpos": 3699, "ypos": 178 },
        { "id": 1004, "xpos": 3762, "ypos": 178 },
        { "id": 1017, "xpos": 3852, "ypos": 178 },
        { "id": 1022, "xpos": 3625, "ypos": 178 },
        { "id": 1022, "xpos": 3209, "ypos": 178 },
        { "id": 1017, "xpos": 3436, "ypos": 178 },
        { "id": 1004, "xpos": 3346, "ypos": 178 },
        { "id": 1005, "xpos": 3283, "ypos": 178 },
        { "id": 1005, "xpos": 2515, "ypos": 178 },
        { "id": 1004, "xpos": 2578, "ypos": 178 },
        { "id": 1017, "xpos": 2668, "ypos": 178 },
        { "id": 1022, "xpos": 2441, "ypos": 178 },
        { "id": 200, "xpos": 7075, "ypos": 1246 },
        { "id": 200, "xpos": 7205, "ypos": 1095 },
        { "id": 200, "xpos": 7075, "ypos": 943 },
        { "id": 200, "xpos": 5289, "ypos": 831 },
        { "id": 200, "xpos": 3512, "ypos": 758 },
        { "id": 200, "xpos": 4201, "ypos": 701 },
        { "id": 200, "xpos": 2237, "ypos": 351 },
        { "id": 200, "xpos": 2921, "ypos": 350 },
        { "id": 200, "xpos": 666, "ypos": 287 },
        { "id": 200, "xpos": 730, "ypos": 287 },
        { "id": 200, "xpos": 794, "ypos": 287 },
        { "id": 200, "xpos": 1625, "ypos": 287 },
        { "id": 1010, "xpos": 4916, "ypos": 2403 },
        { "id": 1015, "xpos": 4734, "ypos": 1995 },
        { "id": 1010, "xpos": 5371, "ypos": 1995 },
        { "id": 1012, "xpos": 4887, "ypos": 1826 },
        { "id": 1011, "xpos": 4916, "ypos": 1826 },
        { "id": 1013, "xpos": 4752, "ypos": 1826 },
        { "id": 1014, "xpos": 4734, "ypos": 1826 },
        { "id": 1015, "xpos": 5189, "ypos": 1587 },
        { "id": 1012, "xpos": 5342, "ypos": 1418 },
        { "id": 1011, "xpos": 5371, "ypos": 1418 },
        { "id": 1013, "xpos": 5207, "ypos": 1418 },
        { "id": 1014, "xpos": 5189, "ypos": 1418 },
        { "id": 1010, "xpos": 5174, "ypos": 986 },
        { "id": 1015, "xpos": 5474, "ypos": 828 },
        { "id": 1010, "xpos": 5656, "ypos": 828 },
        { "id": 1010, "xpos": 3834, "ypos": 755 },
        { "id": 1015, "xpos": 3236, "ypos": 755 },
        { "id": 100, "xpos": 4233, "ypos": 733 },
        { "id": 100, "xpos": 4201, "ypos": 733 },
        { "id": 1014, "xpos": 5474, "ypos": 659 },
        { "id": 1013, "xpos": 5492, "ypos": 659 },
        { "id": 1011, "xpos": 5656, "ypos": 659 },
        { "id": 1012, "xpos": 5627, "ypos": 659 },
        { "id": 100, "xpos": 666, "ypos": 351 },
        { "id": 100, "xpos": 698, "ypos": 351 },
        { "id": 100, "xpos": 730, "ypos": 351 },
        { "id": 100, "xpos": 762, "ypos": 351 },
        { "id": 100, "xpos": 794, "ypos": 351 },
        { "id": 100, "xpos": 826, "ypos": 351 },
        { "id": 100, "xpos": 1657, "ypos": 351 },
        { "id": 100, "xpos": 1625, "ypos": 351 },
        { "id": 1015, "xpos": 3652, "ypos": 347 },
        { "id": 1010, "xpos": 3418, "ypos": 347 },
        { "id": 1010, "xpos": 2650, "ypos": 347 },
        { "id": 1015, "xpos": 2468, "ypos": 347 },
        { "id": 100, "xpos": 730, "ypos": 319 },
        { "id": 100, "xpos": 698, "ypos": 319 },
        { "id": 100, "xpos": 666, "ypos": 319 },
        { "id": 100, "xpos": 762, "ypos": 319 },
        { "id": 100, "xpos": 794, "ypos": 319 },
        { "id": 100, "xpos": 826, "ypos": 319 },
        { "id": 100, "xpos": 1657, "ypos": 319 },
        { "id": 100, "xpos": 1625, "ypos": 319 },
        { "id": 1012, "xpos": 3805, "ypos": 178 },
        { "id": 1011, "xpos": 3834, "ypos": 178 },
        { "id": 1013, "xpos": 3670, "ypos": 178 },
        { "id": 1014, "xpos": 3652, "ypos": 178 },
        { "id": 1014, "xpos": 3236, "ypos": 178 },
        { "id": 1013, "xpos": 3254, "ypos": 178 },
        { "id": 1011, "xpos": 3418, "ypos": 178 },
        { "id": 1012, "xpos": 3389, "ypos": 178 },
        { "id": 1012, "xpos": 2621, "ypos": 178 },
        { "id": 1011, "xpos": 2650, "ypos": 178 },
        { "id": 1013, "xpos": 2486, "ypos": 178 },
        { "id": 1014, "xpos": 2468, "ypos": 178 },
        { "id": 102, "xpos": 4505, "ypos": 2723 },
        { "id": 102, "xpos": 4410, "ypos": 2723 },
        { "id": 102, "xpos": 4309, "ypos": 2723 },
        { "id": 102, "xpos": 4213, "ypos": 2723 },
        { "id": 102, "xpos": 4115, "ypos": 2723 },
        { "id": 102, "xpos": 4019, "ypos": 2723 },
        { "id": 102, "xpos": 3923, "ypos": 2723 },
        { "id": 102, "xpos": 3839, "ypos": 2723 },
        { "id": 102, "xpos": 3731, "ypos": 2723 },
        { "id": 102, "xpos": 4879, "ypos": 2722 },
        { "id": 102, "xpos": 4795, "ypos": 2722 },
        { "id": 102, "xpos": 4687, "ypos": 2722 },
        { "id": 102, "xpos": 3467, "ypos": 2722 },
        { "id": 102, "xpos": 6825, "ypos": 1316 },
        { "id": 102, "xpos": 7213, "ypos": 1315 },
        { "id": 102, "xpos": 7011, "ypos": 1315 },
        { "id": 102, "xpos": 5802, "ypos": 808 },
        { "id": 102, "xpos": 7014, "ypos": 651 },
        { "id": 102, "xpos": 4847, "ypos": 647 },
        { "id": 102, "xpos": 220, "ypos": 392 },
        { "id": 102, "xpos": 128, "ypos": 392 },
        { "id": 102, "xpos": 4043, "ypos": 328 },
        { "id": 102, "xpos": 4140, "ypos": 328 },
        { "id": 102, "xpos": 3954, "ypos": 327 },
        { "id": 102, "xpos": 1296, "ypos": 267 },
        { "id": 102, "xpos": 1158, "ypos": 267 },
        { "id": 102, "xpos": 804, "ypos": 232 },
        { "id": 102, "xpos": 704, "ypos": 232 }
    ],
    "itemlist": [
        { "id": 69, "xpos": 1186, "ypos": 245 },
        { "id": 18, "xpos": 4963, "ypos": 1932 },
        { "id": 18, "xpos": 4963, "ypos": 1836 },
        { "id": 19, "xpos": 4995, "ypos": 1932 },
        { "id": 19, "xpos": 4995, "ypos": 1836 },
        { "id": 19, "xpos": 4995, "ypos": 1740 },
        { "id": 19, "xpos": 4675, "ypos": 2340 },
        { "id": 19, "xpos": 4675, "ypos": 2316 },
        { "id": 19, "xpos": 4675, "ypos": 2220 },
        { "id": 19, "xpos": 4675, "ypos": 2124 },
        { "id": 19, "xpos": 4675, "ypos": 2028 },
        { "id": 19, "xpos": 4675, "ypos": 1932 },
        { "id": 19, "xpos": 4675, "ypos": 1836 },
        { "id": 34, "xpos": 4902, "ypos": 2116 },
        { "id": 34, "xpos": 4870, "ypos": 2116 },
        { "id": 34, "xpos": 4838, "ypos": 2116 },
        { "id": 34, "xpos": 4806, "ypos": 2116 },
        { "id": 34, "xpos": 4806, "ypos": 2052 },
        { "id": 34, "xpos": 4806, "ypos": 2084 },
        { "id": 33, "xpos": 4838, "ypos": 2084 },
        { "id": 33, "xpos": 4870, "ypos": 2084 },
        { "id": 33, "xpos": 4902, "ypos": 2084 },
        { "id": 19, "xpos": 4963, "ypos": 1740 },
        { "id": 19, "xpos": 4675, "ypos": 1740 },
        { "id": 34, "xpos": 4743, "ypos": 1853 },
        { "id": 35, "xpos": 4804, "ypos": 1817 },
        { "id": 33, "xpos": 4897, "ypos": 1853 },
        { "id": 18, "xpos": 5418, "ypos": 1524 },
        { "id": 18, "xpos": 5418, "ypos": 1428 },
        { "id": 19, "xpos": 5450, "ypos": 1524 },
        { "id": 19, "xpos": 5450, "ypos": 1428 },
        { "id": 19, "xpos": 5450, "ypos": 1332 },
        { "id": 19, "xpos": 5130, "ypos": 1932 },
        { "id": 19, "xpos": 5130, "ypos": 1908 },
        { "id": 19, "xpos": 5130, "ypos": 1812 },
        { "id": 19, "xpos": 5130, "ypos": 1716 },
        { "id": 19, "xpos": 5130, "ypos": 1620 },
        { "id": 19, "xpos": 5130, "ypos": 1524 },
        { "id": 19, "xpos": 5130, "ypos": 1428 },
        { "id": 34, "xpos": 5357, "ypos": 1708 },
        { "id": 34, "xpos": 5325, "ypos": 1708 },
        { "id": 34, "xpos": 5293, "ypos": 1708 },
        { "id": 34, "xpos": 5261, "ypos": 1708 },
        { "id": 34, "xpos": 5261, "ypos": 1644 },
        { "id": 34, "xpos": 5261, "ypos": 1676 },
        { "id": 33, "xpos": 5293, "ypos": 1676 },
        { "id": 33, "xpos": 5325, "ypos": 1676 },
        { "id": 33, "xpos": 5357, "ypos": 1676 },
        { "id": 19, "xpos": 5418, "ypos": 1332 },
        { "id": 19, "xpos": 5130, "ypos": 1332 },
        { "id": 34, "xpos": 5198, "ypos": 1445 },
        { "id": 35, "xpos": 5259, "ypos": 1409 },
        { "id": 33, "xpos": 5352, "ypos": 1445 },
        { "id": 18, "xpos": 3881, "ypos": 284 },
        { "id": 18, "xpos": 3881, "ypos": 188 },
        { "id": 19, "xpos": 3913, "ypos": 284 },
        { "id": 19, "xpos": 3913, "ypos": 188 },
        { "id": 19, "xpos": 3913, "ypos": 92 },
        { "id": 19, "xpos": 3593, "ypos": 692 },
        { "id": 19, "xpos": 3593, "ypos": 668 },
        { "id": 19, "xpos": 3593, "ypos": 572 },
        { "id": 19, "xpos": 3593, "ypos": 476 },
        { "id": 19, "xpos": 3593, "ypos": 380 },
        { "id": 19, "xpos": 3593, "ypos": 284 },
        { "id": 19, "xpos": 3593, "ypos": 188 },
        { "id": 34, "xpos": 3820, "ypos": 468 },
        { "id": 34, "xpos": 3788, "ypos": 468 },
        { "id": 34, "xpos": 3756, "ypos": 468 },
        { "id": 34, "xpos": 3724, "ypos": 468 },
        { "id": 34, "xpos": 3724, "ypos": 404 },
        { "id": 34, "xpos": 3724, "ypos": 436 },
        { "id": 33, "xpos": 3756, "ypos": 436 },
        { "id": 33, "xpos": 3788, "ypos": 436 },
        { "id": 33, "xpos": 3820, "ypos": 436 },
        { "id": 19, "xpos": 3881, "ypos": 92 },
        { "id": 19, "xpos": 3593, "ypos": 92 },
        { "id": 34, "xpos": 3661, "ypos": 205 },
        { "id": 35, "xpos": 3722, "ypos": 169 },
        { "id": 33, "xpos": 3815, "ypos": 205 },
        { "id": 19, "xpos": 3177, "ypos": 92 },
        { "id": 19, "xpos": 3146, "ypos": 92 },
        { "id": 16, "xpos": 3177, "ypos": 188 },
        { "id": 19, "xpos": 3146, "ypos": 188 },
        { "id": 16, "xpos": 3177, "ypos": 284 },
        { "id": 19, "xpos": 3146, "ypos": 284 },
        { "id": 19, "xpos": 3465, "ypos": 92 },
        { "id": 19, "xpos": 3465, "ypos": 188 },
        { "id": 19, "xpos": 3465, "ypos": 284 },
        { "id": 19, "xpos": 3465, "ypos": 380 },
        { "id": 33, "xpos": 3235, "ypos": 436 },
        { "id": 33, "xpos": 3267, "ypos": 436 },
        { "id": 33, "xpos": 3299, "ypos": 436 },
        { "id": 34, "xpos": 3331, "ypos": 404 },
        { "id": 34, "xpos": 3331, "ypos": 436 },
        { "id": 34, "xpos": 3331, "ypos": 468 },
        { "id": 34, "xpos": 3235, "ypos": 468 },
        { "id": 34, "xpos": 3267, "ypos": 468 },
        { "id": 34, "xpos": 3299, "ypos": 468 },
        { "id": 19, "xpos": 3465, "ypos": 476 },
        { "id": 19, "xpos": 3465, "ypos": 572 },
        { "id": 19, "xpos": 3465, "ypos": 668 },
        { "id": 19, "xpos": 3465, "ypos": 692 },
        { "id": 34, "xpos": 3399, "ypos": 205 },
        { "id": 35, "xpos": 3306, "ypos": 169 },
        { "id": 33, "xpos": 3245, "ypos": 205 },
        { "id": 19, "xpos": 4196, "ypos": 2347 },
        { "id": 18, "xpos": 3438, "ypos": 2683 },
        { "id": 16, "xpos": 4942, "ypos": 606 },
        { "id": 18, "xpos": 5818, "ypos": 767 },
        { "id": 19, "xpos": 5788, "ypos": 766 },
        { "id": 20, "xpos": 7173, "ypos": 1369 },
        { "id": 16, "xpos": 6995, "ypos": 846 },
        { "id": 19, "xpos": 7027, "ypos": 846 },
        { "id": 19, "xpos": 5415, "ypos": 573 },
        { "id": 19, "xpos": 5383, "ypos": 573 },
        { "id": 16, "xpos": 5415, "ypos": 669 },
        { "id": 19, "xpos": 5383, "ypos": 669 },
        { "id": 16, "xpos": 5415, "ypos": 765 },
        { "id": 19, "xpos": 5383, "ypos": 765 },
        { "id": 19, "xpos": 5703, "ypos": 573 },
        { "id": 19, "xpos": 5735, "ypos": 573 },
        { "id": 18, "xpos": 5703, "ypos": 669 },
        { "id": 19, "xpos": 5735, "ypos": 669 },
        { "id": 18, "xpos": 5703, "ypos": 765 },
        { "id": 19, "xpos": 5735, "ypos": 765 },
        { "id": 17, "xpos": 5557, "ypos": 656 },
        { "id": 22, "xpos": 5352, "ypos": 845 },
        { "id": 19, "xpos": 4140, "ypos": 285 },
        { "id": 0, "xpos": 3994, "ypos": 369 },
        { "id": 0, "xpos": 4024, "ypos": 369 },
        { "id": 0, "xpos": 4054, "ypos": 369 },
        { "id": 0, "xpos": 4084, "ypos": 369 },
        { "id": 0, "xpos": 4114, "ypos": 369 },
        { "id": 0, "xpos": 4893, "ypos": 1005 },
        { "id": 0, "xpos": 4923, "ypos": 1005 },
        { "id": 0, "xpos": 4953, "ypos": 1005 },
        { "id": 0, "xpos": 4983, "ypos": 1005 },
        { "id": 0, "xpos": 5013, "ypos": 1005 },
        { "id": 23, "xpos": 5001, "ypos": 670 },
        { "id": 0, "xpos": 3322, "ypos": 774 },
        { "id": 0, "xpos": 3352, "ypos": 774 },
        { "id": 0, "xpos": 3382, "ypos": 774 },
        { "id": 0, "xpos": 3412, "ypos": 774 },
        { "id": 0, "xpos": 3442, "ypos": 774 },
        { "id": 0, "xpos": 3653, "ypos": 774 },
        { "id": 0, "xpos": 3683, "ypos": 774 },
        { "id": 0, "xpos": 3713, "ypos": 774 },
        { "id": 0, "xpos": 3743, "ypos": 774 },
        { "id": 0, "xpos": 3773, "ypos": 774 },
        { "id": 0, "xpos": 1799, "ypos": 222 },
        { "id": 0, "xpos": 1829, "ypos": 222 },
        { "id": 0, "xpos": 1859, "ypos": 222 },
        { "id": 0, "xpos": 1889, "ypos": 222 },
        { "id": 0, "xpos": 1919, "ypos": 222 },
        { "id": 0, "xpos": 1210, "ypos": 196 },
        { "id": 0, "xpos": 1240, "ypos": 196 },
        { "id": 0, "xpos": 892, "ypos": 362 },
        { "id": 0, "xpos": 922, "ypos": 362 },
        { "id": 0, "xpos": 952, "ypos": 362 },
        { "id": 0, "xpos": 982, "ypos": 362 },
        { "id": 0, "xpos": 1012, "ypos": 362 },
        { "id": 0, "xpos": 508, "ypos": 362 },
        { "id": 0, "xpos": 538, "ypos": 362 },
        { "id": 0, "xpos": 568, "ypos": 362 },
        { "id": 0, "xpos": 598, "ypos": 362 },
        { "id": 0, "xpos": 628, "ypos": 362 },
        { "id": 0, "xpos": 148, "ypos": 429 },
        { "id": 0, "xpos": 178, "ypos": 429 },
        { "id": 0, "xpos": 208, "ypos": 429 },
        { "id": 0, "xpos": 238, "ypos": 429 },
        { "id": 0, "xpos": 268, "ypos": 429 },
        { "id": 22, "xpos": 3576, "ypos": 772 },
        { "id": 22, "xpos": 2985, "ypos": 364 },
        { "id": 22, "xpos": 2301, "ypos": 365 },
        { "id": 17, "xpos": 2551, "ypos": 175 },
        { "id": 19, "xpos": 2728, "ypos": 284 },
        { "id": 18, "xpos": 2697, "ypos": 284 },
        { "id": 19, "xpos": 2728, "ypos": 188 },
        { "id": 18, "xpos": 2697, "ypos": 188 },
        { "id": 19, "xpos": 2728, "ypos": 92 },
        { "id": 19, "xpos": 2697, "ypos": 92 },
        { "id": 19, "xpos": 2378, "ypos": 284 },
        { "id": 16, "xpos": 2409, "ypos": 284 },
        { "id": 19, "xpos": 2378, "ypos": 188 },
        { "id": 16, "xpos": 2409, "ypos": 188 },
        { "id": 19, "xpos": 2378, "ypos": 92 },
        { "id": 19, "xpos": 2409, "ypos": 92 },
        { "id": 5, "xpos": 2568, "ypos": 151 },
        { "id": 20, "xpos": 817, "ypos": 382 },
        { "id": 2, "xpos": 763, "ypos": 288 },
        { "id": 20, "xpos": 1594, "ypos": 382 },
        { "id": 20, "xpos": 7107, "ypos": 1245 },
        { "id": 20, "xpos": 7237, "ypos": 1094 },
        { "id": 18, "xpos": 6989, "ypos": 1274 },
        { "id": 19, "xpos": 7020, "ypos": 1275 },
        { "id": 19, "xpos": 5561, "ypos": 1531 },
        { "id": 16, "xpos": 5593, "ypos": 1533 },
        { "id": 31, "xpos": 4607, "ypos": 2775 },
        { "id": 22, "xpos": 3406, "ypos": 2744 },
        { "id": 0, "xpos": 4442, "ypos": 682 },
        { "id": 0, "xpos": 4412, "ypos": 682 },
        { "id": 0, "xpos": 4382, "ypos": 682 },
        { "id": 0, "xpos": 4352, "ypos": 682 },
        { "id": 0, "xpos": 4322, "ypos": 682 },
        { "id": 0, "xpos": 5985, "ypos": 897 },
        { "id": 0, "xpos": 6052, "ypos": 932 },
        { "id": 0, "xpos": 6123, "ypos": 972 },
        { "id": 0, "xpos": 6191, "ypos": 1013 },
        { "id": 0, "xpos": 6869, "ypos": 979 },
        { "id": 0, "xpos": 6813, "ypos": 1008 },
        { "id": 0, "xpos": 6760, "ypos": 1037 },
        { "id": 0, "xpos": 6707, "ypos": 1071 },
        { "id": 0, "xpos": 6270, "ypos": 1052 },
        { "id": 0, "xpos": 6337, "ypos": 1091 },
        { "id": 0, "xpos": 6639, "ypos": 1103 },
        { "id": 0, "xpos": 6935, "ypos": 942 },
        { "id": 0, "xpos": 6637, "ypos": 1243 },
        { "id": 0, "xpos": 6701, "ypos": 1277 },
        { "id": 0, "xpos": 6759, "ypos": 1307 },
        { "id": 0, "xpos": 6304, "ypos": 1266 },
        { "id": 0, "xpos": 6249, "ypos": 1297 },
        { "id": 0, "xpos": 6189, "ypos": 1330 },
        { "id": 0, "xpos": 6124, "ypos": 1367 },
        { "id": 0, "xpos": 6063, "ypos": 1398 },
        { "id": 0, "xpos": 5994, "ypos": 1435 },
        { "id": 0, "xpos": 5926, "ypos": 1472 },
        { "id": 0, "xpos": 5851, "ypos": 1510 },
        { "id": 0, "xpos": 5787, "ypos": 1546 },
        { "id": 0, "xpos": 6820, "ypos": 1337 },
        { "id": 0, "xpos": 4644, "ypos": 2423 },
        { "id": 0, "xpos": 4614, "ypos": 2423 },
        { "id": 0, "xpos": 4584, "ypos": 2423 },
        { "id": 0, "xpos": 4554, "ypos": 2423 },
        { "id": 0, "xpos": 4524, "ypos": 2423 },
        { "id": 0, "xpos": 4491, "ypos": 2423 },
        { "id": 0, "xpos": 4461, "ypos": 2423 },
        { "id": 0, "xpos": 4431, "ypos": 2423 },
        { "id": 0, "xpos": 4401, "ypos": 2423 },
        { "id": 0, "xpos": 4371, "ypos": 2423 },
        { "id": 0, "xpos": 4335, "ypos": 2423 },
        { "id": 0, "xpos": 4305, "ypos": 2423 },
        { "id": 0, "xpos": 4275, "ypos": 2423 },
        { "id": 0, "xpos": 4245, "ypos": 2423 },
        { "id": 0, "xpos": 4215, "ypos": 2423 },
        { "id": 0, "xpos": 5257, "ypos": 2014 },
        { "id": 0, "xpos": 5227, "ypos": 2014 },
        { "id": 0, "xpos": 5197, "ypos": 2014 },
        { "id": 0, "xpos": 5168, "ypos": 2014 },
        { "id": 0, "xpos": 5138, "ypos": 2014 },
        { "id": 0, "xpos": 5108, "ypos": 2014 },
        { "id": 0, "xpos": 5078, "ypos": 2014 },
        { "id": 0, "xpos": 5048, "ypos": 2014 },
        { "id": 19, "xpos": 4520, "ypos": 603 },
        { "id": 16, "xpos": 4551, "ypos": 604 },
        { "id": 19, "xpos": 3804, "ypos": 2681 },
        { "id": 18, "xpos": 3772, "ypos": 2681 },
        { "id": 29, "xpos": 5043, "ypos": 1018 },
        { "id": 28, "xpos": 7164, "ypos": 638 },
        { "id": 24, "xpos": 7104, "ypos": 784 },
        { "id": 24, "xpos": 7104, "ypos": 832 },
        { "id": 24, "xpos": 7152, "ypos": 784 },
        { "id": 24, "xpos": 7200, "ypos": 784 },
        { "id": 24, "xpos": 7248, "ypos": 784 },
        { "id": 24, "xpos": 7152, "ypos": 832 },
        { "id": 24, "xpos": 7200, "ypos": 832 },
        { "id": 24, "xpos": 7248, "ypos": 832 },
        { "id": 0, "xpos": 1270, "ypos": 196 },
        { "id": 43, "xpos": 821, "ypos": 286 },
        { "id": 36, "xpos": 1238, "ypos": 57 }
    ],
    "enemylist": [
        { "id": 0, "xpos": 1378, "ypos": 301 },
        { "id": 2, "xpos": 5323, "ypos": 791 },
        { "id": 4, "xpos": 7236, "ypos": 1339 }
    ]
}
