{
    "name":         "Test Zone",
    "act":          1,
    "theme":        "data/themes/ocean.bricks.json",
    "bgtheme":      "data/themes/oceanb.bg.json",
    "spawn_point":  { "x": 30, "y": 1200 },
    "dialogbox": [
        {
                    "xpos": 160,
                    "ypos": 0,
                    "width": 200,
                    "height": 1300,
                    "title": "TESTZONE_1_TITLE_0",
                    "message": "TESTZONE_1_MSG_0"
        }
    ],
    "bricklist": [
        { "id": 4, "xpos": 405, "ypos": 1243 },
        { "id": 1, "xpos": 272, "ypos": 1243 },
        { "id": 1, "xpos": 136, "ypos": 1243 },
        { "id": 1, "xpos": 0, "ypos": 1243 },
        { "id": 15, "xpos": 789, "ypos": 1195 },
        { "id": 7, "xpos": 661, "ypos": 1179 },
        { "id": 7, "xpos": 533, "ypos": 1179 },
        { "id": 15, "xpos": 1167, "ypos": 1135 },
        { "id": 15, "xpos": 1045, "ypos": 1076 },
        { "id": 15, "xpos": 916, "ypos": 1076 },
        { "id": 15, "xpos": 789, "ypos": 1076 },
        { "id": 15, "xpos": 1966, "ypos": 1001 },
        { "id": 15, "xpos": 1167, "ypos": 1000 },
        { "id": 15, "xpos": 1045, "ypos": 940 },
        { "id": 15, "xpos": 916, "ypos": 940 },
        { "id": 15, "xpos": 789, "ypos": 940 },
        { "id": 0, "xpos": 375, "ypos": 908 },
        { "id": 0, "xpos": 503, "ypos": 908 },
        { "id": 0, "xpos": 1046, "ypos": 908 },
        { "id": 0, "xpos": 918, "ypos": 908 },
        { "id": 0, "xpos": 790, "ypos": 908 },
        { "id": 15, "xpos": 1966, "ypos": 865 },
        { "id": 15, "xpos": 1167, "ypos": 865 },
        { "id": 15, "xpos": 1966, "ypos": 730 },
        { "id": 15, "xpos": 1167, "ypos": 729 },
        { "id": 1, "xpos": 3526, "ypos": 709 },
        { "id": 1, "xpos": 3390, "ypos": 709 },
        { "id": 1, "xpos": 3662, "ypos": 709 },
        { "id": 7, "xpos": 1128, "ypos": 697 },
        { "id": 7, "xpos": 1200, "ypos": 697 },
        { "id": 7, "xpos": 1328, "ypos": 697 },
        { "id": 7, "xpos": 1455, "ypos": 697 },
        { "id": 7, "xpos": 1583, "ypos": 697 },
        { "id": 7, "xpos": 1711, "ypos": 697 },
        { "id": 7, "xpos": 1839, "ypos": 697 },
        { "id": 1, "xpos": 3526, "ypos": 621 },
        { "id": 1, "xpos": 3390, "ypos": 621 },
        { "id": 1, "xpos": 3662, "ypos": 621 },
        { "id": 15, "xpos": 1966, "ypos": 594 },
        { "id": 7, "xpos": 2351, "ypos": 573 },
        { "id": 7, "xpos": 2223, "ypos": 573 },
        { "id": 7, "xpos": 2095, "ypos": 573 },
        { "id": 48, "xpos": 2750, "ypos": 549 },
        { "id": 48, "xpos": 2737, "ypos": 549 },
        { "id": 48, "xpos": 2608, "ypos": 549 },
        { "id": 48, "xpos": 2479, "ypos": 549 },
        { "id": 1, "xpos": 3526, "ypos": 533 },
        { "id": 1, "xpos": 3390, "ypos": 533 },
        { "id": 48, "xpos": 2608, "ypos": 533 },
        { "id": 48, "xpos": 2621, "ypos": 533 },
        { "id": 48, "xpos": 2749, "ypos": 533 },
        { "id": 1, "xpos": 3662, "ypos": 533 },
        { "id": 48, "xpos": 2479, "ypos": 509 },
        { "id": 0, "xpos": 2221, "ypos": 478 },
        { "id": 15, "xpos": 1966, "ypos": 458 },
        { "id": 47, "xpos": 1767, "ypos": 446 },
        { "id": 47, "xpos": 1498, "ypos": 445 },
        { "id": 1, "xpos": 3526, "ypos": 445 },
        { "id": 1, "xpos": 3390, "ypos": 445 },
        { "id": 7, "xpos": 3262, "ypos": 445 },
        { "id": 7, "xpos": 3134, "ypos": 445 },
        { "id": 7, "xpos": 3006, "ypos": 445 },
        { "id": 7, "xpos": 2878, "ypos": 445 },
        { "id": 1, "xpos": 2742, "ypos": 445 },
        { "id": 1, "xpos": 2606, "ypos": 445 },
        { "id": 1, "xpos": 3662, "ypos": 445 },
        { "id": 47, "xpos": 1767, "ypos": 435 },
        { "id": 47, "xpos": 1498, "ypos": 434 },
        { "id": 47, "xpos": 1510, "ypos": 424 },
        { "id": 47, "xpos": 1498, "ypos": 424 },
        { "id": 47, "xpos": 1633, "ypos": 424 },
        { "id": 47, "xpos": 1600, "ypos": 424 },
        { "id": 47, "xpos": 1567, "ypos": 424 },
        { "id": 47, "xpos": 1534, "ypos": 424 },
        { "id": 47, "xpos": 1666, "ypos": 424 },
        { "id": 47, "xpos": 1699, "ypos": 424 },
        { "id": 47, "xpos": 1732, "ypos": 424 },
        { "id": 47, "xpos": 1765, "ypos": 424 },
        { "id": 47, "xpos": 1768, "ypos": 424 },
        { "id": 15, "xpos": 2220, "ypos": 342 },
        { "id": 15, "xpos": 1966, "ypos": 322 },
        { "id": 2, "xpos": 1000, "ypos": 318 },
        { "id": 2, "xpos": 2349, "ypos": 312 },
        { "id": 15, "xpos": 2220, "ypos": 312 },
        { "id": 15, "xpos": 1966, "ypos": 186 },
        { "id": 15, "xpos": 2220, "ypos": 176 },
        { "id": 0, "xpos": 1966, "ypos": 155 },
        { "id": 2, "xpos": 3670, "ypos": 85 },
        { "id": 15, "xpos": 2220, "ypos": 40 },
        { "id": 15, "xpos": 2220, "ypos": 0 },
        { "id": 3, "xpos": 406, "ypos": 1179 },
        { "id": 17, "xpos": 1034, "ypos": 892 },
        { "id": 18, "xpos": 1085, "ypos": 863 },
        { "id": 19, "xpos": 1113, "ypos": 806 },
        { "id": 22, "xpos": 1129, "ypos": 804 },
        { "id": 23, "xpos": 1136, "ypos": 771 },
        { "id": 23, "xpos": 1128, "ypos": 771 },
        { "id": 23, "xpos": 1136, "ypos": 738 },
        { "id": 23, "xpos": 1128, "ypos": 738 },
        { "id": 23, "xpos": 1128, "ypos": 729 },
        { "id": 23, "xpos": 1136, "ypos": 728 },
        { "id": 26, "xpos": 1582, "ypos": 681 },
        { "id": 17, "xpos": 1665, "ypos": 681 },
        { "id": 27, "xpos": 1553, "ypos": 652 },
        { "id": 18, "xpos": 1716, "ypos": 652 },
        { "id": 19, "xpos": 1745, "ypos": 593 },
        { "id": 28, "xpos": 1537, "ypos": 593 },
        { "id": 22, "xpos": 1761, "ypos": 593 },
        { "id": 31, "xpos": 1497, "ypos": 593 },
        { "id": 24, "xpos": 1505, "ypos": 560 },
        { "id": 24, "xpos": 1497, "ypos": 560 },
        { "id": 23, "xpos": 1769, "ypos": 560 },
        { "id": 23, "xpos": 1760, "ypos": 560 },
        { "id": 10, "xpos": 2351, "ypos": 509 },
        { "id": 35, "xpos": 1537, "ypos": 501 },
        { "id": 42, "xpos": 1745, "ypos": 501 },
        { "id": 34, "xpos": 1553, "ypos": 472 },
        { "id": 41, "xpos": 1717, "ypos": 472 },
        { "id": 45, "xpos": 1761, "ypos": 456 },
        { "id": 38, "xpos": 1497, "ypos": 456 },
        { "id": 33, "xpos": 1582, "ypos": 456 },
        { "id": 40, "xpos": 1666, "ypos": 456 },
        { "id": 10, "xpos": 2478, "ypos": 445 },
        { "id": 51, "xpos": 677, "ypos": 1155 },
        { "id": 51, "xpos": 677, "ypos": 1131 },
        { "id": 61, "xpos": 307, "ypos": 1117 },
        { "id": 59, "xpos": 59, "ypos": 1077 },
        { "id": 61, "xpos": 548, "ypos": 1053 },
        { "id": 50, "xpos": 704, "ypos": 1051 },
        { "id": 60, "xpos": 184, "ypos": 1048 },
        { "id": 20, "xpos": 1085, "ypos": 892 },
        { "id": 56, "xpos": 847, "ypos": 876 },
        { "id": 21, "xpos": 1113, "ypos": 865 },
        { "id": 59, "xpos": 405, "ypos": 742 },
        { "id": 59, "xpos": 945, "ypos": 742 },
        { "id": 20, "xpos": 1716, "ypos": 681 },
        { "id": 29, "xpos": 1537, "ypos": 681 },
        { "id": 21, "xpos": 1745, "ypos": 652 },
        { "id": 30, "xpos": 1537, "ypos": 652 },
        { "id": 37, "xpos": 1537, "ypos": 473 },
        { "id": 44, "xpos": 1746, "ypos": 472 },
        { "id": 43, "xpos": 1716, "ypos": 456 },
        { "id": 36, "xpos": 1537, "ypos": 456 },
        { "id": 58, "xpos": 3325, "ypos": 422 },
        { "id": 58, "xpos": 3261, "ypos": 422 },
        { "id": 58, "xpos": 3197, "ypos": 422 },
        { "id": 58, "xpos": 3133, "ypos": 422 },
        { "id": 58, "xpos": 3070, "ypos": 422 },
        { "id": 58, "xpos": 2943, "ypos": 422 },
        { "id": 51, "xpos": 2608, "ypos": 421 },
        { "id": 57, "xpos": 3381, "ypos": 421 },
        { "id": 57, "xpos": 3317, "ypos": 421 },
        { "id": 57, "xpos": 3253, "ypos": 421 },
        { "id": 57, "xpos": 3189, "ypos": 421 },
        { "id": 57, "xpos": 3125, "ypos": 421 },
        { "id": 57, "xpos": 3062, "ypos": 421 },
        { "id": 58, "xpos": 3007, "ypos": 421 },
        { "id": 57, "xpos": 2999, "ypos": 421 },
        { "id": 57, "xpos": 2935, "ypos": 421 },
        { "id": 58, "xpos": 2879, "ypos": 421 },
        { "id": 57, "xpos": 2871, "ypos": 421 },
        { "id": 50, "xpos": 2441, "ypos": 415 },
        { "id": 51, "xpos": 1525, "ypos": 400 },
        { "id": 51, "xpos": 2608, "ypos": 397 },
        { "id": 50, "xpos": 2561, "ypos": 351 },
        { "id": 49, "xpos": 1011, "ypos": 350 },
        { "id": 62, "xpos": 3127, "ypos": 317 },
        { "id": 62, "xpos": 3333, "ypos": 317 },
        { "id": 62, "xpos": 2958, "ypos": 317 },
        { "id": 59, "xpos": 2815, "ypos": 280 },
        { "id": 59, "xpos": 3458, "ypos": 279 },
        { "id": 59, "xpos": 3558, "ypos": 279 },
        { "id": 59, "xpos": 3658, "ypos": 279 },
        { "id": 62, "xpos": 1072, "ypos": 190 },
        { "id": 51, "xpos": 2035, "ypos": 131 },
        { "id": 52, "xpos": 2004, "ypos": 59 },
        { "id": 46, "xpos": 1734, "ypos": 435 },
        { "id": 46, "xpos": 1633, "ypos": 435 },
        { "id": 46, "xpos": 1666, "ypos": 435 },
        { "id": 46, "xpos": 1699, "ypos": 435 },
        { "id": 46, "xpos": 1731, "ypos": 435 },
        { "id": 46, "xpos": 1600, "ypos": 435 },
        { "id": 46, "xpos": 1567, "ypos": 435 },
        { "id": 46, "xpos": 1536, "ypos": 434 },
        { "id": 46, "xpos": 1530, "ypos": 434 },
        { "id": 69, "xpos": 3672, "ypos": 14 },
        { "id": 69, "xpos": 3768, "ypos": 14 },
        { "id": 69, "xpos": 3672, "ypos": 0 },
        { "id": 69, "xpos": 3768, "ypos": 0 }
    ],
    "itemlist": [
        { "id": 0, "xpos": 128, "ypos": 1225 },
        { "id": 0, "xpos": 198, "ypos": 1226 },
        { "id": 25, "xpos": 2366, "ypos": 313 },
        { "id": 0, "xpos": 2507, "ypos": 251 },
        { "id": 0, "xpos": 2562, "ypos": 251 },
        { "id": 0, "xpos": 2617, "ypos": 251 },
        { "id": 0, "xpos": 2677, "ypos": 251 },
        { "id": 0, "xpos": 2677, "ypos": 299 },
        { "id": 0, "xpos": 2677, "ypos": 351 },
        { "id": 0, "xpos": 2677, "ypos": 406 },
        { "id": 20, "xpos": 2677, "ypos": 444 },
        { "id": 27, "xpos": 2433, "ypos": 311 },
        { "id": 19, "xpos": 1466, "ypos": 364 },
        { "id": 19, "xpos": 1436, "ypos": 366 },
        { "id": 1, "xpos": 1059, "ypos": 318 },
        { "id": 24, "xpos": 1850, "ypos": 671 },
        { "id": 24, "xpos": 1976, "ypos": 139 },
        { "id": 24, "xpos": 1911, "ypos": 139 },
        { "id": 24, "xpos": 1848, "ypos": 139 },
        { "id": 19, "xpos": 1831, "ypos": 619 },
        { "id": 5, "xpos": 1943, "ypos": 697 },
        { "id": 21, "xpos": 1765, "ypos": 424 },
        { "id": 24, "xpos": 2084, "ypos": 135 },
        { "id": 24, "xpos": 2028, "ypos": 135 },
        { "id": 0, "xpos": 2152, "ypos": 539 },
        { "id": 0, "xpos": 2152, "ypos": 469 },
        { "id": 0, "xpos": 2152, "ypos": 399 },
        { "id": 0, "xpos": 2152, "ypos": 329 },
        { "id": 0, "xpos": 2152, "ypos": 254 },
        { "id": 0, "xpos": 2152, "ypos": 184 },
        { "id": 0, "xpos": 2152, "ypos": 129 },
        { "id": 0, "xpos": 1558, "ypos": 586 },
        { "id": 0, "xpos": 1586, "ypos": 650 },
        { "id": 0, "xpos": 1560, "ypos": 524 },
        { "id": 0, "xpos": 1605, "ypos": 484 },
        { "id": 0, "xpos": 1652, "ypos": 479 },
        { "id": 0, "xpos": 1701, "ypos": 495 },
        { "id": 0, "xpos": 1737, "ypos": 534 },
        { "id": 0, "xpos": 1744, "ypos": 583 },
        { "id": 0, "xpos": 1732, "ypos": 632 },
        { "id": 0, "xpos": 1698, "ypos": 666 },
        { "id": 0, "xpos": 1649, "ypos": 680 },
        { "id": 0, "xpos": 1107, "ypos": 641 },
        { "id": 0, "xpos": 1108, "ypos": 711 },
        { "id": 0, "xpos": 1108, "ypos": 781 },
        { "id": 0, "xpos": 1085, "ypos": 846 },
        { "id": 0, "xpos": 1019, "ypos": 884 },
        { "id": 0, "xpos": 924, "ypos": 884 },
        { "id": 0, "xpos": 834, "ypos": 884 },
        { "id": 2, "xpos": 539, "ypos": 908 },
        { "id": 21, "xpos": 751, "ypos": 1178 },
        { "id": 19, "xpos": 1831, "ypos": 370 },
        { "id": 19, "xpos": 1831, "ypos": 557 },
        { "id": 19, "xpos": 1831, "ypos": 462 },
        { "id": 24, "xpos": 1850, "ypos": 619 },
        { "id": 24, "xpos": 1850, "ypos": 565 },
        { "id": 24, "xpos": 1851, "ypos": 513 },
        { "id": 24, "xpos": 1849, "ypos": 460 },
        { "id": 24, "xpos": 1846, "ypos": 401 },
        { "id": 24, "xpos": 1848, "ypos": 349 },
        { "id": 24, "xpos": 1848, "ypos": 284 },
        { "id": 24, "xpos": 1848, "ypos": 239 },
        { "id": 24, "xpos": 1848, "ypos": 189 },
        { "id": 18, "xpos": 1800, "ypos": 601 },
        { "id": 18, "xpos": 1800, "ypos": 508 },
        { "id": 18, "xpos": 1800, "ypos": 455 },
        { "id": 16, "xpos": 1466, "ypos": 601 },
        { "id": 16, "xpos": 1466, "ypos": 508 },
        { "id": 16, "xpos": 1466, "ypos": 455 },
        { "id": 19, "xpos": 1436, "ypos": 457 },
        { "id": 19, "xpos": 1435, "ypos": 553 },
        { "id": 19, "xpos": 1435, "ypos": 609 },
        { "id": 17, "xpos": 1633, "ypos": 455 },
        { "id": 19, "xpos": 1800, "ypos": 368 },
        { "id": 0, "xpos": 270, "ypos": 1226 },
        { "id": 0, "xpos": 350, "ypos": 1226 },
        { "id": 0, "xpos": 421, "ypos": 1195 },
        { "id": 0, "xpos": 498, "ypos": 1161 },
        { "id": 0, "xpos": 580, "ypos": 1158 },
        { "id": 0, "xpos": 655, "ypos": 1158 },
        { "id": 26, "xpos": 2287, "ypos": 508 },
        { "id": 25, "xpos": 2199, "ypos": 572 },
        { "id": 31, "xpos": 3581, "ypos": 443 },
        { "id": 30, "xpos": 3267, "ypos": 443 },
        { "id": 4, "xpos": 3733, "ypos": 87 }
    ],
    "enemylist": [
        { "id": 0, "xpos": 1567, "ypos": 413 },
        { "id": 0, "xpos": 987, "ypos": 881 },
        { "id": 0, "xpos": 849, "ypos": 884 },
        { "id": 0, "xpos": 579, "ypos": 898 }
    ]
}
