{
    "name":         "Tutorial",
    "act":          2,
    "theme":        "data/themes/island2.bricks.json",
    "bgtheme":      "data/themes/tutorial.bg.json",
    "spawn_point":  { "x": 25, "y": 5900 },
    "music":        "data/music/crusader.mp4",
    "dialogbox": [
        {
                    "xpos": 160,
                    "ypos": 5849,
                    "width": 226,
                    "height": 232,
                    "title": "TUTORIAL_2_TITLE_0",
                    "message": "TUTORIAL_2_MSG_0"
        },
        {
                    "xpos": 1351,
                    "ypos": 5607,
                    "width": 125,
                    "height": 109,
                    "title": "TUTORIAL_2_TITLE_1",
                    "message": "DESERT1_MTUTORIAL_2_MSG_1SG_0"
        },
        {
                    "xpos": 1521,
                    "ypos": 5595,
                    "width": 134,
                    "height": 130,
                    "title": "TUTORIAL_2_TITLE_2",
                    "message": "TUTORIAL_2_MSG_2"
        },
        {
                    "xpos": 5793,
                    "ypos": 4335,
                    "width": 157,
                    "height": 179,
                    "title": "TUTORIAL_2_TITLE_3",
                    "message": "TUTORIAL_2_MSG_3"
        }
    ],
    "bricklist": [
        { "id": 62, "xpos": 320, "ypos": 6070 },
        { "id": 62, "xpos": 360, "ypos": 6070 },
        { "id": 62, "xpos": 487, "ypos": 6070 },
        { "id": 62, "xpos": 479, "ypos": 6070 },
        { "id": 62, "xpos": 440, "ypos": 6070 },
        { "id": 62, "xpos": 400, "ypos": 6070 },
        { "id": 61, "xpos": 1008, "ypos": 6036 },
        { "id": 61, "xpos": 988, "ypos": 6036 },
        { "id": 61, "xpos": 908, "ypos": 6036 },
        { "id": 61, "xpos": 828, "ypos": 6036 },
        { "id": 61, "xpos": 748, "ypos": 6036 },
        { "id": 61, "xpos": 687, "ypos": 6036 },
        { "id": 61, "xpos": 607, "ypos": 6036 },
        { "id": 61, "xpos": 527, "ypos": 6036 },
        { "id": 61, "xpos": 240, "ypos": 6036 },
        { "id": 61, "xpos": 160, "ypos": 6036 },
        { "id": 61, "xpos": 80, "ypos": 6036 },
        { "id": 61, "xpos": 0, "ypos": 6036 },
        { "id": 6, "xpos": 415, "ypos": 6032 },
        { "id": 4, "xpos": 328, "ypos": 6032 },
        { "id": 61, "xpos": 1073, "ypos": 6021 },
        { "id": 61, "xpos": 1151, "ypos": 6020 },
        { "id": 61, "xpos": 995, "ypos": 6009 },
        { "id": 61, "xpos": 916, "ypos": 6009 },
        { "id": 6, "xpos": 828, "ypos": 6001 },
        { "id": 2, "xpos": 288, "ypos": 6000 },
        { "id": 0, "xpos": 144, "ypos": 6000 },
        { "id": 0, "xpos": 0, "ypos": 6000 },
        { "id": 2, "xpos": 502, "ypos": 5999 },
        { "id": 0, "xpos": 542, "ypos": 5999 },
        { "id": 0, "xpos": 684, "ypos": 5999 },
        { "id": 61, "xpos": 999, "ypos": 5979 },
        { "id": 61, "xpos": 1008, "ypos": 5979 },
        { "id": 6, "xpos": 914, "ypos": 5971 },
        { "id": 7, "xpos": 1375, "ypos": 5947 },
        { "id": 7, "xpos": 1360, "ypos": 5947 },
        { "id": 61, "xpos": 1151, "ypos": 5947 },
        { "id": 61, "xpos": 1088, "ypos": 5947 },
        { "id": 7, "xpos": 1231, "ypos": 5947 },
        { "id": 6, "xpos": 1001, "ypos": 5941 },
        { "id": 0, "xpos": 1088, "ypos": 5908 },
        { "id": 62, "xpos": 1192, "ypos": 5879 },
        { "id": 62, "xpos": 1193, "ypos": 5840 },
        { "id": 7, "xpos": 1375, "ypos": 5819 },
        { "id": 7, "xpos": 1360, "ypos": 5819 },
        { "id": 7, "xpos": 1232, "ypos": 5819 },
        { "id": 61, "xpos": 1499, "ypos": 5803 },
        { "id": 61, "xpos": 1577, "ypos": 5803 },
        { "id": 61, "xpos": 1656, "ypos": 5803 },
        { "id": 61, "xpos": 1736, "ypos": 5803 },
        { "id": 61, "xpos": 1812, "ypos": 5803 },
        { "id": 61, "xpos": 1891, "ypos": 5803 },
        { "id": 61, "xpos": 1970, "ypos": 5803 },
        { "id": 61, "xpos": 2050, "ypos": 5803 },
        { "id": 61, "xpos": 2129, "ypos": 5803 },
        { "id": 61, "xpos": 2209, "ypos": 5803 },
        { "id": 61, "xpos": 2288, "ypos": 5803 },
        { "id": 61, "xpos": 2368, "ypos": 5803 },
        { "id": 61, "xpos": 2448, "ypos": 5803 },
        { "id": 61, "xpos": 2528, "ypos": 5803 },
        { "id": 61, "xpos": 2607, "ypos": 5803 },
        { "id": 61, "xpos": 2687, "ypos": 5803 },
        { "id": 61, "xpos": 2703, "ypos": 5803 },
        { "id": 2, "xpos": 1193, "ypos": 5769 },
        { "id": 61, "xpos": 2703, "ypos": 5731 },
        { "id": 61, "xpos": 2640, "ypos": 5731 },
        { "id": 61, "xpos": 2560, "ypos": 5731 },
        { "id": 61, "xpos": 2481, "ypos": 5731 },
        { "id": 61, "xpos": 2401, "ypos": 5731 },
        { "id": 61, "xpos": 2321, "ypos": 5731 },
        { "id": 61, "xpos": 2295, "ypos": 5731 },
        { "id": 61, "xpos": 2215, "ypos": 5731 },
        { "id": 61, "xpos": 2135, "ypos": 5731 },
        { "id": 61, "xpos": 2055, "ypos": 5731 },
        { "id": 61, "xpos": 1976, "ypos": 5731 },
        { "id": 61, "xpos": 1897, "ypos": 5731 },
        { "id": 61, "xpos": 1817, "ypos": 5731 },
        { "id": 61, "xpos": 1737, "ypos": 5731 },
        { "id": 61, "xpos": 1500, "ypos": 5731 },
        { "id": 61, "xpos": 1578, "ypos": 5731 },
        { "id": 61, "xpos": 1657, "ypos": 5731 },
        { "id": 7, "xpos": 687, "ypos": 5700 },
        { "id": 7, "xpos": 577, "ypos": 5700 },
        { "id": 0, "xpos": 2530, "ypos": 5692 },
        { "id": 0, "xpos": 2523, "ypos": 5692 },
        { "id": 0, "xpos": 2398, "ypos": 5692 },
        { "id": 0, "xpos": 2257, "ypos": 5692 },
        { "id": 0, "xpos": 2137, "ypos": 5692 },
        { "id": 0, "xpos": 2027, "ypos": 5692 },
        { "id": 0, "xpos": 1907, "ypos": 5692 },
        { "id": 0, "xpos": 1797, "ypos": 5692 },
        { "id": 0, "xpos": 1677, "ypos": 5692 },
        { "id": 7, "xpos": 1375, "ypos": 5692 },
        { "id": 7, "xpos": 1247, "ypos": 5692 },
        { "id": 7, "xpos": 1232, "ypos": 5692 },
        { "id": 0, "xpos": 1502, "ypos": 5692 },
        { "id": 0, "xpos": 1597, "ypos": 5692 },
        { "id": 61, "xpos": 2703, "ypos": 5690 },
        { "id": 61, "xpos": 2674, "ypos": 5688 },
        { "id": 61, "xpos": 2703, "ypos": 5616 },
        { "id": 61, "xpos": 2674, "ypos": 5615 },
        { "id": 7, "xpos": 577, "ypos": 5573 },
        { "id": 7, "xpos": 687, "ypos": 5573 },
        { "id": 7, "xpos": 128, "ypos": 5553 },
        { "id": 7, "xpos": 0, "ypos": 5553 },
        { "id": 61, "xpos": 2703, "ypos": 5542 },
        { "id": 61, "xpos": 2674, "ypos": 5541 },
        { "id": 61, "xpos": 2782, "ypos": 5540 },
        { "id": 61, "xpos": 2852, "ypos": 5540 },
        { "id": 61, "xpos": 2927, "ypos": 5540 },
        { "id": 61, "xpos": 3001, "ypos": 5540 },
        { "id": 61, "xpos": 3054, "ypos": 5540 },
        { "id": 0, "xpos": 112, "ypos": 5514 },
        { "id": 0, "xpos": 0, "ypos": 5514 },
        { "id": 7, "xpos": 1344, "ypos": 5501 },
        { "id": 61, "xpos": 2975, "ypos": 5469 },
        { "id": 61, "xpos": 2943, "ypos": 5469 },
        { "id": 61, "xpos": 2863, "ypos": 5469 },
        { "id": 61, "xpos": 2783, "ypos": 5469 },
        { "id": 61, "xpos": 2703, "ypos": 5468 },
        { "id": 61, "xpos": 2639, "ypos": 5468 },
        { "id": 61, "xpos": 3055, "ypos": 5467 },
        { "id": 0, "xpos": 2783, "ypos": 5430 },
        { "id": 0, "xpos": 2639, "ypos": 5430 },
        { "id": 46, "xpos": 1957, "ypos": 5417 },
        { "id": 46, "xpos": 2113, "ypos": 5417 },
        { "id": 47, "xpos": 2213, "ypos": 5417 },
        { "id": 47, "xpos": 1938, "ypos": 5417 },
        { "id": 46, "xpos": 2037, "ypos": 5417 },
        { "id": 61, "xpos": 3055, "ypos": 5397 },
        { "id": 0, "xpos": 2007, "ypos": 5395 },
        { "id": 0, "xpos": 1938, "ypos": 5395 },
        { "id": 0, "xpos": 2090, "ypos": 5395 },
        { "id": 7, "xpos": 1232, "ypos": 5374 },
        { "id": 7, "xpos": 3469, "ypos": 5342 },
        { "id": 7, "xpos": 2927, "ypos": 5341 },
        { "id": 61, "xpos": 3055, "ypos": 5324 },
        { "id": 61, "xpos": 3596, "ypos": 5266 },
        { "id": 61, "xpos": 3676, "ypos": 5266 },
        { "id": 61, "xpos": 3756, "ypos": 5266 },
        { "id": 61, "xpos": 3832, "ypos": 5266 },
        { "id": 61, "xpos": 3911, "ypos": 5265 },
        { "id": 61, "xpos": 3989, "ypos": 5265 },
        { "id": 61, "xpos": 3134, "ypos": 5265 },
        { "id": 61, "xpos": 3214, "ypos": 5265 },
        { "id": 61, "xpos": 3294, "ypos": 5265 },
        { "id": 61, "xpos": 3374, "ypos": 5265 },
        { "id": 61, "xpos": 3389, "ypos": 5265 },
        { "id": 61, "xpos": 3055, "ypos": 5251 },
        { "id": 7, "xpos": 1232, "ypos": 5247 },
        { "id": 7, "xpos": 3469, "ypos": 5214 },
        { "id": 7, "xpos": 2927, "ypos": 5213 },
        { "id": 61, "xpos": 4710, "ypos": 5192 },
        { "id": 61, "xpos": 4630, "ypos": 5192 },
        { "id": 61, "xpos": 4550, "ypos": 5192 },
        { "id": 61, "xpos": 4470, "ypos": 5192 },
        { "id": 61, "xpos": 4391, "ypos": 5192 },
        { "id": 61, "xpos": 4311, "ypos": 5192 },
        { "id": 61, "xpos": 4231, "ypos": 5192 },
        { "id": 61, "xpos": 4151, "ypos": 5192 },
        { "id": 61, "xpos": 4075, "ypos": 5192 },
        { "id": 61, "xpos": 3995, "ypos": 5192 },
        { "id": 61, "xpos": 3915, "ypos": 5192 },
        { "id": 61, "xpos": 3835, "ypos": 5192 },
        { "id": 61, "xpos": 3757, "ypos": 5192 },
        { "id": 61, "xpos": 3677, "ypos": 5192 },
        { "id": 61, "xpos": 3597, "ypos": 5192 },
        { "id": 61, "xpos": 3389, "ypos": 5192 },
        { "id": 61, "xpos": 3374, "ypos": 5192 },
        { "id": 61, "xpos": 3294, "ypos": 5192 },
        { "id": 61, "xpos": 3215, "ypos": 5192 },
        { "id": 61, "xpos": 3135, "ypos": 5192 },
        { "id": 61, "xpos": 3055, "ypos": 5192 },
        { "id": 61, "xpos": 4789, "ypos": 5190 },
        { "id": 61, "xpos": 4853, "ypos": 5188 },
        { "id": 61, "xpos": 4459, "ypos": 5164 },
        { "id": 61, "xpos": 4373, "ypos": 5164 },
        { "id": 61, "xpos": 4425, "ypos": 5163 },
        { "id": 62, "xpos": 4332, "ypos": 5163 },
        { "id": 62, "xpos": 4292, "ypos": 5163 },
        { "id": 62, "xpos": 4252, "ypos": 5163 },
        { "id": 62, "xpos": 4212, "ypos": 5163 },
        { "id": 62, "xpos": 4172, "ypos": 5163 },
        { "id": 62, "xpos": 4136, "ypos": 5163 },
        { "id": 62, "xpos": 4101, "ypos": 5163 },
        { "id": 62, "xpos": 4061, "ypos": 5163 },
        { "id": 62, "xpos": 4026, "ypos": 5163 },
        { "id": 62, "xpos": 3986, "ypos": 5163 },
        { "id": 62, "xpos": 3946, "ypos": 5163 },
        { "id": 6, "xpos": 3860, "ypos": 5156 },
        { "id": 0, "xpos": 3717, "ypos": 5153 },
        { "id": 0, "xpos": 3597, "ypos": 5153 },
        { "id": 0, "xpos": 3325, "ypos": 5153 },
        { "id": 0, "xpos": 3195, "ypos": 5153 },
        { "id": 0, "xpos": 3055, "ypos": 5153 },
        { "id": 61, "xpos": 4613, "ypos": 5144 },
        { "id": 61, "xpos": 4663, "ypos": 5144 },
        { "id": 61, "xpos": 4712, "ypos": 5144 },
        { "id": 61, "xpos": 4537, "ypos": 5134 },
        { "id": 61, "xpos": 4289, "ypos": 5133 },
        { "id": 62, "xpos": 4070, "ypos": 5133 },
        { "id": 62, "xpos": 4030, "ypos": 5133 },
        { "id": 8, "xpos": 4933, "ypos": 5132 },
        { "id": 61, "xpos": 4098, "ypos": 5132 },
        { "id": 61, "xpos": 4612, "ypos": 5131 },
        { "id": 61, "xpos": 4233, "ypos": 5131 },
        { "id": 4, "xpos": 4365, "ypos": 5126 },
        { "id": 6, "xpos": 4451, "ypos": 5126 },
        { "id": 6, "xpos": 3945, "ypos": 5126 },
        { "id": 7, "xpos": 1232, "ypos": 5120 },
        { "id": 61, "xpos": 4789, "ypos": 5117 },
        { "id": 61, "xpos": 4853, "ypos": 5114 },
        { "id": 61, "xpos": 4172, "ypos": 5104 },
        { "id": 61, "xpos": 4151, "ypos": 5104 },
        { "id": 62, "xpos": 4252, "ypos": 5104 },
        { "id": 62, "xpos": 4112, "ypos": 5104 },
        { "id": 61, "xpos": 4625, "ypos": 5103 },
        { "id": 6, "xpos": 4538, "ypos": 5096 },
        { "id": 6, "xpos": 4030, "ypos": 5096 },
        { "id": 4, "xpos": 4282, "ypos": 5095 },
        { "id": 7, "xpos": 3469, "ypos": 5086 },
        { "id": 7, "xpos": 2927, "ypos": 5086 },
        { "id": 61, "xpos": 4712, "ypos": 5074 },
        { "id": 61, "xpos": 4699, "ypos": 5074 },
        { "id": 6, "xpos": 4621, "ypos": 5066 },
        { "id": 6, "xpos": 4113, "ypos": 5066 },
        { "id": 4, "xpos": 4198, "ypos": 5066 },
        { "id": 61, "xpos": 4789, "ypos": 5043 },
        { "id": 61, "xpos": 4853, "ypos": 5042 },
        { "id": 6, "xpos": 4705, "ypos": 5036 },
        { "id": 7, "xpos": 5061, "ypos": 5005 },
        { "id": 8, "xpos": 4933, "ypos": 5004 },
        { "id": 0, "xpos": 4789, "ypos": 5004 },
        { "id": 7, "xpos": 1232, "ypos": 4993 },
        { "id": 61, "xpos": 5189, "ypos": 4972 },
        { "id": 7, "xpos": 2927, "ypos": 4959 },
        { "id": 61, "xpos": 5189, "ypos": 4898 },
        { "id": 7, "xpos": 5061, "ypos": 4877 },
        { "id": 8, "xpos": 4933, "ypos": 4877 },
        { "id": 7, "xpos": 1232, "ypos": 4866 },
        { "id": 7, "xpos": 2927, "ypos": 4832 },
        { "id": 61, "xpos": 5831, "ypos": 4825 },
        { "id": 61, "xpos": 5189, "ypos": 4824 },
        { "id": 61, "xpos": 5348, "ypos": 4824 },
        { "id": 61, "xpos": 5428, "ypos": 4824 },
        { "id": 61, "xpos": 5508, "ypos": 4824 },
        { "id": 61, "xpos": 5588, "ypos": 4824 },
        { "id": 61, "xpos": 5626, "ypos": 4824 },
        { "id": 61, "xpos": 5269, "ypos": 4823 },
        { "id": 7, "xpos": 3181, "ypos": 4778 },
        { "id": 7, "xpos": 3471, "ypos": 4777 },
        { "id": 61, "xpos": 5831, "ypos": 4757 },
        { "id": 7, "xpos": 5703, "ypos": 4750 },
        { "id": 61, "xpos": 5189, "ypos": 4750 },
        { "id": 61, "xpos": 5269, "ypos": 4750 },
        { "id": 61, "xpos": 5349, "ypos": 4750 },
        { "id": 61, "xpos": 5429, "ypos": 4750 },
        { "id": 61, "xpos": 5509, "ypos": 4750 },
        { "id": 61, "xpos": 5589, "ypos": 4750 },
        { "id": 61, "xpos": 5624, "ypos": 4750 },
        { "id": 7, "xpos": 5061, "ypos": 4749 },
        { "id": 7, "xpos": 1232, "ypos": 4740 },
        { "id": 1, "xpos": 1169, "ypos": 4739 },
        { "id": 1, "xpos": 1217, "ypos": 4739 },
        { "id": 1, "xpos": 1280, "ypos": 4739 },
        { "id": 0, "xpos": 5559, "ypos": 4711 },
        { "id": 0, "xpos": 5540, "ypos": 4711 },
        { "id": 0, "xpos": 5454, "ypos": 4711 },
        { "id": 0, "xpos": 5374, "ypos": 4711 },
        { "id": 0, "xpos": 5279, "ypos": 4711 },
        { "id": 0, "xpos": 5189, "ypos": 4711 },
        { "id": 7, "xpos": 2927, "ypos": 4706 },
        { "id": 61, "xpos": 5831, "ypos": 4685 },
        { "id": 61, "xpos": 5910, "ypos": 4685 },
        { "id": 61, "xpos": 5985, "ypos": 4685 },
        { "id": 61, "xpos": 6065, "ypos": 4685 },
        { "id": 7, "xpos": 3181, "ypos": 4650 },
        { "id": 7, "xpos": 3471, "ypos": 4649 },
        { "id": 7, "xpos": 5703, "ypos": 4622 },
        { "id": 7, "xpos": 5061, "ypos": 4621 },
        { "id": 7, "xpos": 1232, "ypos": 4613 },
        { "id": 61, "xpos": 5831, "ypos": 4612 },
        { "id": 61, "xpos": 5900, "ypos": 4611 },
        { "id": 61, "xpos": 5975, "ypos": 4611 },
        { "id": 61, "xpos": 6055, "ypos": 4611 },
        { "id": 61, "xpos": 6135, "ypos": 4611 },
        { "id": 61, "xpos": 6150, "ypos": 4611 },
        { "id": 61, "xpos": 5831, "ypos": 4610 },
        { "id": 61, "xpos": 6230, "ypos": 4594 },
        { "id": 61, "xpos": 6308, "ypos": 4594 },
        { "id": 61, "xpos": 6386, "ypos": 4594 },
        { "id": 61, "xpos": 6467, "ypos": 4594 },
        { "id": 61, "xpos": 6547, "ypos": 4594 },
        { "id": 61, "xpos": 6628, "ypos": 4594 },
        { "id": 61, "xpos": 6709, "ypos": 4594 },
        { "id": 61, "xpos": 6788, "ypos": 4594 },
        { "id": 61, "xpos": 6868, "ypos": 4594 },
        { "id": 61, "xpos": 6889, "ypos": 4594 },
        { "id": 7, "xpos": 2927, "ypos": 4579 },
        { "id": 6, "xpos": 5974, "ypos": 4575 },
        { "id": 62, "xpos": 6060, "ypos": 4574 },
        { "id": 62, "xpos": 6099, "ypos": 4574 },
        { "id": 62, "xpos": 6139, "ypos": 4574 },
        { "id": 62, "xpos": 6178, "ypos": 4574 },
        { "id": 62, "xpos": 6190, "ypos": 4574 },
        { "id": 0, "xpos": 5831, "ypos": 4572 },
        { "id": 62, "xpos": 6141, "ypos": 4553 },
        { "id": 62, "xpos": 6176, "ypos": 4553 },
        { "id": 62, "xpos": 6190, "ypos": 4553 },
        { "id": 6, "xpos": 6058, "ypos": 4545 },
        { "id": 8, "xpos": 4933, "ypos": 4540 },
        { "id": 7, "xpos": 3181, "ypos": 4522 },
        { "id": 61, "xpos": 6230, "ypos": 4521 },
        { "id": 61, "xpos": 6310, "ypos": 4521 },
        { "id": 61, "xpos": 6390, "ypos": 4521 },
        { "id": 61, "xpos": 6470, "ypos": 4521 },
        { "id": 61, "xpos": 6550, "ypos": 4521 },
        { "id": 61, "xpos": 6630, "ypos": 4521 },
        { "id": 61, "xpos": 6710, "ypos": 4521 },
        { "id": 61, "xpos": 6790, "ypos": 4521 },
        { "id": 61, "xpos": 6870, "ypos": 4521 },
        { "id": 61, "xpos": 6889, "ypos": 4521 },
        { "id": 7, "xpos": 3471, "ypos": 4521 },
        { "id": 6, "xpos": 6143, "ypos": 4515 },
        { "id": 7, "xpos": 5703, "ypos": 4494 },
        { "id": 7, "xpos": 5061, "ypos": 4493 },
        { "id": 7, "xpos": 1232, "ypos": 4486 },
        { "id": 0, "xpos": 6224, "ypos": 4483 },
        { "id": 0, "xpos": 6360, "ypos": 4483 },
        { "id": 0, "xpos": 6485, "ypos": 4483 },
        { "id": 0, "xpos": 6600, "ypos": 4483 },
        { "id": 0, "xpos": 6700, "ypos": 4483 },
        { "id": 0, "xpos": 6825, "ypos": 4483 },
        { "id": 7, "xpos": 3181, "ypos": 4394 },
        { "id": 7, "xpos": 3471, "ypos": 4393 },
        { "id": 7, "xpos": 1232, "ypos": 4359 },
        { "id": 7, "xpos": 3181, "ypos": 4266 },
        { "id": 7, "xpos": 3471, "ypos": 4265 },
        { "id": 7, "xpos": 3738, "ypos": 4140 },
        { "id": 7, "xpos": 3471, "ypos": 4137 },
        { "id": 7, "xpos": 3438, "ypos": 4137 },
        { "id": 7, "xpos": 3310, "ypos": 4137 },
        { "id": 7, "xpos": 3182, "ypos": 4137 },
        { "id": 7, "xpos": 3054, "ypos": 4137 },
        { "id": 7, "xpos": 2927, "ypos": 4137 },
        { "id": 7, "xpos": 6793, "ypos": 3656 },
        { "id": 7, "xpos": 4761, "ypos": 3604 },
        { "id": 5, "xpos": 415, "ypos": 6001 },
        { "id": 3, "xpos": 328, "ypos": 6001 },
        { "id": 5, "xpos": 828, "ypos": 5970 },
        { "id": 5, "xpos": 914, "ypos": 5940 },
        { "id": 5, "xpos": 1001, "ypos": 5910 },
        { "id": 33, "xpos": 2546, "ypos": 5676 },
        { "id": 33, "xpos": 2102, "ypos": 5676 },
        { "id": 59, "xpos": 2016, "ypos": 5676 },
        { "id": 39, "xpos": 2639, "ypos": 5653 },
        { "id": 39, "xpos": 2198, "ypos": 5652 },
        { "id": 57, "xpos": 1989, "ypos": 5648 },
        { "id": 35, "xpos": 2596, "ypos": 5647 },
        { "id": 35, "xpos": 2153, "ypos": 5647 },
        { "id": 54, "xpos": 1938, "ypos": 5645 },
        { "id": 37, "xpos": 2623, "ypos": 5598 },
        { "id": 39, "xpos": 2639, "ypos": 5597 },
        { "id": 55, "xpos": 1973, "ypos": 5597 },
        { "id": 54, "xpos": 1938, "ypos": 5597 },
        { "id": 39, "xpos": 2198, "ypos": 5596 },
        { "id": 37, "xpos": 2182, "ypos": 5596 },
        { "id": 39, "xpos": 2639, "ypos": 5542 },
        { "id": 54, "xpos": 1938, "ypos": 5541 },
        { "id": 39, "xpos": 2198, "ypos": 5540 },
        { "id": 52, "xpos": 1973, "ypos": 5490 },
        { "id": 40, "xpos": 2182, "ypos": 5489 },
        { "id": 54, "xpos": 1938, "ypos": 5485 },
        { "id": 39, "xpos": 2198, "ypos": 5484 },
        { "id": 50, "xpos": 1988, "ypos": 5461 },
        { "id": 42, "xpos": 2153, "ypos": 5460 },
        { "id": 44, "xpos": 2104, "ypos": 5445 },
        { "id": 48, "xpos": 2015, "ypos": 5445 },
        { "id": 54, "xpos": 1938, "ypos": 5445 },
        { "id": 39, "xpos": 2198, "ypos": 5442 },
        { "id": 5, "xpos": 3858, "ypos": 5125 },
        { "id": 5, "xpos": 4451, "ypos": 5095 },
        { "id": 3, "xpos": 4368, "ypos": 5095 },
        { "id": 5, "xpos": 3943, "ypos": 5095 },
        { "id": 5, "xpos": 4535, "ypos": 5065 },
        { "id": 3, "xpos": 4284, "ypos": 5065 },
        { "id": 5, "xpos": 4026, "ypos": 5065 },
        { "id": 3, "xpos": 4196, "ypos": 5035 },
        { "id": 5, "xpos": 4619, "ypos": 5035 },
        { "id": 5, "xpos": 4111, "ypos": 5035 },
        { "id": 5, "xpos": 4702, "ypos": 5005 },
        { "id": 5, "xpos": 5974, "ypos": 4544 },
        { "id": 5, "xpos": 6058, "ypos": 4514 },
        { "id": 5, "xpos": 6143, "ypos": 4484 },
        { "id": 28, "xpos": 170, "ypos": 5952 },
        { "id": 20, "xpos": 82, "ypos": 5938 },
        { "id": 23, "xpos": 753, "ypos": 5936 },
        { "id": 23, "xpos": 607, "ypos": 5936 },
        { "id": 24, "xpos": 488, "ypos": 5929 },
        { "id": 27, "xpos": 332, "ypos": 5872 },
        { "id": 27, "xpos": 196, "ypos": 5848 },
        { "id": 27, "xpos": 454, "ypos": 5848 },
        { "id": 27, "xpos": 8, "ypos": 5846 },
        { "id": 27, "xpos": 872, "ypos": 5819 },
        { "id": 26, "xpos": 1047, "ypos": 5694 },
        { "id": 58, "xpos": 1998, "ypos": 5677 },
        { "id": 34, "xpos": 2597, "ypos": 5676 },
        { "id": 34, "xpos": 2153, "ypos": 5676 },
        { "id": 56, "xpos": 1975, "ypos": 5648 },
        { "id": 36, "xpos": 2625, "ypos": 5647 },
        { "id": 36, "xpos": 2182, "ypos": 5647 },
        { "id": 60, "xpos": 1973, "ypos": 5598 },
        { "id": 38, "xpos": 2104, "ypos": 5597 },
        { "id": 38, "xpos": 2545, "ypos": 5596 },
        { "id": 26, "xpos": 1150, "ypos": 5559 },
        { "id": 27, "xpos": 2340, "ypos": 5538 },
        { "id": 27, "xpos": 1690, "ypos": 5538 },
        { "id": 27, "xpos": 1530, "ypos": 5538 },
        { "id": 51, "xpos": 1974, "ypos": 5471 },
        { "id": 41, "xpos": 2182, "ypos": 5469 },
        { "id": 49, "xpos": 1996, "ypos": 5447 },
        { "id": 43, "xpos": 2154, "ypos": 5446 },
        { "id": 53, "xpos": 1973, "ypos": 5444 },
        { "id": 45, "xpos": 2102, "ypos": 5444 },
        { "id": 30, "xpos": 2862, "ypos": 5382 },
        { "id": 26, "xpos": 1, "ypos": 5304 },
        { "id": 26, "xpos": 142, "ypos": 5304 },
        { "id": 26, "xpos": 2756, "ypos": 5216 },
        { "id": 19, "xpos": 4946, "ypos": 5144 },
        { "id": 20, "xpos": 3758, "ypos": 5096 },
        { "id": 24, "xpos": 3613, "ypos": 5082 },
        { "id": 24, "xpos": 3384, "ypos": 5080 },
        { "id": 24, "xpos": 3184, "ypos": 5080 },
        { "id": 24, "xpos": 3084, "ypos": 5080 },
        { "id": 24, "xpos": 4320, "ypos": 5024 },
        { "id": 24, "xpos": 4011, "ypos": 5023 },
        { "id": 19, "xpos": 4931, "ypos": 5022 },
        { "id": 24, "xpos": 4710, "ypos": 4963 },
        { "id": 20, "xpos": 4779, "ypos": 4948 },
        { "id": 26, "xpos": 3633, "ypos": 4941 },
        { "id": 26, "xpos": 3915, "ypos": 4914 },
        { "id": 26, "xpos": 4539, "ypos": 4894 },
        { "id": 26, "xpos": 4293, "ypos": 4894 },
        { "id": 19, "xpos": 4953, "ypos": 4890 },
        { "id": 26, "xpos": 4140, "ypos": 4828 },
        { "id": 24, "xpos": 4969, "ypos": 4805 },
        { "id": 26, "xpos": 4807, "ypos": 4794 },
        { "id": 19, "xpos": 4947, "ypos": 4667 },
        { "id": 22, "xpos": 5501, "ypos": 4610 },
        { "id": 22, "xpos": 5296, "ypos": 4610 },
        { "id": 19, "xpos": 4949, "ypos": 4557 },
        { "id": 31, "xpos": 3022, "ypos": 4531 },
        { "id": 24, "xpos": 2950, "ypos": 4507 },
        { "id": 23, "xpos": 4969, "ypos": 4477 },
        { "id": 23, "xpos": 5728, "ypos": 4431 },
        { "id": 23, "xpos": 5092, "ypos": 4430 },
        { "id": 20, "xpos": 6810, "ypos": 4427 },
        { "id": 27, "xpos": 5848, "ypos": 4418 },
        { "id": 26, "xpos": 5987, "ypos": 4405 },
        { "id": 22, "xpos": 6208, "ypos": 4381 },
        { "id": 22, "xpos": 6343, "ypos": 4381 },
        { "id": 22, "xpos": 6458, "ypos": 4381 },
        { "id": 22, "xpos": 6573, "ypos": 4381 },
        { "id": 26, "xpos": 6106, "ypos": 4336 },
        { "id": 27, "xpos": 6627, "ypos": 4327 },
        { "id": 26, "xpos": 6381, "ypos": 4306 },
        { "id": 26, "xpos": 6859, "ypos": 4278 },
        { "id": 26, "xpos": 6501, "ypos": 4274 },
        { "id": 26, "xpos": 6240, "ypos": 4268 },
        { "id": 21, "xpos": 96, "ypos": 5936 },
        { "id": 21, "xpos": 96, "ypos": 5872 },
        { "id": 9, "xpos": 690, "ypos": 5828 },
        { "id": 9, "xpos": 577, "ypos": 5828 },
        { "id": 21, "xpos": 96, "ypos": 5808 },
        { "id": 21, "xpos": 96, "ypos": 5744 },
        { "id": 21, "xpos": 96, "ypos": 5681 },
        { "id": 9, "xpos": 1348, "ypos": 5529 },
        { "id": 9, "xpos": 1232, "ypos": 5520 },
        { "id": 9, "xpos": 1232, "ypos": 5490 },
        { "id": 21, "xpos": 3772, "ypos": 5089 },
        { "id": 21, "xpos": 3772, "ypos": 5025 },
        { "id": 9, "xpos": 3474, "ypos": 4983 },
        { "id": 9, "xpos": 3350, "ypos": 4983 },
        { "id": 9, "xpos": 3265, "ypos": 4983 },
        { "id": 9, "xpos": 3160, "ypos": 4983 },
        { "id": 9, "xpos": 3049, "ypos": 4983 },
        { "id": 21, "xpos": 3772, "ypos": 4963 },
        { "id": 21, "xpos": 4794, "ypos": 4940 },
        { "id": 21, "xpos": 3772, "ypos": 4899 },
        { "id": 21, "xpos": 4794, "ypos": 4877 },
        { "id": 9, "xpos": 3049, "ypos": 4858 },
        { "id": 21, "xpos": 3772, "ypos": 4836 },
        { "id": 9, "xpos": 3089, "ypos": 4823 },
        { "id": 9, "xpos": 3194, "ypos": 4823 },
        { "id": 9, "xpos": 3274, "ypos": 4823 },
        { "id": 9, "xpos": 3364, "ypos": 4823 },
        { "id": 9, "xpos": 3474, "ypos": 4823 },
        { "id": 21, "xpos": 4794, "ypos": 4813 },
        { "id": 21, "xpos": 3772, "ypos": 4772 },
        { "id": 9, "xpos": 3049, "ypos": 4758 },
        { "id": 21, "xpos": 4794, "ypos": 4749 },
        { "id": 21, "xpos": 3772, "ypos": 4709 },
        { "id": 21, "xpos": 4794, "ypos": 4685 },
        { "id": 9, "xpos": 3047, "ypos": 4655 },
        { "id": 9, "xpos": 3401, "ypos": 4654 },
        { "id": 9, "xpos": 3321, "ypos": 4654 },
        { "id": 9, "xpos": 3221, "ypos": 4654 },
        { "id": 9, "xpos": 3111, "ypos": 4654 },
        { "id": 9, "xpos": 3474, "ypos": 4652 },
        { "id": 21, "xpos": 3772, "ypos": 4646 },
        { "id": 21, "xpos": 4794, "ypos": 4621 },
        { "id": 21, "xpos": 3772, "ypos": 4584 },
        { "id": 9, "xpos": 3146, "ypos": 4572 },
        { "id": 9, "xpos": 3050, "ypos": 4571 },
        { "id": 21, "xpos": 4794, "ypos": 4557 },
        { "id": 9, "xpos": 3223, "ypos": 4541 },
        { "id": 9, "xpos": 3318, "ypos": 4541 },
        { "id": 9, "xpos": 3403, "ypos": 4541 },
        { "id": 9, "xpos": 3475, "ypos": 4531 },
        { "id": 21, "xpos": 3772, "ypos": 4520 },
        { "id": 21, "xpos": 4794, "ypos": 4493 },
        { "id": 21, "xpos": 3772, "ypos": 4456 },
        { "id": 21, "xpos": 4794, "ypos": 4429 },
        { "id": 21, "xpos": 6826, "ypos": 4419 },
        { "id": 9, "xpos": 2927, "ypos": 4409 },
        { "id": 9, "xpos": 3156, "ypos": 4401 },
        { "id": 9, "xpos": 3046, "ypos": 4400 },
        { "id": 21, "xpos": 3772, "ypos": 4395 },
        { "id": 9, "xpos": 3360, "ypos": 4385 },
        { "id": 9, "xpos": 3440, "ypos": 4385 },
        { "id": 9, "xpos": 3270, "ypos": 4381 },
        { "id": 9, "xpos": 3475, "ypos": 4381 },
        { "id": 21, "xpos": 4794, "ypos": 4366 },
        { "id": 21, "xpos": 6826, "ypos": 4356 },
        { "id": 21, "xpos": 3772, "ypos": 4332 },
        { "id": 21, "xpos": 4794, "ypos": 4302 },
        { "id": 21, "xpos": 6826, "ypos": 4292 },
        { "id": 21, "xpos": 3772, "ypos": 4268 },
        { "id": 9, "xpos": 3364, "ypos": 4262 },
        { "id": 9, "xpos": 3475, "ypos": 4262 },
        { "id": 9, "xpos": 2927, "ypos": 4239 },
        { "id": 9, "xpos": 3047, "ypos": 4239 },
        { "id": 9, "xpos": 3162, "ypos": 4239 },
        { "id": 9, "xpos": 3277, "ypos": 4239 },
        { "id": 21, "xpos": 4794, "ypos": 4238 },
        { "id": 21, "xpos": 6826, "ypos": 4229 },
        { "id": 21, "xpos": 4794, "ypos": 4175 },
        { "id": 21, "xpos": 6826, "ypos": 4166 },
        { "id": 21, "xpos": 4794, "ypos": 4111 },
        { "id": 21, "xpos": 6826, "ypos": 4102 },
        { "id": 21, "xpos": 4794, "ypos": 4047 },
        { "id": 21, "xpos": 6826, "ypos": 4038 },
        { "id": 21, "xpos": 4794, "ypos": 3988 },
        { "id": 21, "xpos": 6826, "ypos": 3975 },
        { "id": 21, "xpos": 4794, "ypos": 3924 },
        { "id": 21, "xpos": 6826, "ypos": 3911 },
        { "id": 21, "xpos": 4794, "ypos": 3860 },
        { "id": 21, "xpos": 6826, "ypos": 3847 },
        { "id": 21, "xpos": 4794, "ypos": 3796 },
        { "id": 21, "xpos": 6826, "ypos": 3783 },
        { "id": 21, "xpos": 4794, "ypos": 3732 }
    ],
    "itemlist": [
        { "id": 0, "xpos": 1796, "ypos": 5672 },
        { "id": 0, "xpos": 1711, "ypos": 5672 },
        { "id": 0, "xpos": 1636, "ypos": 5672 },
        { "id": 0, "xpos": 1566, "ypos": 5672 },
        { "id": 0, "xpos": 1501, "ypos": 5672 },
        { "id": 0, "xpos": 417, "ypos": 6010 },
        { "id": 0, "xpos": 215, "ypos": 5980 },
        { "id": 0, "xpos": 132, "ypos": 5980 },
        { "id": 0, "xpos": 549, "ypos": 5980 },
        { "id": 0, "xpos": 302, "ypos": 5979 },
        { "id": 23, "xpos": 5062, "ypos": 4515 },
        { "id": 30, "xpos": 5797, "ypos": 4493 },
        { "id": 0, "xpos": 4903, "ypos": 4515 },
        { "id": 0, "xpos": 4901, "ypos": 4611 },
        { "id": 0, "xpos": 2904, "ypos": 5132 },
        { "id": 0, "xpos": 4900, "ypos": 4700 },
        { "id": 0, "xpos": 4902, "ypos": 4775 },
        { "id": 0, "xpos": 4902, "ypos": 4840 },
        { "id": 0, "xpos": 4902, "ypos": 4905 },
        { "id": 0, "xpos": 4902, "ypos": 4975 },
        { "id": 0, "xpos": 3078, "ypos": 5130 },
        { "id": 0, "xpos": 2906, "ypos": 5033 },
        { "id": 0, "xpos": 2906, "ypos": 4882 },
        { "id": 0, "xpos": 3074, "ypos": 5035 },
        { "id": 0, "xpos": 3074, "ypos": 4880 },
        { "id": 0, "xpos": 3074, "ypos": 4730 },
        { "id": 0, "xpos": 3074, "ypos": 4595 },
        { "id": 0, "xpos": 2903, "ypos": 4593 },
        { "id": 0, "xpos": 2903, "ypos": 4733 },
        { "id": 0, "xpos": 2903, "ypos": 5218 },
        { "id": 0, "xpos": 2903, "ypos": 5318 },
        { "id": 0, "xpos": 2617, "ypos": 5375 },
        { "id": 0, "xpos": 2618, "ypos": 5470 },
        { "id": 0, "xpos": 2618, "ypos": 5558 },
        { "id": 31, "xpos": 6767, "ypos": 4481 },
        { "id": 27, "xpos": 3263, "ypos": 5153 },
        { "id": 20, "xpos": 1133, "ypos": 5907 },
        { "id": 17, "xpos": 2070, "ypos": 5445 },
        { "id": 19, "xpos": 2262, "ypos": 5353 },
        { "id": 19, "xpos": 2262, "ypos": 5425 },
        { "id": 19, "xpos": 2262, "ypos": 5505 },
        { "id": 19, "xpos": 2262, "ypos": 5565 },
        { "id": 19, "xpos": 2262, "ypos": 5625 },
        { "id": 19, "xpos": 1880, "ypos": 5626 },
        { "id": 19, "xpos": 1880, "ypos": 5541 },
        { "id": 19, "xpos": 1880, "ypos": 5466 },
        { "id": 19, "xpos": 1880, "ypos": 5386 },
        { "id": 18, "xpos": 2232, "ypos": 5439 },
        { "id": 18, "xpos": 2232, "ypos": 5524 },
        { "id": 18, "xpos": 2232, "ypos": 5599 },
        { "id": 16, "xpos": 1910, "ypos": 5449 },
        { "id": 16, "xpos": 1910, "ypos": 5519 },
        { "id": 16, "xpos": 1910, "ypos": 5599 },
        { "id": 25, "xpos": 1289, "ypos": 5691 },
        { "id": 26, "xpos": 1435, "ypos": 5627 },
        { "id": 25, "xpos": 3375, "ypos": 5152 },
        { "id": 22, "xpos": 5188, "ypos": 4695 },
        { "id": 23, "xpos": 5704, "ypos": 4695 },
        { "id": 21, "xpos": 2449, "ypos": 5692 },
        { "id": 6, "xpos": 28, "ypos": 5515 },
        { "id": 1, "xpos": 6857, "ypos": 3657 },
        { "id": 2, "xpos": 2085, "ypos": 5395 },
        { "id": 19, "xpos": 2231, "ypos": 5346 },
        { "id": 19, "xpos": 1909, "ypos": 5356 }
    ],
    "enemylist": [
        { "id": 4, "xpos": 4465, "ypos": 5021 },
        { "id": 0, "xpos": 2740, "ypos": 5418 },
        { "id": 1, "xpos": 3114, "ypos": 4652 },
        { "id": 2, "xpos": 3538, "ypos": 5019 },
        { "id": 2, "xpos": 709, "ypos": 5936 }
    ]
}
